square,total_internet_activity,observed_intervals,coverage
5161,12682672.860867979,8784,1.0
5059,11091868.876526536,8784,1.0
5259,10436792.131817942,8784,1.0
5061,9511351.257577104,8784,1.0
5258,8673197.7938598,8784,1.0
5159,8652154.568200514,8784,1.0
6064,8606663.04374646,8784,1.0
4855,8446619.064305365,8784,1.0
4856,8188750.417558247,8784,1.0
5262,8131038.148635911,8784,1.0
5857,8081688.204877907,8784,1.0
6058,7888913.834128894,8784,1.0
4956,7833599.8161044065,8784,1.0
4459,7723749.964331178,8784,1.0
5256,7595543.479829717,8784,1.0
5162,7418408.23431907,8784,1.0
4857,7203931.004310708,8784,1.0
4755,7159544.313152678,8784,1.0
5567,7058026.001801796,8784,1.0
5758,7016018.788861607,8784,1.0
6169,6969862.995792806,8784,1.0
5263,6909599.193461747,8784,1.0
5163,6893983.0677972445,8784,1.0
4955,6860571.750101013,8784,1.0
4961,6849274.7215241995,8784,1.0
5957,6810627.743342543,8784,1.0
6065,6655551.548236901,8784,1.0
5261,6512206.848682466,8784,1.0
5255,6474813.351302256,8784,1.0
6165,6327096.185466026,8784,1.0
5156,6326759.952931775,8784,1.0
4457,6277469.601187949,8784,1.0
6260,6276052.997594587,8784,1.0
5965,6140489.9114155555,8784,1.0
4761,6117329.365352799,8784,1.0
4754,6052865.682948789,8784,1.0
4654,6020334.71080527,8784,1.0
5361,6015610.751755179,8784,1.0
5967,5941257.884710241,8784,1.0
4959,5905381.3436205825,8784,1.0
5959,5869038.687904719,8784,1.0
4957,5808616.655192471,8784,1.0
4854,5808219.390300394,8784,1.0
5158,5746471.17557859,8784,1.0
5854,5651349.303802093,8784,1.0
4655,5641856.552394816,8784,1.0
4456,5635231.63451786,8784,1.0
5954,5624976.5234605735,8784,1.0
6067,5606114.502033131,8784,1.0
5467,5582036.838197282,8784,1.0
4861,5572470.822541097,8784,1.0
6164,5551456.968618604,8784,1.0
5964,5461193.072949006,8784,1.0
5955,5422713.274417684,8784,1.0
4762,5370955.018406276,8784,1.0
5359,5364460.5607243655,8784,1.0
4653,5353697.873013599,8784,1.0
4462,5345356.270952889,8784,1.0
5367,5301672.817776227,8784,1.0
5458,5298173.949135217,8784,1.0
5856,5283126.182210427,8784,1.0
5160,5273357.349909651,8784,1.0
6066,5272849.9762383625,8784,1.0
4758,5272677.650101332,8784,1.0
5155,5264065.554692546,8784,1.0
5360,5263656.452051923,8784,1.0
4559,5241505.672423486,8784,1.0
6068,5224447.596120021,8784,1.0
5963,5203152.733735316,8784,1.0
4958,5197073.999901521,8784,1.0
6063,5194349.577962812,8784,1.0
4756,5169954.307054988,8784,1.0
4759,5169350.509260502,8784,1.0
4968,5167331.116795544,8784,1.0
5068,5148592.379320543,8784,1.0
4460,5125263.3109043855,8784,1.0
5056,5097144.089752645,8784,1.0
5968,5074799.931567596,8784,1.0
5062,5068482.892539384,8784,1.0
5157,5049242.0552242985,8784,1.0
5461,5045378.196672647,8784,1.0
5349,5022491.908370572,8784,1.0
4954,5007301.681213269,8784,1.0
5063,4977614.171849681,8784,1.0
6059,4956077.006582568,8784,1.0
4962,4953706.263190029,8784,1.0
4760,4938717.927141636,8784,1.0
5260,4937153.064819584,8784,1.0
4948,4921710.398155353,8784,1.0
6268,4892222.697926118,8784,1.0
4757,4865586.865492087,8784,1.0
5060,4830094.587664864,8784,1.0
4648,4813672.640382828,8784,1.0
4960,4774532.700606374,8784,1.0
5958,4736039.786316583,8784,1.0
5568,4733339.213234009,8784,1.0
5358,4713627.662648208,8784,1.0
5154,4706999.104570367,8784,1.0
5257,4679712.030289611,8784,1.0
6269,4678337.808312962,8784,1.0
5858,4666079.092048991,8784,1.0
5254,4646315.241996953,8784,1.0
5765,4616020.243760827,8784,1.0
4860,4610600.179460283,8784,1.0
4656,4585369.548511987,8784,1.0
4256,4577738.319196726,8784,1.0
5252,4558749.149099292,8784,1.0
5055,4554477.683920156,8784,1.0
6264,4540540.424890756,8784,1.0
4556,4537459.802958952,8784,1.0
4660,4529549.504249152,8784,1.0
5861,4492129.741223782,8784,1.0
4659,4469170.534509135,8784,1.0
4554,4468259.992964198,8784,1.0
5248,4464742.718711053,8784,1.0
5966,4456824.384190793,8784,1.0
5148,4456342.084636787,8784,1.0
5658,4447877.1036866065,8784,1.0
6069,4447032.729436386,8784,1.0
4853,4439562.915423879,8784,1.0
5862,4437402.349229648,8784,1.0
5460,4396181.162329306,8784,1.0
4858,4392254.67673798,8784,1.0
5766,4384161.844684205,8784,1.0
4458,4338027.264190378,8784,1.0
5855,4336915.616459948,8784,1.0
4555,4325125.594191377,8784,1.0
5956,4322383.418375679,8784,1.0
6158,4321277.078421103,8784,1.0
5757,4291056.223346077,8784,1.0
5147,4273723.733743833,8784,1.0
5659,4261941.65199475,8784,1.0
5072,4244923.653702042,8784,1.0
4548,4240376.333078437,8784,1.0
5566,4209139.111365142,8784,1.0
5151,4204535.848698349,8784,1.0
4953,4194202.0863008564,8784,1.0
5752,4181638.0439829133,8784,1.0
4553,4178943.0128817763,8784,1.0
4257,4175293.5291705937,8784,1.0
4560,4168490.9232829665,8784,1.0
4859,4141771.793201354,8784,1.0
6674,4114889.55128728,8784,1.0
5667,4113277.3466976993,8784,1.0
4558,4109493.7118429258,8784,1.0
4753,4103362.922665271,8784,1.0
5867,4095145.4123095325,8784,1.0
5866,4070473.409737778,8784,1.0
5368,4058557.0790980402,8784,1.0
4967,4041820.647154526,8784,1.0
6345,4030840.053833125,8784,1.0
4362,4021202.67761043,8784,1.0
5268,4016719.5544106276,8784,1.0
5047,4015889.832541096,8784,1.0
6371,4015107.481309343,8784,1.0
5267,4010976.7793676686,8784,1.0
5868,4009978.2095766733,8784,1.0
5562,3988788.2166409637,8784,1.0
5269,3982142.5246173725,8784,1.0
6166,3976805.3309595976,8784,1.0
5053,3971276.3236103687,8784,1.0
6460,3961024.2498747944,8784,1.0
5962,3950790.110688518,8784,1.0
5058,3927705.046131908,8784,1.0
4461,3901791.462676846,8784,1.0
5859,3891943.8541472224,8784,1.0
6265,3890923.8537189094,8784,1.0
5860,3887753.1282484727,8784,1.0
4359,3885074.349560243,8784,1.0
5348,3857972.384852138,8784,1.0
6261,3856529.833596848,8784,1.0
4561,3845191.8752078526,8784,1.0
5468,3843879.822304182,8784,1.0
5951,3814469.2693566345,8784,1.0
5251,3810686.847143228,8784,1.0
5769,3800961.789205912,8784,1.0
5767,3790913.708701842,8784,1.0
5753,3786344.9873260558,8784,1.0
7164,3771704.1136328517,8784,1.0
4455,3760287.5450801826,8784,1.0
5073,3746931.2662322987,8784,1.0
6168,3744752.2186842854,8784,1.0
5559,3732848.2993221735,8784,1.0
4661,3729431.6918080505,8784,1.0
5960,3729029.2766030557,8784,1.0
5754,3727355.6781496666,8784,1.0
5670,3723738.168728859,8784,1.0
6050,3721203.9840006838,8784,1.0
4156,3719546.8180561364,8784,1.0
5969,3681737.6043997644,8784,1.0
6374,3662796.927666206,8784,1.0
4363,3659223.7590601123,8784,1.0
4652,3652112.3518071896,8784,1.0
4355,3641495.082808099,8784,1.0
4557,3634131.1769929198,8784,1.0
6151,3624766.580663678,8784,1.0
5662,3614561.9657988413,8784,1.0
5772,3612463.2131052963,8784,1.0
5770,3612357.249553989,8784,1.0
6162,3609211.288852531,8784,1.0
5953,3604357.2817829447,8784,1.0
4155,3599379.6468228074,8784,1.0
6051,3579847.42511889,8784,1.0
6375,3561538.0761578013,8784,1.0
4647,3554373.055293852,8784,1.0
5152,3530737.396904891,8784,1.0
5668,3529544.8352255467,8784,1.0
5560,3526186.1932284124,8784,1.0
5853,3523939.473580665,8784,1.0
5249,3523664.490752308,8784,1.0
6772,3518986.7423247197,8784,1.0
5952,3511219.874816237,8784,1.0
5069,3498934.900299279,8784,1.0
5270,3495661.600540243,8784,1.0
5048,3483063.148666941,8784,1.0
4972,3471754.1618965077,8784,1.0
5164,3470387.6864109593,8784,1.0
5168,3468812.6028370373,8784,1.0
5759,3465443.516071353,8784,1.0
5170,3460839.4956895276,8784,1.0
5146,3460177.8953645267,8784,1.0
4849,3456057.451722568,8784,1.0
6372,3452553.4993690713,8784,1.0
4356,3452499.8484229515,8784,1.0
4255,3441645.732717534,8784,1.0
4862,3437850.2559712664,8784,1.0
4662,3427140.261763385,8784,1.0
4658,3415987.5263241497,8784,1.0
5561,3413824.014776629,8784,1.0
5761,3402977.3236808535,8784,1.0
4547,3388553.5276447386,8784,1.0
5669,3387973.5010365006,8784,1.0
5872,3377609.013729893,8784,1.0
4160,3375346.1298361924,8784,1.0
4364,3371671.8712640754,8784,1.0
6368,3371241.5250413204,8784,1.0
5453,3369511.318750774,8784,1.0
5661,3366642.5236917417,8784,1.0
4651,3356994.8130515004,8784,1.0
4969,3324672.546101573,8784,1.0
4949,3315435.412370757,8784,1.0
5462,3313372.0265788403,8784,1.0
6149,3306492.3283572774,8784,1.0
5169,3306052.6982514495,8784,1.0
5057,3301631.767253715,8784,1.0
5449,3300717.0596749834,8784,1.0
4750,3298044.7152646827,8784,1.0
6274,3296582.6874100575,8784,1.0
4650,3291787.6283733645,8784,1.0
5970,3275059.5122138546,8784,1.0
6070,3273519.667434231,8784,1.0
6167,3259807.3126395466,8784,1.0
5070,3250485.6575559257,8784,1.0
6148,3248263.619757824,8784,1.0
5046,3242788.0703003854,8784,1.0
5363,3241584.912840046,8784,1.0
5773,3225818.35799571,8784,1.0
5459,3224827.006482264,8784,1.0
6060,3224164.6513041127,8784,1.0
5760,3218959.02247536,8784,1.0
6360,3215208.867625272,8784,1.0
6072,3203652.9279616573,8784,1.0
4751,3203012.184990219,8784,1.0
6352,3189071.5980110527,8784,1.0
6358,3169113.640878704,8784,1.0
5869,3167420.3333662855,8784,1.0
4963,3162856.5465865037,8784,1.0
5452,3160336.557590046,8784,1.0
5064,3156210.6529456177,8784,1.0
4260,3155911.9751708508,8784,1.0
6565,3151788.840193068,8784,1.0
4254,3151750.688118792,8784,1.0
6370,3149113.012271268,8784,1.0
5149,3138528.5246754126,8784,1.0
5264,3136633.025107081,8784,1.0
4545,3125218.2335652728,8784,1.0
4546,3117026.4016832053,8784,1.0
6163,3112584.1005349974,8784,1.0
4161,3109202.556685578,8784,1.0
6560,3100191.402815832,8784,1.0
4952,3095059.833856523,8784,1.0
5762,3094483.766130235,8784,1.0
7163,3091961.27077393,8784,1.0
4358,3091526.4277975573,8784,1.0
4154,3067391.737141864,8784,1.0
5172,3067035.6651443252,8784,1.0
5352,3065402.75052855,8784,1.0
5450,3059114.454128976,8784,1.0
5570,3053138.0439760317,8784,1.0
4157,3051324.874534159,8784,1.0
5054,3041370.630339767,8784,1.0
6675,3039556.073193217,8784,1.0
5870,3029746.1734496127,8784,1.0
5971,3028665.7918243743,8784,1.0
4549,3026101.4848139575,8784,1.0
4261,3017454.308498941,8784,1.0
5646,3007933.5594347916,8784,1.0
4874,3005761.8836802132,8784,1.0
4850,3002891.250594569,8784,1.0
5247,3000013.102940369,8784,1.0
5569,2995487.107350028,8784,1.0
5865,2995033.341162489,8784,1.0
4752,2992485.0309886094,8784,1.0
4357,2988927.5853052773,8784,1.0
5370,2987486.2034902666,8784,1.0
5653,2983447.78213704,8784,1.0
3757,2961818.9877167046,8784,1.0
6574,2959073.3048247336,8784,1.0
5362,2952120.6159881353,8784,1.0
5873,2944005.7239607642,8784,1.0
6251,2943616.4716134937,8784,1.0
3856,2943163.976781031,8784,1.0
4354,2941943.23197259,8784,1.0
6270,2936747.885320771,8784,1.0
5768,2934432.499947763,8784,1.0
4068,2928356.4302192843,8784,1.0
5271,2913547.2643547426,8784,1.0
3857,2907888.0801948532,8784,1.0
4446,2898871.1672939495,8784,1.0
6170,2896953.8495090795,8784,1.0
5660,2880394.569920637,8784,1.0
6267,2875869.146837859,8784,1.0
5751,2875214.861154154,8784,1.0
6049,2869743.51594174,8784,1.0
4851,2865576.735632808,8784,1.0
6672,2846457.3469453333,8784,1.0
5351,2841594.016764068,8784,1.0
5950,2838129.4655045928,8784,1.0
5744,2834019.9076778516,8784,1.0
4848,2819724.5838213195,8784,1.0
5652,2812722.671209526,8784,1.0
6073,2808443.097782874,8784,1.0
4657,2807942.176473174,8784,1.0
4847,2799736.9195038173,8784,1.0
4069,2796789.2810992054,8784,1.0
5171,2793491.301742863,8784,1.0
6671,2791768.286026853,8784,1.0
6762,2790302.9476366923,8784,1.0
6452,2788235.4546862184,8784,1.0
5852,2787371.8259779527,8784,1.0
3956,2786898.139452803,8784,1.0
6673,2785510.5524604023,8784,1.0
4168,2783537.5312145445,8784,1.0
6364,2782570.722872897,8784,1.0
5851,2781205.326868522,8784,1.0
6369,2781108.2531423164,8784,1.0
6062,2779108.658763545,8784,1.0
5745,2777188.0429302803,8784,1.0
5052,2775775.184642148,8784,1.0
5372,2762966.8428263795,8784,1.0
6159,2756910.7359542893,8784,1.0
5246,2751763.8869630443,8784,1.0
4747,2746120.2340462543,8784,1.0
5150,2742230.011642507,8784,1.0
4964,2739443.823780644,8784,1.0
6248,2735989.11866939,8784,1.0
6053,2726843.077724719,8784,1.0
4445,2714787.8106999146,8784,1.0
6351,2711341.8619808117,8784,1.0
4552,2702358.3441596488,8784,1.0
4550,2699098.0895701903,8784,1.0
4444,2696547.4519553683,8784,1.0
5071,2692430.318469068,8784,1.0
4349,2683891.6401841547,8784,1.0
5353,2679932.6946561276,8784,1.0
4649,2660509.6860936303,8784,1.0
4852,2660489.6783671477,8784,1.0
6252,2649367.4269557837,8784,1.0
4749,2648451.496194949,8784,1.0
5871,2643801.428072227,8784,1.0
5354,2641096.3517924096,8784,1.0
6249,2634379.2931432957,8784,1.0
4447,2631618.9002463035,8784,1.0
5153,2624511.7700577,8784,1.0
8169,2623157.4040928213,8784,1.0
5350,2622503.761627249,8784,1.0
4551,2615690.301695792,8784,1.0
4453,2612158.839158534,8784,1.0
5369,2605107.336877251,8784,1.0
5961,2590748.868028712,8784,1.0
6266,2590576.051361115,8784,1.0
4971,2590049.3295671865,8784,1.0
6461,2587425.1000682362,8784,1.0
6361,2567951.5717715477,8784,1.0
5756,2561844.864359018,8784,1.0
6262,2556069.674786131,8784,1.0
4060,2550933.642585012,8784,1.0
4454,2549500.833041103,8784,1.0
6359,2548069.2135616355,8784,1.0
5451,2544042.168709094,8784,1.0
5771,2542143.3727381728,8784,1.0
3756,2539035.0379182114,8784,1.0
4562,2538437.235645201,8784,1.0
5546,2533280.3042283566,8784,1.0
6057,2531199.207311674,8784,1.0
5671,2526497.073313825,8784,1.0
5469,2525541.674800939,8784,1.0
5647,2522763.4095763112,8784,1.0
4452,2521416.7397975717,8784,1.0
5049,2518550.877381958,8784,1.0
6445,2517473.166439018,8784,1.0
7064,2513596.8667519717,8784,1.0
5245,2504298.6023346363,8784,1.0
4973,2499142.9864484943,8784,1.0
5644,2497560.0207951823,8784,1.0
6471,2496025.936964051,8784,1.0
9368,2492836.7065797304,8784,1.0
6451,2492143.9968374744,8784,1.0
4544,2491468.296174544,8784,1.0
8762,2491076.2125532087,8784,1.0
4450,2490719.5006131288,8784,1.0
6250,2483173.319530428,8784,1.0
6150,2482828.4992960603,8784,1.0
6263,2478796.0313244746,8784,1.0
4846,2475988.688351654,8784,1.0
6157,2473478.786526634,8784,1.0
6665,2470562.0667167013,8784,1.0
4259,2470454.7408343353,8784,1.0
4059,2465200.385656533,8784,1.0
3957,2458618.774327953,8784,1.0
4463,2444487.906891443,8784,1.0
4258,2443506.0378956967,8784,1.0
4159,2440715.040693959,8784,1.0
3953,2422505.246261841,8784,1.0
6773,2422256.4205360264,8784,1.0
5656,2419920.09400044,8784,1.0
3962,2416437.42248376,8784,1.0
6446,2408379.5388558875,8784,1.0
4748,2404132.6662723096,8784,1.0
5547,2400769.0957935755,8784,1.0
5755,2399714.0649895216,8784,1.0
5250,2399396.0629029097,8784,1.0
5253,2399134.8458315604,8784,1.0
8675,2392363.4331130376,8784,1.0
6271,2388575.5484754676,8784,1.0
5356,2375135.6008627783,8784,1.0
5845,2369410.2571483827,8784,1.0
6557,2361052.2990930304,8784,1.0
6052,2360875.4130360507,8784,1.0
5544,2356536.7282039933,8784,1.0
5643,2352998.833630076,8784,1.0
5654,2350978.1086201933,8784,1.0
6771,2349413.416575118,8784,1.0
3955,2341885.615183501,8784,1.0
6547,2340571.9903325136,8784,1.0
4053,2339505.06079977,8784,1.0
4746,2326588.5466457843,8784,1.0
6459,2321852.319763977,8784,1.0
5067,2313878.657614414,8784,1.0
4169,2307318.4949178817,8784,1.0
5850,2305755.8324291827,8784,1.0
6872,2304671.6338760676,8784,1.0
8371,2304235.0174171096,8784,1.0
4158,2298755.449769153,8784,1.0
5571,2295849.896438745,8784,1.0
6662,2295654.3796883435,8784,1.0
7066,2292937.978958068,8784,1.0
6873,2287171.015097287,8784,1.0
6647,2285043.6288786014,8784,1.0
5371,2282558.1365748844,8784,1.0
4360,2279893.7616555323,8784,1.0
5844,2279859.259954871,8784,1.0
5145,2275396.8424017,8784,1.0
5750,2274998.718551246,8784,1.0
8271,2273758.936874176,8784,1.0
3954,2266570.0821739747,8784,1.0
6350,2263320.529904429,8784,1.0
5143,2262047.712394368,8784,1.0
5545,2255014.6381528084,8784,1.0
5347,2249743.967239204,8784,1.0
5470,2249480.3277652967,8784,1.0
6447,2248582.399978369,8784,1.0
5344,2248050.5923219393,8784,1.0
4449,2247736.4337589596,8784,1.0
6458,2239141.434860416,8784,1.0
6457,2234827.8891663244,8784,1.0
5655,2232611.846009471,8784,1.0
6474,2232415.9958499656,8784,1.0
3869,2226456.1418392593,8784,1.0
5445,2211899.854118723,8784,1.0
6871,2207075.580296276,8784,1.0
5553,2198719.159544713,8784,1.0
6664,2190249.312037915,8784,1.0
6763,2185951.5334461494,8784,1.0
5244,2181735.537132861,8784,1.0
5457,2177937.9748015534,8784,1.0
7271,2177744.113242639,8784,1.0
8862,2175117.650840884,8784,1.0
6346,2172853.700517241,8784,1.0
5345,2172041.9187493995,8784,1.0
5173,2167337.1415209416,8784,1.0
5743,2165764.5441320296,8784,1.0
6347,2165474.7452121237,8784,1.0
8874,2158145.18630696,8784,1.0
8775,2157621.4727112614,8784,1.0
6853,2153998.9177365736,8784,1.0
5645,2153552.830333457,8784,1.0
6247,2152376.7859742637,8784,1.0
6246,2151778.4304924286,8784,1.0
6061,2151159.838225658,8784,1.0
3969,2150268.103024821,8784,1.0
8370,2149834.374499141,8784,1.0
4645,2149231.1831172975,8784,1.0
4264,2147445.0258997465,8784,1.0
3858,2146249.2215606417,8784,1.0
8272,2144327.445854383,8784,1.0
6469,2141668.608034223,8784,1.0
5863,2141064.040061869,8784,1.0
6453,2136754.411221716,8784,1.0
5949,2136341.3889935534,8784,1.0
5272,2135383.1776995207,8784,1.0
6071,2134861.120919848,8784,1.0
3963,2133175.2928521563,8784,1.0
4366,2129478.316296375,8784,1.0
4153,2125842.8219920476,8784,1.0
8575,2124238.2772817956,8784,1.0
5554,2121606.893821682,8784,1.0
4054,2119462.0483004376,8784,1.0
5651,2113278.964419461,8784,1.0
5558,2113118.7919818955,8784,1.0
8774,2112116.8754964666,8784,1.0
6448,2108627.282421187,8784,1.0
6561,2106748.6744558797,8784,1.0
6753,2106455.552789522,8784,1.0
6275,2101348.2689239057,8784,1.0
7052,2099144.4009993416,8784,1.0
4951,2099099.683654687,8784,1.0
5552,2098666.4896286866,8784,1.0
6171,2094994.3890587692,8784,1.0
5448,2094237.8486551496,8784,1.0
7166,2093117.7522781685,8784,1.0
4056,2092778.3378981566,8784,1.0
4055,2092216.824225823,8784,1.0
6161,2090949.1698859148,8784,1.0
4965,2083808.047035289,8784,1.0
4950,2080815.8234208878,8784,1.0
6160,2076860.2445913106,8784,1.0
6259,2074951.2917433598,8784,1.0
5273,2074335.2124128093,8784,1.0
4350,2071784.7853530843,8784,1.0
6764,2071462.5757097811,8784,1.0
6874,2068661.2347807582,8784,1.0
6851,2067610.9638388355,8784,1.0
3959,2064222.886657521,8784,1.0
7372,2062600.7970038888,8784,1.0
6177,2056568.0377654932,8784,1.0
6774,2051094.7891341737,8784,1.0
4646,2044589.3536840826,8784,1.0
6468,2043923.4991906297,8784,1.0
4863,2033099.5275136367,8784,1.0
5746,2029115.391232208,8784,1.0
6663,2028812.0088495756,8784,1.0
6657,2027710.1406925418,8784,1.0
6546,2026468.3480956585,8784,1.0
9268,2022736.0576934929,8784,1.0
6152,2021493.7290550333,8784,1.0
3758,2019785.5088053588,8784,1.0
5563,2018232.7946463048,8784,1.0
4947,2017110.7697563816,8784,1.0
8676,2015369.4998384253,8784,1.0
8471,2013322.7375700192,8784,1.0
3855,2012879.7332665655,8784,1.0
4991,2008509.5991211806,8784,1.0
4845,2008238.8639748013,8784,1.0
6277,2006481.312145396,8784,1.0
6951,2003747.1172780616,8784,1.0
6056,2003679.1583971523,8784,1.0
4926,2003186.3658293604,8784,1.0
8576,2000692.835586524,8784,1.0
6564,2000092.4119791458,8784,1.0
5346,1999942.1880004543,8784,1.0
3658,1999845.975919118,8784,1.0
4442,1996708.4956570226,8784,1.0
6757,1996199.4755499046,8784,1.0
7371,1995186.2840056107,8784,1.0
6470,1989751.7633772143,8784,1.0
7063,1987628.087448777,8784,1.0
4062,1982351.6323715597,8784,1.0
5551,1979446.8363963005,8784,1.0
5555,1978224.6178169586,8784,1.0
6258,1975946.0295731323,8784,1.0
6276,1972570.2686748258,8784,1.0
3960,1970393.4651381786,8784,1.0
5557,1967090.142643916,8784,1.0
4058,1964621.9540074898,8784,1.0
6054,1962262.9444040698,8784,1.0
8372,1953450.8582008928,8784,1.0
4745,1953439.0030649065,8784,1.0
4263,1953218.9351630653,8784,1.0
5556,1952535.7591864443,8784,1.0
4057,1945761.1545149751,8784,1.0
6156,1944410.5869593844,8784,1.0
4344,1938320.045451939,8784,1.0
4826,1937075.238201656,8784,1.0
3863,1934393.3276605932,8784,1.0
6568,1932557.3467054782,8784,1.0
5466,1928777.8759991704,8784,1.0
5672,1926399.114914805,8784,1.0
3558,1924668.3156273128,8784,1.0
5446,1924437.4609157387,8784,1.0
3862,1921206.1024628854,8784,1.0
6450,1920355.0849688984,8784,1.0
6353,1920093.9041847978,8784,1.0
5454,1917969.0684349732,8784,1.0
4063,1915506.9629446836,8784,1.0
6272,1915363.0751754218,8784,1.0
6747,1906454.3609958896,8784,1.0
6245,1905983.032254531,8784,1.0
5051,1903724.1984592462,8784,1.0
3854,1902010.1226803146,8784,1.0
6475,1898033.1883077803,8784,1.0
6348,1896591.9086175885,8784,1.0
6569,1886132.6053276854,8784,1.0
7165,1883782.7733232195,8784,1.0
8475,1882968.8801270956,8784,1.0
5463,1881462.9128800444,8784,1.0
8472,1879089.8923295226,8784,1.0
6858,1878066.039439896,8784,1.0
7568,1876387.906472315,8784,1.0
4970,1874626.4174390861,8784,1.0
6558,1869945.5330846012,8784,1.0
6571,1869162.8269224965,8784,1.0
6570,1865578.8997912037,8784,1.0
7472,1864698.5718020077,8784,1.0
4946,1864069.5081824027,8784,1.0
7065,1856927.5959027978,8784,1.0
6952,1851809.1608784175,8784,1.0
5657,1848730.5763375803,8784,1.0
4865,1847750.200402591,8784,1.0
6176,1847073.1763874865,8784,1.0
7471,1845863.9282517158,8784,1.0
6376,1843138.9671784148,8784,1.0
4451,1838563.3438268711,8784,1.0
6758,1838275.0017361017,8784,1.0
5355,1836325.2456482572,8784,1.0
8476,1834416.501024872,8784,1.0
4061,1832007.4718127141,8784,1.0
6972,1831666.3495075013,8784,1.0
6875,1831614.3046454182,8784,1.0
7668,1831537.148680564,8784,1.0
8662,1819769.9206468177,8784,1.0
3659,1819405.172475745,8784,1.0
6857,1816526.4728246813,8784,1.0
4927,1812250.4265612368,8784,1.0
4248,1811292.4917936637,8784,1.0
6077,1809255.4144069615,8784,1.0
4345,1807754.6181851185,8784,1.0
5972,1805044.0822977745,8784,1.0
8474,1803610.9402538459,8784,1.0
8574,1802674.140475661,8784,1.0
5444,1800454.345362674,8784,1.0
3958,1796610.4074672568,8784,1.0
5447,1792505.832540057,8784,1.0
7524,1789806.3001187218,8784,1.0
4249,1789690.2718625793,8784,1.0
5666,1786557.8724167824,8784,1.0
9369,1786067.5845851866,8784,1.0
4443,1785171.3122196575,8784,1.0
6658,1785104.5999231332,8784,1.0
3656,1770536.09098087,8784,1.0
1251,1769493.3367836147,8784,1.0
6462,1767506.2563775193,8784,1.0
6752,1763786.0827042656,8784,1.0
5946,1763624.046804045,8784,1.0
4464,1759003.729102945,8784,1.0
4361,1755751.2737582934,8784,1.0
6362,1755364.7541230326,8784,1.0
3764,1753100.188139288,8784,1.0
5548,1749518.6467093225,8784,1.0
4348,1747668.7285712939,8784,1.0
6575,1745758.0953868434,8784,1.0
6278,1735976.4008766033,8784,1.0
6852,1735324.1142979031,8784,1.0
4343,1733388.4091937651,8784,1.0
6562,1733274.8616938551,8784,1.0
6646,1732553.6446264167,8784,1.0
6566,1732329.0927651885,8784,1.0
7272,1729668.393537274,8784,1.0
6976,1729044.6741568483,8784,1.0
6349,1728620.8765136958,8784,1.0
9367,1726126.229676043,8784,1.0
6178,1725799.5739239652,8784,1.0
8572,1721656.1068017152,8784,1.0
5945,1720923.3312185856,8784,1.0
5471,1718588.3375141132,8784,1.0
8857,1717710.0363931179,8784,1.0
5027,1716766.343874902,8784,1.0
7255,1715104.6304883347,8784,1.0
8473,1711552.4406294662,8784,1.0
7569,1710177.3775073155,8784,1.0
7768,1701862.8556980558,8784,1.0
4448,1701707.1707104524,8784,1.0
6464,1698405.763623785,8784,1.0
6548,1697147.2829391032,8784,1.0
3848,1692942.112723405,8784,1.0
6667,1691018.4859181128,8784,1.0
6850,1687385.0381900696,8784,1.0
5050,1685402.070967517,8784,1.0
6670,1679903.0066713209,8784,1.0
4346,1678238.9482578272,8784,1.0
6367,1677219.6829244685,8784,1.0
4644,1676448.4893116457,8784,1.0
7062,1670647.1796789032,8784,1.0
5065,1662638.1465674355,8784,1.0
6573,1657411.1726687269,8784,1.0
4247,1657034.3962996798,8784,1.0
6472,1654001.4749653055,8784,1.0
5144,1648875.7164468416,8784,1.0
8573,1648860.4037253968,8784,1.0
7468,1647744.94224689,8784,1.0
3864,1646130.5152538551,8784,1.0
7669,1639601.6044066383,8784,1.0
9269,1638018.4307748182,8784,1.0
6756,1637416.4857988174,8784,1.0
6363,1636899.2448565848,8784,1.0
4342,1636816.0997067792,8784,1.0
7061,1636335.980604343,8784,1.0
6253,1628017.6960442541,8784,1.0
3852,1626459.2987382435,8784,1.0
6870,1625657.3801351618,8784,1.0
6971,1624682.3039545326,8784,1.0
6849,1622876.2953280641,8784,1.0
8674,1620994.3247208246,8784,1.0
4353,1619778.9029365664,8784,1.0
6175,1619356.5877809667,8784,1.0
6578,1617043.7856861907,8784,1.0
7989,1617026.9608852116,8784,1.0
6550,1613134.4724965966,8784,1.0
5366,1611917.4484826634,8784,1.0
6958,1609356.739550567,8784,1.0
8090,1608356.6879559783,8784,1.0
4149,1602726.769249843,8784,1.0
6449,1595788.5723543488,8784,1.0
3755,1594211.1071253791,8784,1.0
3853,1585377.9060069344,8784,1.0
6048,1585323.0937483045,8784,1.0
3872,1584191.9305889818,8784,1.0
6365,1584103.5502076305,8784,1.0
3871,1583079.0167918715,8784,1.0
147,1581660.366172051,8784,1.0
7767,1579497.418249037,8784,1.0
6473,1578456.3554076091,8784,1.0
5455,1577829.0964941548,8784,1.0
5572,1577820.3400632534,8784,1.0
3868,1570966.5212512473,8784,1.0
6567,1569034.7045941409,8784,1.0
6751,1565685.34162893,8784,1.0
4250,1565507.462455966,8784,1.0
7155,1558208.209560097,8784,1.0
7868,1555823.4769148098,8784,1.0
7056,1553342.1987331335,8784,1.0
3847,1552754.8288014096,8784,1.0
8875,1551656.1276203352,8784,1.0
9977,1551240.4153324547,8784,1.0
6950,1550893.347708644,8784,1.0
4351,1549673.4273314471,8784,1.0
4347,1549381.5899015123,8784,1.0
6775,1548061.0886955115,8784,1.0
7990,1545718.0798666857,8784,1.0
4147,1545659.0930404852,8784,1.0
5456,1545077.0480781742,8784,1.0
6153,1539369.0882887202,8784,1.0
6257,1538140.2256306533,8784,1.0
6377,1537552.3827708473,8784,1.0
9468,1533841.028043272,8784,1.0
6975,1532992.8602072713,8784,1.0
6953,1532559.5993834888,8784,1.0
4945,1531636.2431035398,8784,1.0
9884,1531323.0168819553,8784,1.0
2245,1530116.3814506268,8784,1.0
7769,1529471.8410389815,8784,1.0
4163,1528936.0629959025,8784,1.0
8672,1528693.6531489715,8784,1.0
6055,1526797.1564356855,8784,1.0
6770,1526471.8762812624,8784,1.0
6956,1525711.1327016526,8784,1.0
9978,1525203.523454084,8784,1.0
7067,1525026.6085689622,8784,1.0
7454,1523388.187210773,8784,1.0
3851,1523230.456896642,8784,1.0
4148,1522496.565193566,8784,1.0
7264,1521987.4492507507,8784,1.0
6668,1516768.2888883909,8784,1.0
6146,1515450.568846843,8784,1.0
7869,1514964.513827606,8784,1.0
6552,1514385.2364499425,8784,1.0
5543,1511022.0671775967,8784,1.0
5947,1507729.5306832034,8784,1.0
6973,1507334.9067594358,8784,1.0
9267,1504563.7388060372,8784,1.0
8054,1503483.1687843404,8784,1.0
6970,1497765.6173681326,8784,1.0
3968,1497283.234892543,8784,1.0
5266,1497169.527540206,8784,1.0
6759,1495637.7749875132,8784,1.0
7072,1492484.2621382533,8784,1.0
5846,1492053.2443410587,8784,1.0
6969,1491904.0784899238,8784,1.0
5089,1491558.304823706,8784,1.0
9467,1491407.567216551,8784,1.0
4246,1487225.1030913584,8784,1.0
5948,1486830.8971789642,8784,1.0
6078,1486210.7752795971,8784,1.0
7654,1485155.0048571622,8784,1.0
4643,1484791.871973374,8784,1.0
3952,1482266.4608801145,8784,1.0
3748,1479706.0309442242,8784,1.0
4352,1479417.7957582427,8784,1.0
6863,1478607.0576719656,8784,1.0
5026,1478091.569230969,8784,1.0
6047,1478077.1396478522,8784,1.0
6476,1477392.4572958106,8784,1.0
5650,1476235.2971615612,8784,1.0
6279,1469120.675898085,8784,1.0
4367,1468679.4344080319,8784,1.0
4150,1468504.4483312708,8784,1.0
9885,1467968.1652040638,8784,1.0
4543,1465662.5276534352,8784,1.0
7670,1464890.7398722514,8784,1.0
4245,1464736.7527325938,8784,1.0
9370,1464163.1698918308,8784,1.0
3751,1463951.4707764068,8784,1.0
2145,1463846.3783247608,8784,1.0
6856,1463473.2170290414,8784,1.0
5764,1462772.1118871314,8784,1.0
4251,1457218.809810101,8784,1.0
3846,1455868.5564166962,8784,1.0
5550,1455698.3512996587,8784,1.0
4128,1454740.994099686,8784,1.0
8374,1452235.5522510267,8784,1.0
8834,1450757.9779738518,8784,1.0
6074,1449133.481688236,8784,1.0
4253,1447745.3260314232,8784,1.0
4162,1447327.7349885318,8784,1.0
6961,1442884.532196283,8784,1.0
9976,1441263.4691946572,8784,1.0
7969,1440934.218173969,8784,1.0
6551,1439619.208522168,8784,1.0
4943,1437913.1010663807,8784,1.0
3850,1435074.2651826374,8784,1.0
6045,1432318.4486297143,8784,1.0
5864,1431182.5130579476,8784,1.0
4890,1430295.4089876972,8784,1.0
6761,1426743.6013719267,8784,1.0
7254,1426258.364022029,8784,1.0
8571,1423529.1428461524,8784,1.0
7770,1422178.4598501823,8784,1.0
7263,1420012.7467182528,8784,1.0
6373,1419627.3387698955,8784,1.0
7240,1418633.167182615,8784,1.0
6862,1418060.9510180969,8784,1.0
3633,1417928.2930580745,8784,1.0
8756,1416858.6409022924,8784,1.0
6145,1416507.5521794637,8784,1.0
3634,1414668.2547393227,8784,1.0
7567,1410479.6880518903,8784,1.0
7856,1406506.6644997953,8784,1.0
4252,1405679.7549091626,8784,1.0
3859,1404681.4570100012,8784,1.0
7523,1401666.8007180672,8784,1.0
7059,1401663.5080865442,8784,1.0
6174,1400593.4120073342,8784,1.0
5472,1400234.06807437,8784,1.0
9877,1399563.927554152,8784,1.0
4262,1397572.7082916289,8784,1.0
3964,1397482.2534162877,8784,1.0
6864,1396346.881096016,8784,1.0
4877,1395056.0740016242,8784,1.0
3970,1392768.026193886,8784,1.0
3750,1390307.7895070831,8784,1.0
6463,1388714.1451344846,8784,1.0
4064,1387690.5334843036,8784,1.0
6652,1387366.0402147253,8784,1.0
7469,1386675.458911807,8784,1.0
6144,1384657.8344013258,8784,1.0
4152,1384216.5414781692,8784,1.0
6645,1383524.4522636025,8784,1.0
3949,1383164.076833757,8784,1.0
3436,1382560.317851289,8784,1.0
1250,1381403.6633717308,8784,1.0
4765,1381360.060111194,8784,1.0
7755,1376077.762692436,8784,1.0
6876,1374595.697386725,8784,1.0
7570,1372991.5199636784,8784,1.0
7554,1372098.5264240182,8784,1.0
8677,1371539.6673906262,8784,1.0
4777,1370124.560657036,8784,1.0
6977,1369996.5011459088,8784,1.0
5549,1369863.2618724448,8784,1.0
6147,1367822.4173771143,8784,1.0
7370,1366293.89657361,8784,1.0
8154,1364661.920111606,8784,1.0
8671,1363641.160924917,8784,1.0
8373,1363497.5455417773,8784,1.0
6273,1362887.5491778548,8784,1.0
6656,1359959.6742910324,8784,1.0
6750,1358083.8202177177,8784,1.0
1151,1357785.8663223581,8784,1.0
8053,1356558.690518111,8784,1.0
6545,1355155.614288031,8784,1.0
6754,1355140.481415073,8784,1.0
8089,1354080.3760970954,8784,1.0
8190,1352104.3329756674,8784,1.0
6046,1349990.5998890102,8784,1.0
3849,1349902.0676115344,8784,1.0
6456,1349190.447397435,8784,1.0
6659,1347549.5070696904,8784,1.0
3763,1347369.4868444735,8784,1.0
3650,1347234.5825590752,8784,1.0
3860,1347008.910127496,8784,1.0
3965,1345997.756438191,8784,1.0
3559,1345401.1770712622,8784,1.0
3536,1343583.1290723716,8784,1.0
5665,1342540.3637849856,8784,1.0
6968,1342296.3505909047,8784,1.0
6572,1342261.1364536278,8784,1.0
7470,1341915.6334720466,8784,1.0
7051,1338992.9902250827,8784,1.0
8957,1337859.4772074788,8784,1.0
8771,1336450.9171463912,8784,1.0
6563,1336128.7843014526,8784,1.0
3961,1334654.67677202,8784,1.0
8734,1333115.334041791,8784,1.0
6559,1333115.2453271337,8784,1.0
3437,1332318.069776384,8784,1.0
6553,1330794.740843455,8784,1.0
7952,1327932.8380826944,8784,1.0
4049,1327039.4005783987,8784,1.0
6549,1325638.0363583134,8784,1.0
7667,1321636.3773099212,8784,1.0
7077,1320697.8289717035,8784,1.0
3749,1316621.4316668864,8784,1.0
5243,1316582.1857495804,8784,1.0
3432,1316216.8342690337,8784,1.0
8772,1312883.592022075,8784,1.0
4642,1312762.9709256806,8784,1.0
8855,1310735.8110335195,8784,1.0
3948,1310078.526620797,8784,1.0
9985,1308651.5665129975,8784,1.0
5977,1308324.7083762886,8784,1.0
6653,1305296.2876869685,8784,1.0
6963,1304978.2364873462,8784,1.0
3533,1304126.2640102222,8784,1.0
6746,1304095.7854079495,8784,1.0
7173,1303910.8512180487,8784,1.0
7058,1302199.301294222,8784,1.0
7071,1301243.1070759187,8784,1.0
7756,1299062.5143447164,8784,1.0
9484,1294936.2478985044,8784,1.0
3759,1294153.7268391286,8784,1.0
4052,1292489.9590402977,8784,1.0
8562,1291877.2191055855,8784,1.0
7571,1290910.4219211014,8784,1.0
3655,1290566.8468391518,8784,1.0
6962,1289220.18504239,8784,1.0
7467,1285800.0724946596,8784,1.0
3947,1284775.1593807247,8784,1.0
7870,1284638.315096319,8784,1.0
4146,1284600.881749464,8784,1.0
4869,1283969.6787012436,8784,1.0
8470,1282319.3879161084,8784,1.0
4151,1278536.6306536095,8784,1.0
9878,1276656.7472996875,8784,1.0
8171,1275441.1657070178,8784,1.0
7985,1275089.555809017,8784,1.0
8577,1272511.1944691716,8784,1.0
3754,1270009.2816398533,8784,1.0
4341,1269527.1931891346,8784,1.0
8273,1268201.7215835424,8784,1.0
7855,1266569.2580144147,8784,1.0
6666,1265869.8836114705,8784,1.0
7443,1263886.800334302,8784,1.0
7490,1260558.73573612,8784,1.0
7491,1260558.73573612,8784,1.0
8276,1258928.8511446868,8784,1.0
9059,1258511.3656124915,8784,1.0
5378,1257070.3031080335,8784,1.0
3537,1256835.4132484028,8784,1.0
3967,1249817.1288223132,8784,1.0
3760,1249073.4443632571,8784,1.0
4870,1248362.238471794,8784,1.0
8670,1248325.611168431,8784,1.0
4048,1246531.114358152,8784,1.0
8084,1244498.996919381,8784,1.0
5978,1242507.309398055,8784,1.0
4050,1241585.6867983826,8784,1.0
5877,1241018.6641800818,8784,1.0
7076,1240478.1713629495,8784,1.0
48,1240470.502025105,8784,1.0
3635,1238860.475762698,8784,1.0
6869,1238460.7121353978,8784,1.0
8172,1238109.3227673557,8784,1.0
8277,1237387.0529157196,8784,1.0
7591,1236814.2628250967,8784,1.0
6576,1235742.9074390105,8784,1.0
3651,1233430.0407891043,8784,1.0
4542,1233288.007173854,8784,1.0
4244,1232361.432347374,8784,1.0
7754,1232067.445490515,8784,1.0
8091,1231546.9283222074,8784,1.0
4989,1231403.3185341028,8784,1.0
9159,1228783.81119723,8784,1.0
7069,1228582.5720811605,8784,1.0
3950,1227812.83539418,8784,1.0
5375,1226804.9717534257,8784,1.0
4145,1225972.7205941214,8784,1.0
4844,1224968.441409417,8784,1.0
7466,1222891.7964080425,8784,1.0
3534,1222228.2209936648,8784,1.0
7053,1220596.4883861379,8784,1.0
7655,1219957.0644558668,8784,1.0
8191,1217546.1064522637,8784,1.0
7590,1217377.2757414395,8784,1.0
8189,1216859.8594047984,8784,1.0
6959,1215881.7226511047,8784,1.0
8376,1215725.1512398652,8784,1.0
3532,1215182.0430201225,8784,1.0
7656,1213286.8704543887,8784,1.0
7073,1213250.6540827216,8784,1.0
5364,1211276.0273963765,8784,1.0
3771,1210941.921254564,8784,1.0
4144,1207077.7448666291,8784,1.0
5357,1207052.5811265565,8784,1.0
4365,1205916.5603905593,8784,1.0
8175,1205855.877648983,8784,1.0
6957,1204715.851796024,8784,1.0
9469,1204570.2083706504,8784,1.0
7369,1203424.9398885767,8784,1.0
7652,1201254.2617585973,8784,1.0
8072,1201099.9902671573,8784,1.0
3971,1200996.5697286525,8784,1.0
5565,1199700.544751955,8784,1.0
3972,1199425.8863401623,8784,1.0
7885,1199236.9368757023,8784,1.0
8377,1197964.5620353254,8784,1.0
6579,1194911.1871915131,8784,1.0
7354,1193656.4449752495,8784,1.0
7657,1193214.8974150317,8784,1.0
8974,1189927.103249464,8784,1.0
7060,1189892.4437841617,8784,1.0
5090,1189783.3758047975,8784,1.0
7953,1189598.319442666,8784,1.0
8073,1185831.0463668364,8784,1.0
5847,1184206.442423944,8784,1.0
3535,1184110.5234081817,8784,1.0
6967,1183222.2340172925,8784,1.0
8071,1180415.0845360179,8784,1.0
3736,1179875.7347582984,8784,1.0
3636,1179757.0845299987,8784,1.0
6075,1179257.0925141762,8784,1.0
8173,1178655.7670974825,8784,1.0
8176,1177833.3022878321,8784,1.0
4326,1176669.8340477953,8784,1.0
4778,1175228.630812878,8784,1.0
3772,1174458.0444247758,8784,1.0
7167,1174255.6149050426,8784,1.0
3735,1174201.3326486417,8784,1.0
5763,1173191.0756976043,8784,1.0
5045,1173171.7406709197,8784,1.0
9483,1172125.12712328,8784,1.0
7651,1171607.155613976,8784,1.0
7055,1170307.3483083553,8784,1.0
9583,1168519.1281928325,8784,1.0
6854,1168418.4097987069,8784,1.0
4325,1168174.06593078,8784,1.0
3752,1167376.3283927455,8784,1.0
7068,1167123.3553702384,8784,1.0
7647,1164798.8004332788,8784,1.0
9569,1163999.228537763,8784,1.0
6669,1163994.4825712,8784,1.0
4944,1163035.9243402148,8784,1.0
4864,1162262.6925934164,8784,1.0
6745,1161954.1443576422,8784,1.0
5174,1161356.674451989,8784,1.0
4867,1160860.1095314259,8784,1.0
7270,1156253.5536719253,8784,1.0
6396,1156147.4443855102,8784,1.0
6496,1155512.9000038083,8784,1.0
6760,1154907.4943351909,8784,1.0
9986,1153185.9164292812,8784,1.0
3861,1151839.429358779,8784,1.0
6955,1151583.816485589,8784,1.0
6366,1150573.879985072,8784,1.0
8270,1150471.695088408,8784,1.0
5343,1147482.8117323397,8784,1.0
6397,1145061.5583421935,8784,1.0
6577,1144327.418687846,8784,1.0
8477,1143685.5617704266,8784,1.0
5878,1142717.4601067398,8784,1.0
7555,1142173.0909655106,8784,1.0
5564,1140379.3101710004,8784,1.0
7653,1140145.707988782,8784,1.0
8275,1140140.4655285468,8784,1.0
8975,1139537.562627678,8784,1.0
7390,1138869.9463886602,8784,1.0
4679,1138071.424294078,8784,1.0
8375,1136093.6896910702,8784,1.0
8959,1135702.3648752144,8784,1.0
1051,1135697.3819750415,8784,1.0
3673,1135023.820640423,8784,1.0
8856,1134937.5368110787,8784,1.0
4990,1134074.4920727063,8784,1.0
7973,1133940.8591866044,8784,1.0
7489,1133900.9455779695,8784,1.0
9074,1130415.7676834825,8784,1.0
5774,1130007.7378253173,8784,1.0
5142,1129510.1140024185,8784,1.0
6795,1128079.4163612197,8784,1.0
6895,1128079.4163612197,8784,1.0
7986,1128009.269942756,8784,1.0
9270,1127704.999341941,8784,1.0
4942,1126782.376071577,8784,1.0
8378,1126533.540605862,8784,1.0
3966,1125962.9890332203,8784,1.0
5277,1125691.2912350018,8784,1.0
7671,1123399.5554973453,8784,1.0
6861,1122754.711812366,8784,1.0
4744,1122026.0015863946,8784,1.0
3649,1121519.5043584842,8784,1.0
5442,1121276.3950820607,8784,1.0
8085,1121067.4004120186,8784,1.0
8274,1117355.6926439393,8784,1.0
4977,1116823.8714322532,8784,1.0
3870,1116627.8638299238,8784,1.0
8673,1116450.5517568788,8784,1.0
7343,1116099.9065770365,8784,1.0
3674,1115582.7589864659,8784,1.0
5376,1114138.3537275963,8784,1.0
9784,1113008.6331618822,8784,1.0
6949,1112452.9718668126,8784,1.0
4843,1112169.7031598506,8784,1.0
7566,1110859.8428594873,8784,1.0
4743,1110009.1576504153,8784,1.0
6966,1107666.9668658536,8784,1.0
8278,1107451.7213097287,8784,1.0
5843,1107382.3554552738,8784,1.0
6868,1105177.7526456912,8784,1.0
6954,1103955.528992793,8784,1.0
9987,1100113.7531445194,8784,1.0
3775,1097792.5610751994,8784,1.0
3773,1097737.5598529414,8784,1.0
6894,1097055.978837674,8784,1.0
8174,1096316.9123413716,8784,1.0
6556,1095366.6802155687,8784,1.0
8269,1095352.3370067454,8784,1.0
7991,1095184.9619015073,8784,1.0
7442,1095071.8881059317,8784,1.0
6155,1095044.0701647194,8784,1.0
9075,1094578.4677218862,8784,1.0
9984,1094409.920746064,8784,1.0
3453,1093430.2060185848,8784,1.0
3865,1093347.6610631254,8784,1.0
7553,1092511.2255918952,8784,1.0
5041,1091400.0124076458,8784,1.0
5973,1091091.0816969208,8784,1.0
7889,1090208.9950218596,8784,1.0
8773,1088676.5751964008,8784,1.0
6978,1088376.0568475823,8784,1.0
7078,1087749.1196421352,8784,1.0
8055,1087225.9571894896,8784,1.0
5274,1086445.711755143,8784,1.0
951,1086313.3565735668,8784,1.0
5975,1083597.8487563648,8784,1.0
8757,1083582.178912609,8784,1.0
4228,1082853.4895168857,8784,1.0
7156,1082455.7714226374,8784,1.0
8076,1082081.788041263,8784,1.0
6378,1081786.5161174727,8784,1.0
7159,1078447.7378442131,8784,1.0
4227,1075779.8356600706,8784,1.0
7176,1074910.2091486081,8784,1.0
9568,1072092.4908685114,8784,1.0
4669,1071675.8372500315,8784,1.0
3747,1071164.4901970366,8784,1.0
1052,1071123.0335894206,8784,1.0
8661,1070873.1910760724,8784,1.0
4866,1068759.669696462,8784,1.0
7543,1068472.490545558,8784,1.0
6650,1065444.8212531488,8784,1.0
6859,1064085.1944355548,8784,1.0
5747,1062447.3587941271,8784,1.0
4226,1062418.1969673308,8784,1.0
7339,1061312.1780691398,8784,1.0
8873,1061199.4063805162,8784,1.0
7492,1060515.166650563,8784,1.0
3563,1058786.6200918385,8784,1.0
7724,1055303.5368340178,8784,1.0
5475,1053548.098132212,8784,1.0
6768,1052122.4696204613,8784,1.0
7854,1052061.874997031,8784,1.0
3774,1051159.924499727,8784,1.0
8858,1049950.820432337,8784,1.0
8389,1049595.634111618,8784,1.0
8835,1049122.4057685554,8784,1.0
4164,1048263.7706059365,8784,1.0
6867,1047632.5611184197,8784,1.0
6855,1046005.2616570938,8784,1.0
7340,1044756.6799965635,8784,1.0
9168,1044559.9594713178,8784,1.0
6679,1043587.9657747521,8784,1.0
3875,1042731.8580368637,8784,1.0
6794,1042308.7361387244,8784,1.0
7988,1041122.0822062166,8784,1.0
3118,1038860.502121465,8784,1.0
7046,1038485.5645813613,8784,1.0
8290,1037979.9651676256,8784,1.0
6076,1037303.199324331,8784,1.0
7646,1036092.8223532272,8784,1.0
6960,1034718.6186500409,8784,1.0
3753,1034461.8808971448,8784,1.0
8011,1033172.2152984767,8784,1.0
5876,1032784.0752318754,8784,1.0
6444,1032065.5638006084,8784,1.0
5165,1031614.5836308366,8784,1.0
3433,1031005.4636361742,8784,1.0
7241,1030787.6279864019,8784,1.0
8478,1029467.8479430238,8784,1.0
6769,1029327.0943670705,8784,1.0
7852,1029320.0337352436,8784,1.0
7284,1028851.827090652,8784,1.0
1152,1028837.5363849024,8784,1.0
6395,1027736.8046612913,8784,1.0
9158,1027102.39165279,8784,1.0
9174,1026536.8371118406,8784,1.0
6945,1026087.369758459,8784,1.0
7172,1025325.0721828562,8784,1.0
3553,1024631.3939237894,8784,1.0
8289,1024229.9071406202,8784,1.0
8291,1024032.4505275151,8784,1.0
9150,1021754.7804202446,8784,1.0
6860,1021128.1170394527,8784,1.0
5342,1020574.7889141437,8784,1.0
4827,1018997.5234161976,8784,1.0
4868,1018965.050094592,8784,1.0
7045,1018845.6544531779,8784,1.0
3353,1016902.0652921041,8784,1.0
7970,1016386.4479745199,8784,1.0
3336,1016352.6074409096,8784,1.0
6495,1012277.2072646245,8784,1.0
5141,1012032.3333144555,8784,1.0
9167,1011848.0939334856,8784,1.0
8656,1011350.3234814015,8784,1.0
4871,1010318.0163106382,8784,1.0
3654,1010101.6182856992,8784,1.0
8052,1009788.4696202016,8784,1.0
6497,1009767.0985569312,8784,1.0
7725,1008924.4961613773,8784,1.0
3946,1007891.0142229125,8784,1.0
7592,1007246.5761694623,8784,1.0
8186,1007205.73249632,8784,1.0
9251,1006534.3120932013,8784,1.0
9058,1006397.1373501483,8784,1.0
8976,1006065.7139196333,8784,1.0
3653,1005655.645095338,8784,1.0
5464,1005053.6995704388,8784,1.0
3845,1003911.5471202587,8784,1.0
7444,1003880.7540643914,8784,1.0
2246,1003534.2618082248,8784,1.0
4664,1002827.6028951022,8784,1.0
3564,1002688.3925286017,8784,1.0
8390,1002117.3300817226,8784,1.0
3874,1002057.1157416202,8784,1.0
7154,1001980.3214856468,8784,1.0
7954,1001850.8096231322,8784,1.0
9250,1001174.9401174301,8784,1.0
9060,1000177.7611680797,8784,1.0
3657,999749.6457272202,8784,1.0
4479,999522.6636699495,8784,1.0
8872,999054.8000141584,8784,1.0
4267,998642.2691172247,8784,1.0
3652,996775.9252052231,8784,1.0
8852,996018.0886554533,8784,1.0
7050,994116.1136192476,8784,1.0
1247,993307.2665390031,8784,1.0
247,993148.7840756645,8784,1.0
5091,992254.8263060603,8784,1.0
9151,992171.9245514565,8784,1.0
8388,991273.8876766344,8784,1.0
5241,990296.7838471237,8784,1.0
5974,990249.8376189199,8784,1.0
3765,990011.4651900185,8784,1.0
7972,988885.1843107074,8784,1.0
8088,988322.3877780602,8784,1.0
8958,986571.1562095336,8784,1.0
3660,986118.5357608753,8784,1.0
7085,985802.6842541981,8784,1.0
7644,985510.481157525,8784,1.0
3218,984337.9068264724,8784,1.0
7075,984081.6455965112,8784,1.0
8490,982976.4107375001,8784,1.0
8391,982857.3423956513,8784,1.0
9175,982808.9214119707,8784,1.0
952,982355.4876768374,8784,1.0
6845,981512.1230301763,8784,1.0
6651,980475.2241393754,8784,1.0
3733,978951.3010218624,8784,1.0
4465,977934.5330859943,8784,1.0
6354,976879.3731383326,8784,1.0
8491,976569.5640089015,8784,1.0
3876,976445.1577031036,8784,1.0
3761,976076.6056473845,8784,1.0
9887,975893.2273496921,8784,1.0
8489,975019.7893850335,8784,1.0
7057,974998.5450409704,8784,1.0
5040,974888.2065521035,8784,1.0
4763,972742.2375285588,8784,1.0
3435,971011.9532275135,8784,1.0
9477,970589.5130290871,8784,1.0
4266,969838.900017608,8784,1.0
9584,968833.3446601639,8784,1.0
9057,967340.3970940791,8784,1.0
4940,967265.7201108026,8784,1.0
4468,965545.7232434534,8784,1.0
851,965108.3588612207,8784,1.0
4379,964971.2840710175,8784,1.0
6676,964310.9647867884,8784,1.0
5976,963959.2905386601,8784,1.0
7239,963905.8030113195,8784,1.0
8952,963839.463006975,8784,1.0
4127,963539.3051661475,8784,1.0
5874,962426.291302976,8784,1.0
9194,962375.601955235,8784,1.0
6848,962277.7073648125,8784,1.0
3334,962143.5494184912,8784,1.0
3434,962143.5494184912,8784,1.0
8570,960959.5087230154,8784,1.0
9195,959793.6655786798,8784,1.0
6877,959402.3573755248,8784,1.0
4029,959079.2085673779,8784,1.0
4889,958623.2140986454,8784,1.0
4742,958509.0999150814,8784,1.0
4229,957089.2851513445,8784,1.0
2146,956037.7494558678,8784,1.0
6846,955894.1247195961,8784,1.0
9466,955451.5243926985,8784,1.0
7344,954971.4848295406,8784,1.0
9295,954490.7519438483,8784,1.0
7342,954086.650985298,8784,1.0
8619,953443.0176743176,8784,1.0
4027,951111.9525067054,8784,1.0
4779,950701.5561514831,8784,1.0
8153,948412.2952135461,8784,1.0
7391,945793.6360268063,8784,1.0
3253,945401.1414617837,8784,1.0
3951,945257.8123662245,8784,1.0
3385,944421.626318989,8784,1.0
3285,944414.8102500391,8784,1.0
6765,943717.7598674527,8784,1.0
7162,942800.0318069147,8784,1.0
6866,942485.2894241193,8784,1.0
5043,942281.8040184828,8784,1.0
6044,941390.8627528768,8784,1.0
6173,941014.3933734118,8784,1.0
7081,940558.265999901,8784,1.0
6974,938469.8295901663,8784,1.0
7955,935269.1533450511,8784,1.0
5373,933470.2861098066,8784,1.0
6847,933370.0177421628,8784,1.0
3867,931671.472622462,8784,1.0
8770,930972.1228030758,8784,1.0
6878,930572.3866630378,8784,1.0
4268,930247.1773617553,8784,1.0
8919,929386.1404623537,8784,1.0
3734,928557.8842898936,8784,1.0
8185,927743.5338943468,8784,1.0
1147,927227.4654005478,8784,1.0
8621,926214.6688186612,8784,1.0
8719,926214.6688186612,8784,1.0
8720,926214.6688186612,8784,1.0
8819,926214.6688186612,8784,1.0
8721,926033.2089383744,8784,1.0
3337,925661.8626227824,8784,1.0
3554,925615.3774534913,8784,1.0
8519,925313.4965423436,8784,1.0
3335,922794.1483812851,8784,1.0
8188,922059.99020286,8784,1.0
7544,921394.7631317276,8784,1.0
3036,921222.1093135595,8784,1.0
7757,919722.6869704672,8784,1.0
9073,919339.1471544936,8784,1.0
4478,918617.5295347214,8784,1.0
3648,918573.874701093,8784,1.0
8960,918568.0174267818,8784,1.0
6695,917637.221073405,8784,1.0
7853,917005.7614268454,8784,1.0
8920,916354.4707669946,8784,1.0
8012,915894.6027944608,8784,1.0
4941,915462.5693194661,8784,1.0
8578,914862.3070538674,8784,1.0
4243,914518.3831287827,8784,1.0
3663,914369.3093236465,8784,1.0
4767,914090.8473748058,8784,1.0
6355,913561.8488707368,8784,1.0
3664,913096.6799623637,8784,1.0
5265,912770.5359350923,8784,1.0
4842,912015.1570602688,8784,1.0
8761,910948.589402037,8784,1.0
4047,910887.5373468801,8784,1.0
8851,910645.5306940904,8784,1.0
3929,910414.232949043,8784,1.0
6465,909754.9297765462,8784,1.0
6749,906606.0894325551,8784,1.0
5379,906583.4667131262,8784,1.0
6946,905721.946611954,8784,1.0
6964,905680.1488933327,8784,1.0
2046,905352.8762069822,8784,1.0
7366,905022.6898261699,8784,1.0
8820,904725.9000579276,8784,1.0
3386,904572.1942609958,8784,1.0
7070,904033.2175197791,8784,1.0
9460,903920.4188646255,8784,1.0
9560,903920.4188646255,8784,1.0
9561,903920.4188646255,8784,1.0
9562,903920.4188646255,8784,1.0
9661,903732.3726495008,8784,1.0
5875,903627.3377534174,8784,1.0
6256,903291.8999462267,8784,1.0
9461,902670.775087205,8784,1.0
6172,901746.0020480392,8784,1.0
8080,901548.051696076,8784,1.0
9979,901272.7008983326,8784,1.0
2266,901236.5352354473,8784,1.0
7624,900013.2563363707,8784,1.0
9173,899642.8974293784,8784,1.0
3672,898913.6770243658,8784,1.0
3873,898583.5815350895,8784,1.0
7771,898470.9255243982,8784,1.0
7158,897536.2763498586,8784,1.0
8973,897071.8782943183,8784,1.0
7593,896650.7555544864,8784,1.0
3762,896295.8615687604,8784,1.0
9662,896106.3508812627,8784,1.0
5039,896042.8998751929,8784,1.0
7886,895806.1823247412,8784,1.0
7572,895524.4904819115,8784,1.0
8751,895255.7856269177,8784,1.0
9396,895189.3050798767,8784,1.0
6357,895084.961602165,8784,1.0
7453,894735.7117042218,8784,1.0
7157,894441.9430321786,8784,1.0
4129,893339.6691623881,8784,1.0
6244,892284.0278158896,8784,1.0
8620,890970.8544268705,8784,1.0
5341,890970.6487340004,8784,1.0
8086,890421.1595199684,8784,1.0
8663,890282.7624787984,8784,1.0
7086,890065.784428094,8784,1.0
8752,889590.2078682305,8784,1.0
5441,889389.9152475971,8784,1.0
7623,889058.9356344824,8756,0.9968123861566485
3454,888886.2057579862,8784,1.0
3776,888586.9134903142,8784,1.0
1948,887920.0830773669,8784,1.0
5042,887512.4641817042,8784,1.0
9172,887182.8142222858,8784,1.0
9294,887109.201115056,8784,1.0
5167,887005.6635398252,8784,1.0
9366,886329.9520182114,8784,1.0
8288,886113.0607984655,8784,1.0
1848,885509.8219245708,8784,1.0
347,885406.650792853,8784,1.0
3675,884674.0919604504,8784,1.0
8758,884353.4167974634,8784,1.0
5275,884215.384723696,8784,1.0
9476,883622.1764857637,8784,1.0
7691,883399.9559186889,8784,1.0
9395,882758.6790160419,8784,1.0
6467,879985.9684823431,8784,1.0
4878,879404.0205104962,8784,1.0
9577,879263.4929241324,8784,1.0
4028,878453.2913709698,8784,1.0
8392,878172.4993903645,8784,1.0
8636,877709.0861188769,8784,1.0
6454,877282.5038035298,8784,1.0
8180,876509.3294808097,8784,1.0
4030,875358.7345408126,8784,1.0
9360,874627.6362532217,8784,1.0
6154,874520.762277483,8784,1.0
6865,873993.0403468839,8784,1.0
7389,873492.0639551556,8784,1.0
8488,873155.4466630616,8784,1.0
8561,871921.6338730832,8784,1.0
8469,871800.9337803995,8784,1.0
1053,871556.1982302568,8784,1.0
7890,871010.9126379101,8784,1.0
7242,870568.0909456775,8784,1.0
6944,870430.3836986572,8784,1.0
4051,870370.6736387074,8784,1.0
3555,869480.4696440328,8784,1.0
8660,868714.3881851084,8784,1.0
9157,867950.9085395127,8784,1.0
3333,867818.8050874216,8784,1.0
6779,867561.5124870271,8784,1.0
9377,866470.181343546,8784,1.0
6661,866099.7954549718,8784,1.0
9397,865484.4637013706,8784,1.0
5380,864583.7045952033,8784,1.0
9361,863965.7107083548,8784,1.0
7041,863829.2923258062,8784,1.0
5166,863795.2772850145,8784,1.0
5381,863103.6706282813,8784,1.0
7243,863036.3473570453,8784,1.0
8659,862063.7535277499,8784,1.0
5480,860664.1915705058,8784,1.0
7177,860107.7531471177,8784,1.0
5663,859636.3847823318,8784,1.0
7645,858974.8356580599,8784,1.0
6896,858205.3019965775,8784,1.0
2936,857821.7285081694,8784,1.0
4265,857814.9986553842,8784,1.0
7884,857725.4638325318,8784,1.0
4678,857503.6275376063,8784,1.0
3866,857414.9402039213,8784,1.0
8569,857009.8697630442,8784,1.0
4966,856962.0182460966,8784,1.0
5044,856864.441981727,8784,1.0
7074,856321.3275833064,8784,1.0
3737,856299.0909951546,8784,1.0
7424,854368.4883974295,8784,1.0
5779,853433.9063706308,8784,1.0
3234,853107.4388354932,8784,1.0
9485,852798.7241143682,8784,1.0
4466,852265.6580444616,8784,1.0
2338,851618.8601888178,8784,1.0
7525,851023.6993129809,8784,1.0
8759,850913.9821253341,8784,1.0
3235,850661.7190230442,8784,1.0
3185,850489.8931818655,8784,1.0
8369,850340.12506546,8784,1.0
7867,849588.033547874,8784,1.0
5377,849534.9046795781,8784,1.0
8821,849366.2591406023,8784,1.0
3352,849156.0812709234,8784,1.0
3037,848811.3380765575,8784,1.0
5242,847532.1323925471,8784,1.0
6379,846588.4169083699,8784,1.0
3647,846550.3928286876,8784,1.0
9660,846162.5300799294,8784,1.0
3665,845882.1824753275,8784,1.0
6965,845371.0687068456,8784,1.0
47,845139.2608438109,8784,1.0
9462,844998.8769784461,8784,1.0
4766,844588.8451849092,8784,1.0
9152,844529.794267754,8784,1.0
9497,844289.0202418595,8784,1.0
8776,844198.9445579486,8784,1.0
9886,843983.0758267844,8784,1.0
7175,843586.1887020334,8784,1.0
3284,843359.6401457413,8784,1.0
4329,843317.44374453,8784,1.0
6660,842388.9760553974,8784,1.0
4369,841033.2276107917,8784,1.0
5664,840652.8837650359,8784,1.0
2339,840561.6901342189,8784,1.0
8074,840273.0856641132,8784,1.0
9271,840250.7557901498,8784,1.0
8652,840007.4689312605,8784,1.0
7891,838381.9818774908,8784,1.0
7791,838159.1249444064,8784,1.0
852,838101.4390622267,8784,1.0
7552,837614.2319901655,8784,1.0
8559,837334.9205294567,8784,1.0
3551,836594.6329688503,8784,1.0
9170,836589.4821037509,8784,1.0
7044,836027.0793158837,8784,1.0
7551,836020.7942179438,8784,1.0
7892,835743.4772436192,8784,1.0
6254,835603.9316025525,8784,1.0
9371,835563.8752981521,8784,1.0
2047,835269.940372444,8784,1.0
3452,834959.651548293,8784,1.0
7792,834367.9668206712,8784,1.0
7971,834362.0349702358,8784,1.0
7143,834255.7606894455,8784,1.0
7142,834112.122527508,8784,1.0
4368,834063.2060318697,8784,1.0
6755,834030.9210912619,8784,1.0
5374,833676.4704912584,8784,1.0
1947,833426.1808748721,8784,1.0
4380,833312.8365713042,8784,1.0
8859,833217.1189147824,8784,1.0
7666,832747.4672854316,8784,1.0
6344,831964.5344725254,8784,1.0
4130,831580.3460885969,8784,1.0
8635,830783.2770716687,8784,1.0
8287,830574.515610898,8784,1.0
7542,830531.4095168107,8784,1.0
5849,830290.8315527822,8784,1.0
7753,830165.2924779166,8784,1.0
8669,830038.048109878,8784,1.0
9019,829602.2766203749,8784,1.0
2147,829454.4503392129,8784,1.0
9171,828928.1477401835,8784,1.0
8552,828453.507282743,8784,1.0
7790,828314.4223050504,8784,1.0
9072,827599.6055171547,8784,1.0
7341,827593.5576273736,8784,1.0
3184,827472.723118359,8784,1.0
8977,825767.3892818021,8784,1.0
7643,825744.0262915653,8784,1.0
7887,824536.9496548875,8784,1.0
2045,823772.8528202557,8784,1.0
8739,823575.5905757737,8784,1.0
7440,823366.4407254078,8784,1.0
9876,822785.168618185,8784,1.0
1150,822746.3093533674,8784,1.0
1346,822680.915207926,8784,1.0
7145,822533.9540783898,8784,1.0
4569,821993.4706156254,8784,1.0
6776,821765.9735872666,8784,1.0
7871,821726.7912711789,8784,1.0
8871,821181.332151767,8784,1.0
3236,820896.3705939249,8784,1.0
9296,820581.2822677108,8784,1.0
8818,820384.9722717585,8784,1.0
3463,820040.8409930993,8784,1.0
3182,819847.9903630667,8784,1.0
3282,819847.9903630667,8784,1.0
3183,819829.0106578978,8784,1.0
8387,819298.8965401483,8784,1.0
6677,818479.400213546,8784,1.0
6678,818302.5255059435,8784,1.0
6777,818302.5255059435,8784,1.0
6778,818302.5255059435,8784,1.0
3549,818123.4968344317,8784,1.0
9258,817254.7117287368,8784,1.0
3768,817030.7705531999,8784,1.0
7367,816593.5641995932,8784,1.0
7441,815869.3067724862,8784,1.0
3381,815608.626366232,8784,1.0
7141,814876.0325028457,8784,1.0
8560,814723.9930706194,8784,1.0
8638,813459.3596733585,8784,1.0
7465,813151.4020634834,8784,1.0
9169,813049.909665763,8784,1.0
3380,812130.9710856767,8784,1.0
3480,812089.6147112055,8784,1.0
3481,812084.9308813005,8784,1.0
3354,811822.814713263,8784,1.0
3581,811795.8437516189,8784,1.0
8956,811605.4995140372,8784,1.0
7974,811581.8768982656,8784,1.0
7774,811116.8844308022,8784,1.0
7873,811116.8844308022,8784,1.0
4480,811065.6105453115,8784,1.0
7625,809359.1487940078,8749,0.9960154826958105
8179,808947.5189631418,8784,1.0
7766,808675.7918861232,8784,1.0
5579,808268.8419475454,8784,1.0
9770,808260.1830085921,8784,1.0
5479,808180.7727450912,8784,1.0
7773,807434.6415993485,8784,1.0
5778,807350.121457736,8784,1.0
8452,806361.6349737291,8784,1.0
3283,805714.1979932253,8784,1.0
9951,805589.7477989827,8784,1.0
9950,805565.9331894106,8784,1.0
9949,805520.8530005603,8784,1.0
9851,805424.2110113369,8784,1.0
7968,804748.2536583907,8784,1.0
7040,803895.3624699969,8784,1.0
3538,803789.0583345311,8784,1.0
7140,803118.8848484172,8784,1.0
1949,803066.6307853851,8784,1.0
9850,802451.5896507486,8784,1.0
5476,801914.905005803,8784,1.0
7257,800978.8853047861,8784,1.0
3219,800932.4825526356,8784,1.0
4930,799957.946929094,8784,1.0
7692,799604.7495875773,8784,1.0
3135,799046.3515693821,8784,1.0
8568,798502.5095692788,8784,1.0
5437,798123.2596493008,8784,1.0
4726,796827.0023295563,8784,1.0
9076,796666.2536711909,8784,1.0
4467,795324.0690098475,8784,1.0
9778,794926.3656972924,8784,1.0
3928,794617.7120006059,8784,1.0
2337,793648.6852344803,8784,1.0
3136,793521.6942052415,8784,1.0
7992,793134.7640889715,8784,1.0
3973,792152.3558043087,8784,1.0
8639,791934.0533678243,8784,1.0
4764,791849.0417456246,8784,1.0
8755,790288.1122895915,8784,1.0
7493,790119.8107609533,8784,1.0
6796,789528.4531820248,8784,1.0
9771,788799.0177625659,8784,1.0
6255,787146.6669049782,8784,1.0
3580,786730.5223393622,8784,1.0
7690,786395.3872232577,8784,1.0
9777,785993.5082893914,8784,1.0
7556,785828.601508695,8784,1.0
3637,783964.6082188954,8784,1.0
3550,783487.6077067531,8784,1.0
4230,782959.3383012172,8784,1.0
8177,782544.8479371116,8784,1.0
5074,781273.8906091136,8784,1.0
7161,781220.9164191623,8784,1.0
8184,780361.0973039829,8784,1.0
7872,779743.6980662788,8784,1.0
2144,779716.609960056,8784,1.0
2935,779602.1015939607,8784,1.0
7746,779236.0883077453,8784,1.0
7358,779064.5288308321,8784,1.0
3671,778798.1894662252,8784,1.0
4768,778524.4668611657,8784,1.0
7639,778307.1695947966,8784,1.0
8740,777697.4102406714,8784,1.0
5030,776951.866329008,8784,1.0
5679,776520.572122932,8784,1.0
7839,776260.323602597,8784,1.0
7739,776115.5684283557,8784,1.0
7874,775701.7155754087,8784,1.0
8918,775532.5390837747,8784,1.0
7888,774851.3802587879,8784,1.0
7160,774753.6754180541,8784,1.0
9398,773966.4715992867,8784,1.0
3565,773690.8397618929,8784,1.0
9750,773351.4930316416,8784,1.0
9585,773108.1715245558,8784,1.0
8735,771789.9460514935,8784,1.0
9095,771358.6745079884,8784,1.0
7174,771248.4872019901,8784,1.0
7080,771220.328240453,8784,1.0
7752,770722.1298701026,8784,1.0
4067,770126.0016801223,8784,1.0
5648,769629.8668159143,8784,1.0
3566,769555.3501346135,8784,1.0
7152,769218.5017606902,8784,1.0
6948,768877.3573362675,8784,1.0
7932,768742.2184773418,8784,1.0
4929,768728.0181307034,8784,1.0
3974,768596.9762699008,8784,1.0
8738,767979.8012702821,8784,1.0
8854,767244.9589599612,8784,1.0
7840,766462.1637354679,8784,1.0
8187,765750.9612076447,8784,1.0
7672,765402.5543753298,8784,1.0
9496,764940.3205291135,8784,1.0
4143,764763.4226919254,8784,1.0
7540,764693.0953121459,8784,1.0
4070,764679.6422516316,8784,1.0
8953,764579.5041218103,8784,1.0
9297,764505.4062018326,8784,1.0
1347,764243.5135581206,8784,1.0
4727,764183.4360824875,8784,1.0
6947,764079.7536659212,8784,1.0
7244,763910.9678254201,8784,1.0
7353,763792.5725455213,8784,1.0
7026,763278.8857180758,8784,1.0
7126,763278.8857180758,8784,1.0
7054,762828.8806040111,8784,1.0
8668,762444.7898755635,8784,1.0
8590,762417.8407605009,8784,1.0
3254,762310.3117480291,8784,1.0
3382,762262.6265337169,8784,1.0
7227,762252.5515491704,8784,1.0
7226,762241.2488003349,8784,1.0
2654,762108.8909393409,8784,1.0
9475,761985.8026742347,8784,1.0
2655,761355.5089550096,8784,1.0
9567,761304.7588405219,8784,1.0
3332,760824.2932264361,8784,1.0
8051,760729.9400323177,8784,1.0
9376,760698.6748086633,8784,1.0
7931,760572.252343019,8784,1.0
8792,760570.6196243307,8784,1.0
7740,760393.7121483408,8784,1.0
3438,759681.8153272879,8784,1.0
3117,759651.7515564155,8784,1.0
7640,759560.630681907,8784,1.0
2934,759513.6304077291,8784,1.0
7047,759197.7558185327,8784,1.0
9669,759058.4173315519,8784,1.0
7589,758840.3531660504,8784,1.0
4568,758699.033257499,8784,1.0
9066,758625.2217228363,8784,1.0
9751,757983.1338637683,8784,1.0
7269,757970.0161925508,8784,1.0
3930,757640.5823216413,8784,1.0
7541,757629.2424907315,8784,1.0
7144,757116.3473247673,8784,1.0
8460,756714.9584851403,8784,1.0
8718,756615.1158724156,8784,1.0
6356,755736.6287022372,8784,1.0
3548,754759.7513703754,8784,1.0
7815,754661.9736353304,8784,1.0
8658,754257.8037184359,8784,1.0
9275,753956.8001896238,8784,1.0
5140,753907.0569035064,8784,1.0
7039,753655.9785118233,8784,1.0
8935,753570.5194079739,8784,1.0
8181,753458.2158909822,8784,1.0
8193,753224.8920427829,8784,1.0
3828,753088.648435802,8784,1.0
8192,753021.4669649723,8784,1.0
8092,752648.7036191684,8784,1.0
5775,752573.8588320491,8784,1.0
7772,751481.657493267,8784,1.0
8093,751137.4132912568,8784,1.0
1655,750802.4653532503,8784,1.0
1755,750603.5254213908,8784,1.0
9582,750516.6652616293,8784,1.0
6885,750035.6405964099,8784,1.0
1756,749524.8633885869,8784,1.0
8558,748706.4243871027,8784,1.0
9067,748701.7739984979,8784,1.0
9068,748669.7006647496,8784,1.0
7393,748653.3838032269,8784,1.0
7714,748626.4619979187,8784,1.0
953,748100.1429093068,8784,1.0
5481,747965.0574827156,8784,1.0
1847,747813.5368340836,8784,1.0
8972,747344.0832397972,8784,1.0
8441,747342.5362842482,8784,1.0
8279,746683.2391981963,8784,1.0
7641,746609.6567546519,8784,1.0
9888,746366.6989605133,8784,1.0
8459,746128.3084931305,8784,1.0
7127,745671.7477456565,8784,1.0
9879,745347.8966122981,8784,1.0
3769,745289.4999496908,8784,1.0
9470,745280.9617001431,8784,1.0
9948,745231.3568064247,8784,1.0
7171,745196.2233088315,8784,1.0
9252,745023.3109580667,8784,1.0
3975,744804.777398471,8784,1.0
9280,744781.3425667848,8784,1.0
3467,744063.1428396824,8784,1.0
7139,743364.772875825,8784,1.0
9789,742882.1921543834,8784,1.0
3927,742587.1620241979,8784,1.0
9559,742099.6187893349,8784,1.0
9196,742048.8182410971,8784,1.0
4378,742043.9254524617,8784,1.0
1856,741758.7986530111,8784,1.0
9180,741194.7855485335,8784,1.0
8342,741170.7866984021,8784,1.0
9474,740956.225362692,8784,1.0
9785,740028.6130269206,8784,1.0
8442,740025.1752981473,8784,1.0
9070,739747.3535710276,8784,1.0
8242,738245.3394437578,8784,1.0
6297,738150.8287172613,8784,1.0
9071,737742.3675481068,8784,1.0
3877,737354.444446688,8784,1.0
8070,737045.8812351762,8784,1.0
9149,736880.2953570713,8784,1.0
5673,735631.278244639,8784,1.0
4928,735594.4094517917,8784,1.0
9551,735415.4474406699,8784,1.0
4280,734273.0758494489,8784,1.0
7439,734017.0007888885,8784,1.0
8520,733999.8681766668,8784,1.0
7355,733996.2979489925,8784,1.0
6879,733442.6150614873,8784,1.0
9769,733424.6209802757,8784,1.0
8971,733109.0045882987,8784,1.0
5578,733006.6448623211,8784,1.0
3668,732820.5089525088,8784,1.0
3729,732711.4571525395,8784,1.0
6694,732616.8134040852,8784,1.0
9552,731511.4074176197,8784,1.0
8243,731326.0459377266,8784,1.0
5478,731221.3214838085,8784,1.0
7138,730443.8642969604,8784,1.0
9052,730258.9974165142,8784,1.0
3482,729620.4539263594,8784,1.0
5066,729574.554757913,8784,1.0
5879,729524.3886491382,8784,1.0
9451,729515.7051996562,8784,1.0
9651,729441.2227283049,8784,1.0
8075,729359.0935260198,8784,1.0
5580,729318.6863499106,8784,1.0
9652,729270.2954625585,8784,1.0
9768,729261.5693102808,8784,1.0
1246,729224.5005260704,8784,1.0
9452,728553.9358385693,8784,1.0
9352,728436.734099032,8784,1.0
9351,728368.3667972654,8784,1.0
9094,728291.839546357,8784,1.0
4828,727975.7863325855,8784,1.0
9668,727765.4761265513,8784,1.0
3552,727384.7145133124,8784,1.0
5280,727321.684524951,8784,1.0
7043,727297.6365736552,8784,1.0
8876,726452.382015314,8784,1.0
8280,725836.9824207746,8784,1.0
9281,725087.0476293099,8784,1.0
8379,723999.4077552413,8784,1.0
7326,723055.1124472832,8784,1.0
8380,723020.760207464,8784,1.0
3632,722521.7110125485,8784,1.0
3084,721789.0137563526,8784,1.0
7327,721724.1735503399,8784,1.0
850,721462.3775260663,8784,1.0
3767,720980.5463739674,8784,1.0
8892,720943.0133836602,8784,1.0
9257,720816.1757455862,8784,1.0
7857,720617.4315049755,8784,1.0
9677,720610.8452582168,8784,1.0
8343,720552.0717532454,8784,1.0
7956,720377.451759674,8784,1.0
4044,720370.0754383303,8784,1.0
9459,719833.2680087241,8784,1.0
9790,719772.128833798,8784,1.0
7455,719272.1865265302,8784,1.0
9381,718424.0775043304,8784,1.0
2247,718414.2054260607,8784,1.0
9870,718112.7694760563,8784,1.0
5880,717452.8030321937,8784,1.0
3018,716937.5116063984,8784,1.0
9849,716013.7786811789,8784,1.0
9869,715337.6548219592,8784,1.0
8657,715194.1723108386,8784,1.0
7042,714285.5726509001,8784,1.0
7993,714230.3990981046,8784,1.0
3662,714003.0544192039,8784,1.0
3827,713251.0510187254,8784,1.0
7027,713042.0971306124,8784,1.0
8094,712973.0742564799,8784,1.0
2345,712712.9394572158,8784,1.0
1855,712130.1093849788,8784,1.0
1656,711812.2955486667,8784,1.0
3119,711735.3771193865,8784,1.0
4978,711630.6090507002,8784,1.0
8863,711228.2637926727,8784,1.0
8281,711059.6440152811,8784,1.0
5749,710618.4960758539,8784,1.0
8886,710217.3764065879,8784,1.0
8853,709989.9479306015,8784,1.0
4269,709646.1714966712,8784,1.0
8640,709509.4041728297,8784,1.0
7545,709337.1493255086,8784,1.0
8487,709205.7000025978,8784,1.0
8951,708500.7066802175,8784,1.0
8083,708311.620779115,8784,1.0
1849,707687.0651093889,8784,1.0
7565,707546.1653662911,8784,1.0
8557,707375.8954110043,8784,1.0
8194,707344.8253703958,8784,1.0
8885,706965.8946684535,8784,1.0
8292,706950.3728555979,8784,1.0
4279,706507.8900775055,8784,1.0
7258,706066.8683127774,8784,1.0
5748,705889.9005949398,8784,1.0
8152,705290.4133532991,8784,1.0
9380,705209.1994200996,8784,1.0
5278,705163.3190592397,8784,1.0
9653,704798.4929192257,8784,1.0
7425,704380.4395182717,8784,1.0
7253,703848.1906206527,8784,1.0
3384,703474.8148094945,8784,1.0
9256,703274.8093845879,8784,1.0
9181,703273.4973600783,8784,1.0
6654,703088.3725006564,8784,1.0
1946,703054.3660141461,8784,1.0
7747,702525.0950088932,8784,1.0
1654,701796.6567765514,8784,1.0
4072,701624.2707798845,8784,1.0
7984,701311.773804441,8784,1.0
3085,701299.0233951033,8784,1.0
6648,700867.6982315404,8784,1.0
8079,700555.3462601851,8784,1.0
3451,700514.8767247034,8784,1.0
7539,699875.9722722626,8784,1.0
3137,699698.0954483986,8784,1.0
5240,699638.5212522255,8784,1.0
8553,699297.6397657736,8784,1.0
7814,699109.3735958436,8784,1.0
7987,698966.507159006,8784,1.0
9080,698699.6010515526,8784,1.0
3035,698684.4123859863,8784,1.0
7273,698654.7068936629,8784,1.0
2348,697980.4699215654,8784,1.0
3083,697936.2356069161,8784,1.0
6595,697632.9628148278,8784,1.0
9273,696596.0137534239,8784,1.0
7146,696594.272553537,8784,1.0
4566,696584.3653213825,8784,1.0
8112,695492.5373540525,8784,1.0
6478,695296.9944982509,8784,1.0
3829,694605.8690003806,8784,1.0
9690,694518.1026780539,8784,1.0
2554,694240.954388455,8784,1.0
9156,693752.5288184977,8784,1.0
9482,693357.105343877,8784,1.0
3034,693003.7239333857,8784,1.0
4880,692407.9327293204,8784,1.0
751,692097.0873294709,8784,1.0
3217,691759.4741243361,8784,1.0
3286,691592.146937279,8784,1.0
8877,690952.3457228496,8784,1.0
3134,689168.6610956696,8784,1.0
246,688592.4177402711,8784,1.0
3945,688562.4257672796,8784,1.0
9096,688094.259299654,8784,1.0
4073,687576.385444585,8784,1.0
6980,687263.2690214656,8784,1.0
4829,687048.2888386567,8784,1.0
9097,686734.4936829741,8784,1.0
2438,685941.659233875,8784,1.0
9272,685519.6560457663,8784,1.0
7180,685460.6435190674,8784,1.0
7674,685325.4123256819,8784,1.0
9155,685229.6999702342,8784,1.0
3318,684727.6997168487,8784,1.0
3418,684727.6997168487,8784,1.0
3579,684584.852593188,8784,1.0
9160,684448.6059204338,8784,1.0
8836,684212.9427280258,8784,1.0
4769,683684.1699871921,8784,1.0
4841,683472.5268730929,8784,1.0
9274,682855.5044391971,8784,1.0
3777,682608.9890870394,8784,1.0
6748,681830.2854286958,8784,1.0
8997,681668.765372531,8784,1.0
9081,681404.8892195086,8784,1.0
9166,680756.2842130109,8784,1.0
9298,680745.7997530905,8784,1.0
3319,680695.4601030793,8784,1.0
4133,679675.0444216295,8784,1.0
9359,679255.0202804938,8784,1.0
8151,678783.2190044598,8784,1.0
9197,678545.837123226,8784,1.0
8651,678375.905655737,8784,1.0
3728,678128.4123664541,8784,1.0
7673,677574.4117528145,8784,1.0
5780,676901.3322904847,8784,1.0
8252,676139.9092966933,8784,1.0
6981,675429.740910796,8784,1.0
853,675206.9332639613,8784,1.0
7786,674971.4721808123,8784,1.0
8244,674930.2023880092,8784,1.0
2586,673953.7192268041,8784,1.0
8453,673881.991616927,8784,1.0
3680,673528.7645907466,8784,1.0
9266,673481.774869065,8784,1.0
6477,673407.8797576237,8784,1.0
3835,673245.2916668432,8784,1.0
2437,672912.4923056212,8784,1.0
2248,672789.4375016297,8784,1.0
7460,672194.3224266438,8784,1.0
9952,671703.5905190135,8784,1.0
3483,671426.2082120898,8784,1.0
6767,671387.0633959963,8784,1.0
8891,670909.6088814139,8784,1.0
9082,670744.8595189331,8784,1.0
9357,670608.5915166038,8784,1.0
9752,670601.6089849422,8784,1.0
2933,670536.2272566301,8784,1.0
6398,670173.5730317214,8784,1.0
4666,670043.2271720117,8784,1.0
8143,669973.150353113,8784,1.0
2485,669930.9830690018,8784,1.0
9761,669797.852116435,8784,1.0
9889,669575.4851411893,8784,1.0
2585,669570.0410705582,8784,1.0
5279,669561.3643995709,8784,1.0
8618,669460.8423906381,8784,1.0
8144,669400.7709053684,8784,1.0
7392,669112.5141561971,8784,1.0
3383,669025.7171480486,8784,1.0
5848,669021.8403155175,8784,1.0
4564,668707.9651034857,8784,1.0
3331,668231.705472842,8784,1.0
9659,668066.2570545864,8784,1.0
7787,668043.695450043,8784,1.0
8492,667358.3559799135,8784,1.0
2631,666746.857466439,8784,1.0
3678,666495.6052867714,8784,1.0
3679,666495.6052867714,8784,1.0
3778,666495.6052867714,8784,1.0
3779,666495.6052867714,8784,1.0
3780,666495.6052867714,8784,1.0
1757,666292.4308806782,8784,1.0
2632,666005.8281397453,8784,1.0
8791,665936.7110960174,8784,1.0
8589,665815.878305547,8784,1.0
8031,665799.8974891456,8784,1.0
2486,665736.3320769367,8784,1.0
7813,665464.5217165302,8784,1.0
8032,665393.5669167485,8784,1.0
8381,664906.9992747011,8784,1.0
7951,664809.3118060149,8784,1.0
7723,664336.5045867491,8775,0.9989754098360656
9358,664243.2821957322,8784,1.0
9458,664243.2821957322,8784,1.0
9558,664243.2821957322,8784,1.0
9457,664228.4210737364,8784,1.0
9557,664214.6120245416,8784,1.0
4879,663822.3152586624,8784,1.0
2555,663450.6729260029,8784,1.0
8111,663276.0633142451,8784,1.0
3082,662766.8272818354,8784,1.0
4979,662422.1595537388,8784,1.0
9776,662104.3898560742,8784,1.0
4281,662087.808444043,8784,1.0
4425,662079.3371261327,8784,1.0
9890,662067.4923270661,8784,1.0
7259,661960.0055967392,8783,0.9998861566484517
9182,661883.4544926235,8784,1.0
3379,660887.1626277826,8784,1.0
3479,660871.8244610581,8784,1.0
8283,660069.7872933141,8784,1.0
3727,659847.0111354823,8784,1.0
8282,659298.9199982056,8784,1.0
9852,659076.6667826317,8784,1.0
8556,658858.5003500446,8784,1.0
9056,658537.5175190849,8784,1.0
7933,658294.0649050354,8784,1.0
7384,657822.4483554957,8784,1.0
9980,657484.7216287494,8784,1.0
8458,657402.0132262979,8784,1.0
7980,657069.8862132019,8784,1.0
9576,657041.8531599299,8784,1.0
7557,656894.6120220659,8784,1.0
9595,656807.1016940582,8784,1.0
9596,656807.1016940582,8784,1.0
9695,656807.1016940582,8784,1.0
4728,656723.815330045,8784,1.0
9696,656684.1862855427,8784,1.0
3572,656120.9871503437,8784,1.0
8414,656019.4658149846,8784,1.0
2732,655952.485226612,8784,1.0
8383,655894.6187790873,8784,1.0
6455,655649.4014865921,8784,1.0
8611,655170.5398998958,8784,1.0
8410,655086.6636335488,8784,1.0
8510,655063.3530253062,8784,1.0
8521,654976.4317109645,8784,1.0
7025,654846.0359264446,8784,1.0
8183,654768.9408314691,8784,1.0
3944,654396.8424179615,8784,1.0
7368,654187.5818347079,8784,1.0
8178,654016.1528244303,8784,1.0
4032,653953.4176027874,8784,1.0
9553,652089.4851132721,8784,1.0
8996,651989.4467791743,8784,1.0
8966,651881.2978594358,8784,1.0
9658,651699.4311208708,8784,1.0
4579,651443.3127238005,8784,1.0
4988,651201.1188248874,8784,1.0
8655,650880.8592396221,8784,1.0
9786,650860.5311681463,8784,1.0
3626,650666.882826549,8784,1.0
9486,650506.6312879189,8784,1.0
4033,650334.8229845574,8784,1.0
3625,650126.2401869852,8784,1.0
7638,649943.654433459,8784,1.0
8468,649871.9464961141,8784,1.0
8970,649751.0644321631,8784,1.0
8622,649723.1302521627,8784,1.0
9670,649684.3293523975,8784,1.0
9650,649611.2083978741,8784,1.0
8081,649222.0432888805,8784,1.0
6994,649030.7419493353,8784,1.0
8010,648954.0531284946,8784,1.0
6979,648833.5078578243,8784,1.0
7079,648833.5078578243,8784,1.0
2439,648433.7508053964,8784,1.0
3255,648427.5673653807,8784,1.0
8113,648309.9007213442,8784,1.0
954,647449.7214736271,8784,1.0
8155,647419.4435502038,8784,1.0
4377,647387.4140276042,8784,1.0
8511,647387.3030183829,8784,1.0
9657,647340.6517655248,8784,1.0
9386,647328.4557005126,8784,1.0
2347,647185.8201932493,8784,1.0
6298,647112.2633815315,8784,1.0
4741,646911.3953174774,8784,1.0
4277,646846.1603566827,8784,1.0
2731,646846.1042829714,8784,1.0
3878,646247.5305653008,8784,1.0
7325,646124.2931972225,8784,1.0
8352,645843.241565325,8784,1.0
5776,645751.9830772342,8784,1.0
8563,645475.7435929953,8784,1.0
8182,644991.0403956063,8784,1.0
3486,644727.6583646437,8784,1.0
6780,644477.461611042,8784,1.0
9947,644267.3116830931,8784,1.0
8050,643621.6412288314,8784,1.0
8033,643460.5313191781,8784,1.0
4165,643449.3859120432,8784,1.0
2538,643171.1788118472,8784,1.0
9762,642888.059899799,8784,1.0
9276,642797.1327128338,8784,1.0
6880,642622.2125243591,8784,1.0
3879,642536.5476660688,8784,1.0
9682,642046.072992621,8784,1.0
9848,642007.0372905284,8784,1.0
3431,641565.0378557775,8784,1.0
3844,641420.8563672365,8784,1.0
8991,641412.8576780534,8784,1.0
8082,640951.3939520494,8784,1.0
2733,640839.163735466,8784,1.0
3233,640650.6264849143,8784,1.0
3458,640438.308727147,8784,1.0
5465,640246.6737496947,8784,1.0
9300,640158.4858288465,8784,1.0
1857,639121.8533332311,8784,1.0
8145,638930.7377349494,8784,1.0
6649,638526.4492046088,8784,1.0
7642,638037.8293401559,8784,1.0
8253,637877.7756656887,8784,1.0
3880,637338.2615730853,8784,1.0
7785,636990.1106293871,8784,1.0
6479,636973.9280776776,8784,1.0
7713,636949.2602199907,8784,1.0
2239,636880.6821563039,8784,1.0
4065,636816.681171176,8784,1.0
6995,636660.4022185194,8784,1.0
9875,636410.024562775,8784,1.0
3726,636254.5997934466,8784,1.0
3638,636101.2385309967,8784,1.0
4278,635419.7449461768,8784,1.0
9481,635217.803209793,8784,1.0
9498,634450.9827328563,8784,1.0
9970,633541.9444820359,8784,1.0
7426,633216.1818693567,8784,1.0
2835,633146.6653065195,8784,1.0
1754,632779.5731877063,8784,1.0
8419,632599.3289097516,8784,1.0
8785,632518.8627927286,8784,1.0
7267,632116.5698359762,8784,1.0
6766,631896.3644554333,8784,1.0
7268,631691.6501081253,8784,1.0
8514,631680.1208595127,8784,1.0
2537,631565.6883150875,8784,1.0
2539,631193.8543701003,8784,1.0
3220,630841.7000994809,8784,1.0
7265,630764.7488732475,8784,1.0
7847,630380.3574973092,8784,1.0
7125,629208.2883901482,8784,1.0
3484,629120.652300795,8784,1.0
3677,628954.4770978238,8784,1.0
4031,628409.0032548051,8784,1.0
2244,627377.2233556253,8784,1.0
750,626972.8855092159,8784,1.0
8142,626744.1080501075,8784,1.0
8170,626732.2089953395,8784,1.0
4873,626567.7461287444,8784,1.0
7976,626499.8599754646,8784,1.0
6596,626234.2607522579,8784,1.0
1652,626145.9111415702,8784,1.0
2833,626130.761365582,8784,1.0
5649,625780.1656258212,8784,1.0
8786,625691.0072520928,8784,1.0
8030,625458.199363285,8784,1.0
3732,625367.4169141959,8784,1.0
4038,625333.1926071653,8784,1.0
8087,625215.9004217756,8784,1.0
9375,625158.2641077102,8784,1.0
3781,625155.6033624616,8784,1.0
5674,623748.4339179522,8784,1.0
9597,623647.3396663751,8784,1.0
7784,623058.0275208208,8784,1.0
7841,622925.4743112368,8784,1.0
7225,622495.2792076877,8784,1.0
955,622469.0934288331,8784,1.0
4370,622360.3088525942,8784,1.0
3485,622216.4902748916,8784,1.0
8044,621885.7638780809,8784,1.0
7168,621824.188470611,8784,1.0
2089,621146.803732751,8784,1.0
2190,621146.803732751,8784,1.0
2584,620395.2962207595,8784,1.0
2984,620390.9416626223,8784,1.0
7893,620322.9368070303,8784,1.0
4469,620259.6596571226,8784,1.0
3676,619692.3957627597,8784,1.0
2290,619366.0368552697,8784,1.0
8341,619097.3855074681,8784,1.0
8753,618857.8096070653,8784,1.0
9656,618716.9411674286,8784,1.0
4830,618560.4713831729,8784,1.0
9871,618538.1422962948,8784,1.0
4939,616591.3986993324,8784,1.0
8955,616123.1793758231,8784,1.0
8353,615669.0865238948,8784,1.0
1552,615630.5465550033,8784,1.0
866,615188.8665184606,8784,1.0
7866,615059.8953317932,8784,1.0
950,614742.5328683613,8784,1.0
2189,614170.9813926514,8784,1.0
3237,614005.6460557432,8784,1.0
865,613599.0321704954,8784,1.0
4328,613374.5738598567,8784,1.0
7266,612420.0166565935,8784,1.0
4131,612385.332683885,8784,1.0
2587,612276.0932887304,8784,1.0
7665,612142.2314820058,8784,1.0
5180,611953.1247809151,8784,1.0
3320,611794.9993336217,8784,1.0
8515,611479.1918207029,8784,1.0
3321,611361.7469484487,8784,1.0
9255,611342.1059672077,8784,1.0
7741,611249.7278490308,8784,1.0
3455,611189.0056477452,8784,1.0
4667,611055.5732698825,8784,1.0
8967,610992.8263546305,8784,1.0
2834,610616.0287353002,8784,1.0
8653,610012.4604022374,8784,1.0
3464,609937.0201447429,8784,1.0
9946,609756.3055026258,8784,1.0
8986,609316.6756413681,8784,1.0
9760,609271.0859704784,8784,1.0
2391,609077.97881519,8784,1.0
6143,608887.9182666925,8784,1.0
8591,608690.3325276602,8784,1.0
3367,608599.169881803,8784,1.0
3836,608248.6754302103,8784,1.0
8689,608057.6493001819,8784,1.0
9759,607908.3834801355,8784,1.0
9858,607908.3834801355,8784,1.0
9859,607908.3834801355,8784,1.0
9860,607908.3834801355,8784,1.0
9861,607908.3834801355,8784,1.0
9961,607908.3834801355,8784,1.0
9758,607903.1531555908,8784,1.0
9190,607851.1188596387,8784,1.0
5777,607805.4536058928,8784,1.0
9960,607788.9070302307,8784,1.0
4891,607384.5146635917,8784,1.0
2985,607093.7772086343,8784,1.0
9550,606986.3313026291,8784,1.0
1653,606985.5450266321,8784,1.0
8555,606843.1055135281,8784,1.0
3231,606456.0427708161,8784,1.0
148,606359.6530459505,8784,1.0
7324,605856.7785012181,8784,1.0
9385,605689.3866723393,8784,1.0
9450,605256.3808504122,8784,1.0
2291,605215.9696149629,8784,1.0
2981,605176.1194485258,8784,1.0
2982,605176.1194485258,8784,1.0
2983,605176.1194485258,8784,1.0
2882,605176.1194485257,8784,1.0
8777,604991.0601317388,8784,1.0
7153,604842.0313183999,8784,1.0
4071,604696.644972898,8784,1.0
7675,603793.2757413455,8784,1.0
4045,603360.6890578938,8784,1.0
4046,603360.6890578938,8784,1.0
2237,603158.0757321432,8784,1.0
6296,602698.4730183902,8784,1.0
9756,602513.401295935,8784,1.0
9857,602484.9334104494,8784,1.0
8789,602102.364940691,8784,1.0
3881,601836.799428767,8784,1.0
2090,601691.0011635097,8784,1.0
8954,601401.2196909612,8784,1.0
9372,600365.9352756683,8784,1.0
3230,600335.0264129225,8784,1.0
7169,599530.9835226102,8784,1.0
2653,599373.1784474374,8784,1.0
9350,599352.2013784661,8784,1.0
9091,599182.0734233323,8784,1.0
3681,599081.7029957131,8784,1.0
8443,598558.4181657617,8784,1.0
7722,597609.3148064538,8716,0.9922586520947176
4881,596926.8220472643,8784,1.0
5031,596841.8292172706,8784,1.0
8314,596562.3158980977,8784,1.0
8245,596282.4208322816,8784,1.0
9478,595914.7701245447,8784,1.0
8985,595902.7211182269,8784,1.0
7365,595867.3674426288,8784,1.0
4882,595717.1706069845,8784,1.0
4883,595717.1706069845,8784,1.0
1260,595249.769887324,8784,1.0
9456,594936.2850660639,8784,1.0
8440,594557.189829823,8784,1.0
8457,594333.5011941011,8784,1.0
9495,594131.1297867509,8784,1.0
8870,594042.4020122454,8784,1.0
9749,593819.5427632177,8784,1.0
4276,593573.707121931,8784,1.0
3833,593217.219442948,8784,1.0
3120,593100.6724812083,8784,1.0
5573,592615.9739620191,8784,1.0
9959,592528.7617792991,8784,1.0
7765,592474.3398766535,8784,1.0
8654,592328.8325075865,8784,1.0
9969,592010.2801594996,8784,1.0
8793,591323.0380845679,8784,1.0
9570,591282.4296429572,8784,1.0
8685,591131.2452404774,8784,1.0
5944,591022.7288684956,8784,1.0
2884,590464.5780629832,8784,1.0
9678,590239.7783710374,8784,1.0
7561,590136.1027715026,8784,1.0
752,589770.8159902152,8784,1.0
2937,589432.4761304981,8784,1.0
8897,589111.4927946138,8784,1.0
3666,588547.8183289339,8784,1.0
2883,588125.0303437327,8784,1.0
3427,587834.1995656781,8784,1.0
3766,587656.3389418423,8784,1.0
4074,587645.3913910418,8784,1.0
1055,587526.6293753778,8784,1.0
9090,587375.9814642019,8784,1.0
5737,587329.8741844494,8784,1.0
9757,586712.0671634689,8784,1.0
8311,586302.3055889232,8784,1.0
766,585906.9886125609,8784,1.0
2685,585739.3736806521,8784,1.0
2385,585714.3551403225,8784,1.0
9054,585708.7033609563,8784,1.0
8790,585652.9952842945,8784,1.0
5575,585273.8331328855,8784,1.0
7882,585162.6200228469,8784,1.0
3281,585102.709455621,8784,1.0
7445,585006.6330592323,8784,1.0
7983,584643.9874940928,8784,1.0
3556,584516.189926191,8784,1.0
7883,584472.542594752,8784,1.0
7982,584472.542594752,8784,1.0
3368,584380.3473414977,8784,1.0
7789,584284.6351828704,8784,1.0
7738,583815.8356712916,8784,1.0
9847,583698.835983476,8784,1.0
9356,583565.9462239093,8784,1.0
8637,583555.3395300668,8784,1.0
8211,583332.6094228928,8784,1.0
4565,583225.9538110796,8784,1.0
9962,583225.6213120806,8784,1.0
8612,583196.6217756652,8784,1.0
8541,583195.2513094662,8784,1.0
9581,583105.1170298872,8784,1.0
2238,583035.3053865723,8784,1.0
8513,583002.4599002743,8784,1.0
8212,582961.9525525124,8784,1.0
3932,582851.2773674014,8784,1.0
8992,582796.258382721,8784,1.0
9299,582523.675580828,8784,1.0
2755,582221.5529948369,8784,1.0
9365,582207.2740670287,8784,1.0
9362,582144.1713968277,8784,1.0
3326,581983.2626224692,8784,1.0
5576,581978.9202642051,8784,1.0
2786,581258.2246623432,8784,1.0
1555,581020.0107807448,8784,1.0
9154,580980.1996441138,8784,1.0
8293,580902.9379461777,8784,1.0
8754,580756.9797099768,8784,1.0
3628,580578.3307922935,8784,1.0
2686,580298.0607908528,8784,1.0
2886,580187.215074311,8784,1.0
2887,580101.35061815,8784,1.0
9573,579820.0224827335,8784,1.0
7775,579711.2546598378,8784,1.0
3153,579563.1055939163,8784,1.0
1684,579225.706043638,8784,1.0
9472,578795.4348205444,8784,1.0
7783,578523.2290647338,8784,1.0
2986,577878.5559843243,8784,1.0
8251,577817.0192037565,8784,1.0
7364,577774.6702931923,8784,1.0
6318,577696.5890793012,8784,1.0
8978,577592.1769598194,8784,1.0
3081,577193.838997354,8784,1.0
2785,577004.1810585652,8784,1.0
9775,576964.7565367953,8784,1.0
4770,576923.4786199172,8784,1.0
7626,576779.7547390526,8784,1.0
3661,576432.8791693394,8784,1.0
8315,576196.2924197525,8784,1.0
3547,576103.1409362191,8784,1.0
7940,575739.5076686512,8784,1.0
8420,575655.2008102281,8784,1.0
9018,575530.0231196196,8784,1.0
2787,575246.7411143009,8784,1.0
2885,575183.3711252507,8784,1.0
4132,575049.0066097016,8784,1.0
8512,574995.8257632067,8784,1.0
8382,574915.5021276921,8784,1.0
7084,574585.173543323,8784,1.0
5526,574540.1568268236,8784,1.0
9556,574471.6478982917,8784,1.0
4470,574144.7391298914,8784,1.0
956,574029.5097067772,8784,1.0
4628,573861.8266868284,8784,1.0
9697,573739.6411377261,8784,1.0
5676,573669.5745397608,8784,1.0
3330,573559.9424365452,8784,1.0
4980,573542.595505339,8784,1.0
5127,573521.0990294935,8784,1.0
7782,573239.9256433108,8784,1.0
4629,573215.7768502188,8784,1.0
8043,573212.1837824804,8784,1.0
9189,573077.0809021443,8784,1.0
5677,573069.6259726568,8784,1.0
3725,572999.9907608824,8784,1.0
9574,572391.7071501532,8784,1.0
9055,572208.4192701244,8784,1.0
8540,571905.2002187868,8784,1.0
2832,571823.8383273812,8784,1.0
8409,571261.6751776187,8784,1.0
8509,571261.6751776187,8784,1.0
2734,571113.0606648271,8784,1.0
4381,570807.5532147466,8784,1.0
9990,570569.4790429375,8784,1.0
8692,570151.9035229223,8784,1.0
9755,569835.5346511859,8784,1.0
9853,569835.5346511859,8784,1.0
9854,569835.5346511859,8784,1.0
9953,569835.5346511859,8784,1.0
9954,569835.5346511859,8784,1.0
9955,569835.5346511859,8784,1.0
9855,569679.9224729723,8784,1.0
3232,569402.1001013333,8784,1.0
4884,569304.6651713361,8784,1.0
4668,569230.5726329547,8784,1.0
8990,569063.5565797088,8784,1.0
9089,569012.3886818079,8784,1.0
5625,568535.9547813076,8784,1.0
7461,568110.7791084939,8784,1.0
9689,567992.6955470701,8784,1.0
8690,567795.2286297611,8784,1.0
9399,567694.2827337583,8784,1.0
2638,567109.2427789085,8784,1.0
8890,566744.3699661512,8784,1.0
7622,566685.0889106301,8784,1.0
2687,566679.7421408971,8784,1.0
8554,566663.9208905087,8784,1.0
8613,566437.8878820284,8784,1.0
4376,566336.5972267619,8784,1.0
8023,566162.4001937789,8784,1.0
9856,566095.551067045,8784,1.0
2987,565924.6984440506,8784,1.0
8415,565732.3140315248,8784,1.0
7950,565731.2157384737,8784,1.0
8610,565661.499545612,8784,1.0
5626,565491.3056397203,8784,1.0
7835,565363.3381449052,8784,1.0
7306,565233.8954738862,8784,1.0
3770,564868.1279405113,8784,1.0
8310,564793.1473587505,8784,1.0
3627,564742.8362171811,8784,1.0
8411,564358.2391921155,8784,1.0
7935,564346.3447671224,8784,1.0
5181,564046.4163524508,8784,1.0
9671,563827.1862533997,8784,1.0
5126,563625.2278044656,8784,1.0
8585,563376.3552474931,8784,1.0
4776,563272.0288292167,8784,1.0
9279,563248.9526717433,8784,1.0
8133,562942.019272203,8784,1.0
9471,562930.3510502392,8784,1.0
8760,562930.2873204738,8784,1.0
6394,562907.5868025374,8784,1.0
4782,562875.9684630181,8784,1.0
8035,562862.4813782116,8784,1.0
9200,562860.0520254303,8784,1.0
3466,562841.7071904608,8784,1.0
5365,562448.0750709195,8784,1.0
4477,562426.5467375221,8784,1.0
7934,562336.4680240973,8784,1.0
5175,562186.0235339898,8784,1.0
3931,562185.5561227718,8784,1.0
7546,562126.0291439164,8784,1.0
8898,561970.3178720378,8784,1.0
4578,561533.9569426194,8784,1.0
7936,561105.8179149854,8784,1.0
8899,560782.0244055325,8784,1.0
8900,560782.0244055325,8784,1.0
8036,560583.2998496491,8784,1.0
7238,560247.9409225482,8784,1.0
8869,559797.1832178888,8784,1.0
3022,559736.4142377661,8784,1.0
2888,559200.332343458,8784,1.0
3121,559121.7386519139,8784,1.0
8034,559078.3780061329,8784,1.0
8995,558470.8540903174,8784,1.0
1054,558421.0812268192,8784,1.0
8799,558171.0175093805,8784,1.0
3256,557599.487949456,8784,1.0
2366,557550.8209925883,8784,1.0
8539,557499.8313889075,8784,1.0
9198,557478.5020542281,8784,1.0
3181,557430.7189597097,8784,1.0
8998,557421.8914221785,8784,1.0
7473,557107.9701707645,8784,1.0
2639,556395.0656398439,8784,1.0
8351,556361.6994998602,8784,1.0
8887,556333.9211305646,8784,1.0
7981,555887.9895404496,8784,1.0
2754,555799.186237148,8784,1.0
3730,555729.2071107297,8784,1.0
3021,555544.6575987212,8784,1.0
2057,555504.7311614264,8784,1.0
8049,554994.4807940829,8784,1.0
9795,554893.1052061018,8784,1.0
9186,554777.6554680618,8784,1.0
7744,554376.5801177591,8784,1.0
4441,554372.0159350918,8784,1.0
7846,554258.7501306465,8784,1.0
6179,554212.4514295182,8784,1.0
3357,553685.2769978523,8784,1.0
5675,552855.3569424208,8784,1.0
9748,551960.4209411447,8784,1.0
3834,551872.681197779,8784,1.0
8936,551669.778633558,8784,1.0
9290,551650.6377419906,8784,1.0
8678,551350.4975029449,8784,1.0
9387,550541.2761398903,8784,1.0
9753,550476.3595679314,8784,1.0
1584,550419.9181109709,8784,1.0
6494,550395.3509490732,8784,1.0
7170,550300.9100630195,8784,1.0
6594,550256.4311234988,8784,1.0
6393,550251.5424875261,8784,1.0
6493,550251.5424875261,8784,1.0
5281,549945.5407261692,8784,1.0
6593,549907.9922924142,8784,1.0
8502,549873.5419425917,8784,1.0
3639,549810.1542578393,8784,1.0
3669,549733.7132630706,8784,1.0
5678,549344.6739690943,8784,1.0
7662,548933.9438707681,8784,1.0
7373,548912.588678701,8784,1.0
9945,548484.4088757465,8784,1.0
5637,548467.5507252603,8784,1.0
146,548350.6408519675,8784,1.0
8195,548071.2069288264,8784,1.0
9086,547857.2048312387,8784,1.0
5226,547557.5189582914,8784,1.0
6218,547503.794475095,8784,1.0
3221,547429.9826125312,8784,1.0
8893,547393.2569892266,8784,1.0
7560,546984.8493982286,8784,1.0
2656,546131.860104449,8784,1.0
9259,545911.3323201685,8784,1.0
9754,545863.0837257329,8784,1.0
3933,545760.3930232883,8784,1.0
8769,545262.4890729829,8784,1.0
9598,545214.5913125857,8784,1.0
9698,545151.3325244653,8784,1.0
9989,545090.6291894908,8784,1.0
2386,544552.2588708878,8784,1.0
9473,544156.4158315345,8784,1.0
5574,544077.8669443361,8784,1.0
3154,543661.5801997776,8784,1.0
7838,543603.9612769634,8784,1.0
8884,542978.1930433192,8784,1.0
9975,542817.6888027623,8784,1.0
9788,542363.1356881314,8784,1.0
7256,542318.6395395278,8784,1.0
9463,541695.3606944736,8784,1.0
3426,541586.542218233,8784,1.0
1553,541408.5377570321,8784,1.0
9277,540833.2822431838,8784,1.0
3017,540559.327886298,8784,1.0
7661,540499.3909170764,8784,1.0
3355,540437.8201699756,8784,1.0
3832,540300.151536222,8784,1.0
3670,540263.0022143719,8784,1.0
9382,539876.9668056798,8784,1.0
6554,539573.8292238181,8784,1.0
9051,538780.600790869,8784,1.0
8344,538410.9624292636,8784,1.0
9098,538358.5193247776,8784,1.0
9846,537809.7687905246,8784,1.0
5577,537580.2655355727,8784,1.0
8894,537545.2595153485,8784,1.0
8994,537545.2595153485,8784,1.0
7488,537106.0687974234,8784,1.0
9199,537053.9774425853,8784,1.0
6293,536948.5473483074,8784,1.0
8794,536527.142277207,8784,1.0
9747,536424.2554089574,8784,1.0
2340,536178.9580720498,8784,1.0
8132,535516.8868148439,8784,1.0
4330,535126.3151756289,8784,1.0
8686,534647.405267947,8784,1.0
5443,534458.0984718229,8784,1.0
4641,534003.0323498962,8784,1.0
8989,533955.9058804329,8784,1.0
6317,533849.1772836174,8784,1.0
3528,533631.7986588825,8784,1.0
9000,533570.3295798488,8784,1.0
8439,533364.078837251,8784,1.0
1753,532909.0800137975,8784,1.0
9487,532122.7481833873,8784,1.0
7743,531769.9872556463,8784,1.0
4563,531718.7790690577,8784,1.0
2784,531704.7321862614,8784,1.0
8895,531596.7744254742,8784,1.0
7939,531350.5977306636,8784,1.0
7742,530764.2464079389,8784,1.0
3570,530379.5816050891,8784,1.0
7494,530130.6982192385,8784,1.0
6043,529792.1026858357,8784,1.0
4665,529666.0214450599,8784,1.0
2637,529652.7924647576,8784,1.0
7394,529598.8602520806,8784,1.0
5541,529321.2548981505,8784,1.0
8934,529191.7971720649,8784,1.0
8069,528765.3641064815,8784,1.0
1752,528728.3358756587,8784,1.0
8542,528686.1584764478,8784,1.0
5080,528612.8830533032,8784,1.0
9699,528495.6769313645,8784,1.0
9400,528493.7840993645,8784,1.0
3629,528287.9978138865,8784,1.0
2048,528226.1744361392,8784,1.0
2738,528181.983219903,8784,1.0
8416,528103.7780463715,8784,1.0
8161,528070.2743651947,8784,1.0
8722,528044.6921183354,8784,1.0
7922,527842.0033884009,8784,1.0
4682,527804.898445612,8784,1.0
3830,527758.0674245094,8784,1.0
7865,527671.0414318206,8784,1.0
9958,527489.8104989893,8784,1.0
8588,527368.0018963882,8784,1.0
7842,527189.0971022798,8784,1.0
7745,526708.1615029025,8784,1.0
4729,525689.7416516959,8784,1.0
2737,525379.4115655514,8784,1.0
8933,525320.7505081956,8784,1.0
3573,525225.6231479817,8784,1.0
8999,525037.6923746421,8784,1.0
2684,525003.6477815917,8784,1.0
2788,524800.109864275,8784,1.0
1452,524719.0260478762,8784,1.0
8614,524641.7001259469,8784,1.0
8839,524610.5546799192,8784,1.0
9691,524563.2643303617,8784,1.0
7224,524553.6835233732,8784,1.0
8134,523712.3586611775,8784,1.0
1254,523685.7348610484,8784,1.0
4840,523564.1368339585,8784,1.0
7385,523351.6715611886,8784,1.0
8538,523162.29728934023,8784,1.0
6586,523117.4034230867,8784,1.0
7836,522868.2921710239,8784,1.0
9746,522819.1785339923,8784,1.0
2782,522532.9335402721,8784,1.0
346,522253.9106416817,8784,1.0
3831,522195.09569255845,8784,1.0
9956,522148.529135877,8784,1.0
3356,521824.5829698906,8784,1.0
1351,521637.362223834,8784,1.0
8888,521583.8280178269,8784,1.0
4567,521425.80106611963,8784,1.0
8896,521393.2379986327,8784,1.0
7588,521341.92737073754,8784,1.0
5943,521264.08458994824,8784,1.0
9453,520743.9428292022,8784,1.0
7689,520739.70400531276,8784,1.0
7788,520375.0316605538,8784,1.0
8840,520338.3848619688,8784,1.0
8537,519997.5486101286,8784,1.0
8921,519647.59743954777,8784,1.0
6585,519616.02466300153,8784,1.0
2889,519593.8497014479,8784,1.0
7228,519479.6512676017,8784,1.0
8795,519235.87126844435,8784,1.0
3470,519116.4614233484,8784,1.0
6686,519031.12467473315,8784,1.0
9282,518913.8296683924,8784,1.0
9100,518913.3540287247,8784,1.0
8417,518892.89537118206,8784,1.0
8602,518666.94128922967,8784,1.0
5078,518620.8937494007,8784,1.0
767,518585.26555337716,8784,1.0
854,518461.25893552986,8784,1.0
3529,518389.91421336436,8784,1.0
2191,518287.74049425905,8784,1.0
8261,518068.1994868898,8784,1.0
8833,517764.3834955738,8784,1.0
9099,517594.03058106324,8784,1.0
8337,517366.109736544,8784,1.0
7688,517003.23133118486,8784,1.0
8932,516692.15615430195,8784,1.0
5979,516667.05406849174,8784,1.0
8437,516539.15544156573,8784,1.0
3571,516308.7835368719,8784,1.0
9249,516261.81450039,8784,1.0
5130,516187.9132214371,8784,1.0
8438,515842.24529126106,8784,1.0
4781,515708.1550099953,8784,1.0
8516,515490.12595631764,8784,1.0
7966,515202.96963513613,8784,1.0
3667,514997.14780605905,8784,1.0
8162,514896.0063315934,8784,1.0
3020,514887.5855753734,8784,1.0
4225,514414.3095769582,8784,1.0
9179,514275.89534193085,8784,1.0
2630,514224.31608767057,8784,1.0
8889,514121.18314494577,8784,1.0
8338,514109.03136794764,8784,1.0
8551,514027.4347007048,8784,1.0
9783,513722.63891761657,8784,1.0
7693,513488.36803859146,8784,1.0
8045,513056.6034132596,8784,1.0
1056,512359.37387681747,8784,1.0
7587,512319.72720853094,8784,1.0
9119,512076.0820455118,8784,1.0
8340,512004.3718225641,8784,1.0
9085,511633.99909791286,8784,1.0
8968,511385.7999577769,8784,1.0
7250,511314.9044112886,8784,1.0
3562,511105.0670940548,8784,1.0
4663,510938.31213558855,8784,1.0
8339,510633.93680431147,8784,1.0
4872,510633.10495336854,8784,1.0
4876,510422.4984625757,8784,1.0
2440,510367.827896404,8784,1.0
9676,510246.0322261544,8784,1.0
7687,510074.72801162075,8784,1.0
3569,509943.29819945816,8784,1.0
6926,509644.170898465,8784,1.0
5799,508874.29148770194,8784,1.0
849,508787.8461275162,8784,1.0
5699,508754.43902949046,8784,1.0
8461,508707.33725017036,8784,1.0
5698,508705.38157144375,8784,1.0
6418,508690.49806035083,8784,1.0
2836,508368.069296991,8784,1.0
5225,507769.51599715475,8784,1.0
8518,507239.5752074286,8784,1.0
7843,507050.9394852641,8784,1.0
2688,506923.99529616977,8784,1.0
8316,506525.33165294403,8784,1.0
9779,506512.50609557267,8784,1.0
5128,506183.556082864,8784,1.0
8486,505660.9078766515,8784,1.0
5179,505334.08712037903,8784,1.0
3038,505120.58292677556,8784,1.0
5700,505077.9743562733,8784,1.0
8210,504671.35949123773,8784,1.0
8950,504651.91648907104,8784,1.0
9957,504298.8880306233,8784,1.0
8981,504241.5721912549,8784,1.0
9286,503880.55877900677,8784,1.0
2285,503529.1515494661,8784,1.0
7573,503487.73923323327,8784,1.0
3322,503306.16325077665,8784,1.0
7574,503287.92080583895,8784,1.0
7735,503043.4763203443,8784,1.0
4167,502862.21777730936,8784,1.0
1842,502220.8228424005,8784,1.0
1942,502220.8228424005,8784,1.0
1943,502220.8228424005,8784,1.0
2044,502220.8228424005,8784,1.0
8988,501373.63762894843,8784,1.0
8800,501093.45973235765,8784,1.0
867,500951.75050715945,8784,1.0
1797,500676.0105680257,8784,1.0
5474,500623.53137170064,8784,1.0
7762,500530.8116992715,8784,1.0
8386,500486.1514457532,8784,1.0
7038,500107.0872943335,8784,1.0
6466,499889.47206594143,8784,1.0
9185,499691.0569963551,8784,1.0
8262,499574.16595372953,8784,1.0
7260,499514.56565721345,8784,1.0
7832,499365.25357783533,8784,1.0
9020,499254.0415162331,8784,1.0
2043,498987.72713709733,8784,1.0
7851,498966.64514789777,8784,1.0
2390,498884.75786858884,8784,1.0
4327,497940.38981517835,8784,1.0
3358,497924.22754433355,8784,1.0
2088,497600.5588380694,8784,1.0
1153,497573.2092866473,8784,1.0
6592,497546.7542447146,8784,1.0
3582,497542.2815096347,8784,1.0
8160,497322.67845580395,8784,1.0
8286,497211.137898563,8784,1.0
9069,496798.56556727726,8784,1.0
8788,496729.01136759424,8784,1.0
1748,496711.72440963116,8784,1.0
8163,496654.5954722058,8784,1.0
8309,496566.02044741303,8784,1.0
855,496338.62457339856,8784,1.0
2640,496278.63535979006,8784,1.0
3325,496260.38256077084,8784,1.0
9981,496192.5407765517,8784,1.0
8042,496120.1339392194,8784,1.0
5680,496079.25370236277,8784,1.0
4240,495725.6273400731,8784,1.0
2633,495655.3906905342,8784,1.0
7179,495374.2210469342,8784,1.0
5382,494976.7065380375,8784,1.0
1146,494851.7743002173,8784,1.0
7937,494796.47519192426,8784,1.0
7328,494456.0319819888,8784,1.0
7186,494420.49629395036,8784,1.0
7636,494092.26183403836,8784,1.0
6319,494012.4892450358,8784,1.0
4481,493957.8578386936,8784,1.0
5125,493719.885930409,8784,1.0
8312,493612.0468628519,8784,1.0
2540,493504.876889891,8784,1.0
8110,493402.5741244513,8784,1.0
6655,493392.01967669406,8784,1.0
7406,492961.8030787947,8784,1.0
8013,492853.46812399675,8784,1.0
8454,492492.6570721512,8784,1.0
3138,492274.21930628415,8784,1.0
3139,492274.21930628415,8784,1.0
9772,492091.2676718788,8784,1.0
4670,491932.64461790567,8784,1.0
7049,491675.61818669667,8784,1.0
8037,491485.2983027666,8784,1.0
7938,491462.6819034832,8784,1.0
2484,490430.20660348074,8784,1.0
8462,490386.70110421896,8784,1.0
2837,490337.23175137985,8784,1.0
7875,490107.82056043675,8784,1.0
4992,489981.7806662737,8784,1.0
2491,489801.1414165114,8784,1.0
5899,489464.22214269533,8784,1.0
9681,489280.10412946437,8784,1.0
4239,489256.85221297725,8784,1.0
7834,489238.651466415,8784,1.0
3465,488755.4954201084,8784,1.0
1854,488698.44341843633,8784,1.0
1641,488655.9898380697,8784,1.0
8108,488489.61701786803,8784,1.0
9378,488440.65502861235,8784,1.0
8109,488399.0827386697,8784,1.0
9575,488260.35322630254,8784,1.0
8787,488043.39218465233,8784,1.0
5276,488012.4916660433,8784,1.0
8993,487371.5537050633,8784,1.0
1989,487174.76237293106,8784,1.0
3033,486952.54515954084,8784,1.0
1796,486802.29932567046,8784,1.0
8209,486593.19357617985,8784,1.0
9920,486518.5113433574,8784,1.0
8691,486513.5376365546,8784,1.0
2736,486473.6469408541,8784,1.0
9053,486252.7488658898,8784,1.0
3258,486169.6196820106,8784,1.0
7635,486147.7535969618,8784,1.0
7147,485986.05802067195,8784,1.0
8022,485939.0852346856,8784,1.0
9191,485257.7492216862,8784,1.0
1350,485250.2647191103,8784,1.0
8451,485237.0193052331,8784,1.0
7850,484888.710088319,8784,1.0
8931,484885.44545741426,8784,1.0
7637,484789.57647369156,8784,1.0
8217,484724.7296725511,8784,1.0
5636,484689.07279414334,8784,1.0
1956,484677.5729340718,8784,1.0
5525,484676.41273733403,8784,1.0
8284,484049.9539722095,8784,1.0
7737,483873.14585196966,8784,1.0
8831,483792.2187725678,8784,1.0
9153,483666.2321300832,8784,1.0
9088,483534.059859013,8784,1.0
1795,483333.09973368753,8784,1.0
5079,483267.43820417044,8784,1.0
8241,482948.1176542833,8784,1.0
9289,482781.6479279383,8784,1.0
1647,482661.35260852764,8784,1.0
1747,482661.35260852764,8784,1.0
4141,482540.6947329117,8784,1.0
5230,482509.2980287416,8784,1.0
9891,482364.2688708811,8784,1.0
2541,482359.1137200213,8784,1.0
5800,482309.87904536823,8784,1.0
8141,482070.9247100989,8784,1.0
4738,481808.6304214656,8784,1.0
7048,481681.32488264784,8784,1.0
3423,481148.7748079539,8784,1.0
9862,481125.65230717754,8784,1.0
7449,480657.62086630973,8784,1.0
7338,480467.2434510414,8784,1.0
6219,480365.70019847574,8784,1.0
6787,480328.5215359934,8784,1.0
8830,480264.0956088743,8784,1.0
4429,480151.743463835,8784,1.0
6696,480111.65641835716,8784,1.0
755,479946.87953294,8784,1.0
7750,479477.7225578796,8784,1.0
2349,479316.60291681305,8784,1.0
8641,479049.36468645517,8784,1.0
4140,478945.2480793196,8784,1.0
8688,478784.7120756335,8784,1.0
7793,478612.12375578715,8784,1.0
9655,478392.7278367322,8784,1.0
7837,478212.5667192389,8784,1.0
3350,478144.0388830752,8784,1.0
2284,478060.14109565056,8784,1.0
1349,478045.1002032547,8784,1.0
4166,478030.5363159872,8784,1.0
3422,477812.3122140258,8784,1.0
2783,477716.6597549559,8784,1.0
7736,477608.1756848753,8784,1.0
8517,477492.5326314096,8784,1.0
3472,477178.83294220973,8784,1.0
7350,477126.5392883499,8784,1.0
8041,476865.47609508707,8784,1.0
9782,476835.9678028481,8784,1.0
8240,476710.2538157748,8784,1.0
2683,476639.73055822635,8784,1.0
3419,476620.2285598928,8784,1.0
2682,476504.7472656057,8784,1.0
4426,476368.2251332938,8784,1.0
2384,476310.16907227016,8784,1.0
8137,476032.416601164,8784,1.0
5229,475922.94227033335,8784,1.0
8038,475795.9804561304,8784,1.0
8736,475572.265872554,8784,1.0
7359,475296.83757956245,8784,1.0
7279,475157.11465934914,8784,1.0
3428,474897.0105518338,8784,1.0
8592,474722.6615429243,8784,1.0
2531,474307.218365067,8784,1.0
2756,474167.45875457744,8784,1.0
2757,474065.82506587374,8784,1.0
2857,474065.82506587374,8784,1.0
7245,473982.31929567567,8784,1.0
7650,473879.807488012,8784,1.0
8418,473595.73250758566,8784,1.0
7223,473474.3825913596,8784,1.0
2487,473358.66895780433,8784,1.0
3257,472666.4673966534,8784,1.0
7967,472230.1679430806,8784,1.0
9021,472178.94760089135,8784,1.0
9120,472177.93259611237,8784,1.0
9121,472177.93259611237,8784,1.0
9220,472177.93259611237,8784,1.0
9221,472177.93259611237,8784,1.0
9122,472132.6648888226,8784,1.0
7941,472090.0422344206,8784,1.0
9320,472053.7732415004,8784,1.0
7178,471793.55047312536,8784,1.0
2758,471511.5234770087,8784,1.0
3471,471450.99423370394,8784,1.0
8358,471440.6806615926,8784,1.0
4582,471423.5550402998,8784,1.0
9219,471314.0211489082,8784,1.0
9465,471302.1992351793,8784,1.0
3456,471174.2038207628,8784,1.0
1696,471007.70496579295,8784,1.0
9319,470913.14583324984,8784,1.0
4340,470776.92713440483,8784,1.0
7751,470659.50185146014,8784,1.0
8384,470400.2301646221,8784,1.0
3738,470373.33037564263,8784,1.0
7356,470088.48305879254,8784,1.0
8239,470072.5390645039,8784,1.0
3019,469739.64715565206,8784,1.0
2148,469593.471688918,8784,1.0
1554,469477.6302816103,8784,1.0
8237,469387.69326484326,8784,1.0
3724,469307.6161146061,8784,1.0
7549,468779.56346574496,8784,1.0
9265,468764.7807791466,8784,1.0
3140,468715.2541163042,8784,1.0
8731,468637.6329022643,8784,1.0
7763,468599.05446736084,8784,1.0
9321,468201.50803402736,8784,1.0
5798,468181.3859897592,8784,1.0
856,468084.89533575415,8784,1.0
1853,467908.7213909932,8784,1.0
6693,467672.2767531431,8784,1.0
9087,467670.94447960996,8784,1.0
7285,467515.82380099874,8784,1.0
9278,467369.1781756254,8784,1.0
9787,467300.12007191626,8784,1.0
7912,467199.81662319746,8784,1.0
9285,467087.14655517734,8784,1.0
2858,466762.13613980263,8784,1.0
3130,466367.32153128204,8784,1.0
1050,466027.35827311175,8784,1.0
6492,465857.49699564104,8784,1.0
8667,465674.28688081325,8784,1.0
2789,465546.47822078544,8784,1.0
9261,465139.145336571,8784,1.0
9868,464856.7988040517,8784,1.0
8317,464784.0113395006,8784,1.0
7965,464781.7720829185,8784,1.0
8750,464366.96867245727,8784,1.0
2919,464190.06056170276,8784,1.0
9035,463856.2318652091,8784,1.0
7538,463561.0794732108,8784,1.0
6294,463375.97915665177,8784,1.0
8140,463252.0393577031,8784,1.0
8039,463153.7032514513,8784,1.0
6392,463091.5191098383,8784,1.0
4142,463041.25238976226,8784,1.0
9193,463040.6437084526,8784,1.0
2856,462953.3696889517,8784,1.0
3837,462500.2284819526,8784,1.0
7804,462458.15435018967,8784,1.0
9165,461816.805124347,8784,1.0
1697,461543.8514271725,8784,1.0
965,461451.9354583646,8784,1.0
3527,461427.2115621387,8784,1.0
4043,461395.44042338664,8784,1.0
6555,461379.09866511164,8784,1.0
6295,461337.943865307,8784,1.0
2289,461194.1789935334,8784,1.0
9036,461149.9524390158,8784,1.0
9254,461149.29875752516,8784,1.0
6893,461134.8714309112,8784,1.0
7417,460811.7342376852,8784,1.0
9037,460794.27575804765,8784,1.0
9364,460779.3459719975,8784,1.0
5999,460514.84387075907,8784,1.0
6099,460514.84387075907,8784,1.0
6100,460514.84387075907,8784,1.0
6199,460514.84387075907,8784,1.0
8008,460266.2213929824,8784,1.0
9571,459879.3036935735,8784,1.0
7930,459694.6530080323,8784,1.0
7594,459601.2946975015,8784,1.0
8138,459503.00014362193,8784,1.0
8213,459412.16477442527,8784,1.0
5028,459402.7092344421,8784,1.0
3578,459371.50634421175,8784,1.0
6098,459355.45081133104,8784,1.0
2730,459328.1525930335,8784,1.0
7949,459280.95993132226,8784,1.0
1259,459060.7720822704,8784,1.0
9590,458810.5607308032,8784,1.0
8456,458745.701335184,8784,1.0
1742,458737.0762064135,8784,1.0
7942,458354.9595343591,8784,1.0
3155,458239.0085580867,8784,1.0
8650,457798.58146679355,8784,1.0
4241,457769.9973560044,8784,1.0
7005,457638.980018177,8784,1.0
7104,457638.980018177,8784,1.0
7105,457638.980018177,8784,1.0
3131,457633.62454246375,8784,1.0
7526,457582.73511549056,8784,1.0
6985,457562.1311358389,8784,1.0
3462,457536.46114607103,8784,1.0
5980,457528.11388702644,8784,1.0
8413,457504.1968116556,8784,1.0
9420,457466.9060649332,8784,1.0
6906,457449.8974299214,8784,1.0
7831,457349.5993108652,8784,1.0
3323,456959.7853117239,8784,1.0
1794,456888.07513748005,8784,1.0
8040,456636.95942256285,8784,1.0
3539,456403.1066927485,8784,1.0
7379,456243.8668701763,8784,1.0
7205,456229.13269857026,8784,1.0
9845,456210.7856704515,8784,1.0
1348,456021.94071795215,8784,1.0
9694,455959.8711764955,8784,1.0
8009,455768.2004586453,8784,1.0
5319,455718.7144873771,8784,1.0
3731,455491.9759822428,8784,1.0
9982,455388.8598851155,8784,1.0
6200,455382.286378487,8784,1.0
9050,455106.5919900646,8784,1.0
9379,454736.7700391798,8784,1.0
8139,454732.92384963966,8784,1.0
3429,454724.1068229297,8784,1.0
7006,454695.0782584748,8784,1.0
8930,454572.76760245685,8784,1.0
2188,454440.0418426479,8784,1.0
9253,454066.14100540814,8784,1.0
9983,454044.7206488716,8784,1.0
5320,454016.5875767524,8784,1.0
7106,453899.4247541802,8784,1.0
9464,453704.7708218741,8784,1.0
9791,453442.74431260047,8784,1.0
8987,453423.4771640548,8784,1.0
3469,453384.82288812543,8784,1.0
8860,453083.7692350712,8784,1.0
8861,452732.7333408022,8784,1.0
9685,452562.95309292397,8784,1.0
3364,452327.5424292657,8784,1.0
3365,452327.5424292657,8784,1.0
3366,452327.5424292657,8784,1.0
8832,452292.78986490285,8784,1.0
3526,452224.47070964245,8784,1.0
4170,452150.04966087197,8784,1.0
4181,451893.1180144835,8784,1.0
9034,451150.1515205195,8784,1.0
8536,451033.91079841286,8784,1.0
3186,450974.0770978708,8784,1.0
7562,450455.01136874326,8784,1.0
4236,450393.47668359446,8784,1.0
9394,450299.2909628054,8784,1.0
9222,450290.0020727438,8784,1.0
1897,450175.1565850069,8784,1.0
3122,450057.2918015371,8784,1.0
3086,450052.4396343782,8784,1.0
8550,450050.1179973267,8784,1.0
3252,449713.2179214751,8784,1.0
4180,449540.25847696187,8784,1.0
3976,449421.0704111994,8784,1.0
1953,449284.5293513997,8784,1.0
6198,449119.9748497952,8784,1.0
3351,448948.82955020067,8784,1.0
8014,448940.1436602336,8784,1.0
8007,448783.14279408305,8784,1.0
1852,448658.5685023263,8784,1.0
7911,448624.43221992,8784,1.0
1884,448541.33019880566,8784,1.0
2957,448338.1512475118,8784,1.0
9049,448259.155554179,8784,1.0
7550,448043.4824217336,8784,1.0
1453,448000.18631613767,8784,1.0
7450,447972.9787239701,8784,1.0
3523,447683.4378805845,8784,1.0
2249,447667.0303294911,8784,1.0
9218,447593.7627176044,8784,1.0
8949,447493.2227589247,8784,1.0
9773,447459.62500590924,8784,1.0
9591,447348.8345458983,8784,1.0
5473,447250.5048399823,8784,1.0
8543,447007.52389219194,8784,1.0
5419,446994.9563919185,8784,1.0
8136,446858.5241217609,8784,1.0
8238,446726.2030919976,8784,1.0
6000,446346.99338426697,8784,1.0
9262,446182.36568159494,8784,1.0
8114,445928.85205219535,8784,1.0
7517,445868.6295271776,8784,1.0
2589,445782.88839334785,8784,1.0
2590,445782.88839334785,8784,1.0
9675,445769.54150580906,8784,1.0
7559,445720.98593520396,8784,1.0
2588,445717.8781608086,8784,1.0
7204,445677.46142546524,8784,1.0
8146,445618.83973979246,8784,1.0
1170,445531.8533560134,8784,1.0
8712,445246.9226694697,8784,1.0
4182,444818.427332103,8784,1.0
2690,444759.9555282821,8784,1.0
7979,444744.3209252389,8784,1.0
7914,444718.3133770411,8784,1.0
8385,444685.76968986436,8784,1.0
7407,444669.7961478039,8784,1.0
4042,444583.44105212914,8784,1.0
9363,444506.15653436683,8784,1.0
5725,444477.9925566637,8784,1.0
9683,444477.9693773992,8784,1.0
3056,444451.71704150643,8784,1.0
3057,444451.71704150643,8784,1.0
3156,444451.71704150643,8784,1.0
3157,444451.71704150643,8784,1.0
8937,443516.02592169517,8784,1.0
7547,442952.83643697755,8784,1.0
1248,442820.1344966519,8784,1.0
8313,442742.8792704475,8784,1.0
5482,442711.5695655353,8784,1.0
4541,442577.8371761671,8784,1.0
4529,442573.07209537807,8784,1.0
3746,442356.22190347064,8784,1.0
1070,442350.39197891654,8784,1.0
5477,442124.47999568644,8784,1.0
7943,441636.2336185462,8784,1.0
7548,441436.4657028922,8784,1.0
8359,440891.541490006,8784,1.0
2689,440803.2809656501,8784,1.0
2492,440518.93090792035,8784,1.0
5335,440218.94796785805,8784,1.0
9488,440094.6431094477,8784,1.0
3826,440030.42088151554,8784,1.0
5228,439907.22298016126,8784,1.0
2881,439830.2213220235,8784,1.0
9684,439811.17805111245,8784,1.0
3496,439659.90651477873,8784,1.0
3222,439442.6621991198,8784,1.0
7131,439436.645073465,8784,1.0
8216,439432.30167924205,8784,1.0
4638,439420.45028103766,8784,1.0
3459,438494.9479317467,8784,1.0
3825,438433.1713254119,8784,1.0
9774,438305.3588888564,8784,1.0
5029,438134.3836605814,8784,1.0
3567,437809.8090321507,8784,1.0
6597,437769.33287919214,8784,1.0
9563,437697.2954922131,8784,1.0
7004,437326.1610817513,8784,1.0
6986,437029.1373874676,8784,1.0
3457,436883.0730846371,8784,1.0
9688,436856.507341112,8784,1.0
4825,436389.8896122036,8784,1.0
7274,436217.1534965615,8784,1.0
8268,436191.18918685906,8784,1.0
2956,435878.5924624001,8784,1.0
8066,435744.2851047428,8784,1.0
7663,435737.9774838128,8784,1.0
3824,435470.99733739166,8784,1.0
8214,435253.6082413722,8784,1.0
2346,435227.6842474101,8784,1.0
8687,435047.65160961496,8784,1.0
7864,435007.5547467293,8784,1.0
9594,434591.51578131784,8784,1.0
7487,434505.5583951235,8784,1.0
4082,434270.53925775306,8784,1.0
3624,433999.4138005273,8784,1.0
448,433996.9447767872,8784,1.0
4681,433896.75640890637,8784,1.0
3450,433715.37002530374,8784,1.0
7812,433707.44758852397,8784,1.0
2591,433326.24202032277,8784,1.0
3685,433112.7199644119,8784,1.0
4540,432868.34884418116,8784,1.0
6079,432682.20771328796,8784,1.0
3058,432501.2425083421,8784,1.0
6080,432497.8698757626,8784,1.0
4440,432469.2771333876,8784,1.0
6081,432419.45046372735,8784,1.0
9572,432352.3655156541,8784,1.0
3238,432221.6773610943,8784,1.0
9796,432126.94275774114,8784,1.0
5334,431935.86466066644,8784,1.0
9673,431848.46532358666,8784,1.0
2831,431688.0290429663,8784,1.0
3363,431601.0368724501,8784,1.0
9599,431443.04979890864,8784,1.0
7764,431306.5099465247,8784,1.0
5881,431188.6481883893,8784,1.0
2553,431187.42263396276,8784,1.0
7345,431118.9165136305,8784,1.0
7275,431029.8068925885,8784,1.0
6634,430895.9987517167,8784,1.0
4780,430740.37063140085,8784,1.0
7185,430647.4995195228,8784,1.0
9176,430633.7673482188,8784,1.0
7446,430285.24345179286,8784,1.0
8345,430232.03658564214,8784,1.0
5418,430155.16455405013,8784,1.0
49,430095.1194914046,8784,1.0
6786,430071.1209475557,8784,1.0
8450,429922.1243823077,8784,1.0
1648,429721.01268202806,8784,1.0
7910,429392.76304574136,8784,1.0
2838,429065.26632166316,8784,1.0
4627,428981.13393148215,8784,1.0
8230,428956.51642188994,8784,1.0
9925,428888.8246843845,8784,1.0
1955,428872.5276611092,8784,1.0
7029,428871.0367136349,8784,1.0
1883,428787.69127197494,8784,1.0
9672,428705.57869301934,8784,1.0
8318,428608.7616962595,8784,1.0
964,428583.6072185375,8784,1.0
1071,428549.07368376385,8784,1.0
8837,428450.7841999598,8784,1.0
3133,428441.53511627886,8784,1.0
3158,428326.90673006,8784,1.0
9038,428287.4830152597,8784,1.0
7130,428126.14229625376,8784,1.0
966,427923.007382356,8784,1.0
3495,427883.5100684757,8784,1.0
9880,427733.96294502623,8784,1.0
6687,427568.2720692705,8784,1.0
7908,427388.0168745317,8784,1.0
7909,427388.0168745317,8784,1.0
7809,427367.89742518973,8784,1.0
9455,426894.80752929946,8784,1.0
2897,426875.61046418844,8784,1.0
2898,426875.61046418844,8784,1.0
2997,426875.61046418844,8784,1.0
2998,426875.61046418844,8784,1.0
3097,426875.61046418844,8784,1.0
3196,426875.61046418844,8784,1.0
3295,426875.61046418844,8784,1.0
3296,426875.61046418844,8784,1.0
3395,426875.61046418844,8784,1.0
3396,426875.61046418844,8784,1.0
3098,426870.8929539179,8784,1.0
7129,426825.6369963145,8784,1.0
3397,426778.9717177884,8784,1.0
7028,426516.28926372115,8784,1.0
7128,426516.28926372115,8784,1.0
3195,426507.32614136406,8784,1.0
8361,426273.12191092584,8784,1.0
9781,426268.18631908635,8784,1.0
4081,426096.59061021055,8784,1.0
1952,426075.99547629576,8784,1.0
2958,426051.0905561309,8784,1.0
3394,426050.4922231053,8784,1.0
2240,425786.803788346,8784,1.0
3239,425596.8004037055,8784,1.0
8737,425322.8313727395,8784,1.0
7418,425276.6032616819,8784,1.0
8730,425086.27368459385,8784,1.0
7388,424933.4025261605,8784,1.0
4721,424413.6157495648,8784,1.0
4722,424413.6157495648,8784,1.0
8695,424391.2875029936,8784,1.0
7816,424366.2033201559,8784,1.0
7975,424323.21160050086,8784,1.0
9991,424284.40275105415,8784,1.0
1885,424112.2741660072,8784,1.0
9137,424078.3456694011,8784,1.0
1064,424075.5226970709,8784,1.0
3623,423835.6038940378,8784,1.0
8463,423119.1268837201,8784,1.0
3055,423031.3368424955,8784,1.0
7904,422860.72217924765,8784,1.0
9924,422842.42000524723,8784,1.0
9079,422626.5960524181,8784,1.0
4339,422578.987101531,8784,1.0
9882,422218.41468606325,8784,1.0
9187,422054.12906830525,8784,1.0
2735,421908.54581314494,8784,1.0
3198,421839.93294239393,8784,1.0
2490,421778.66813957883,8784,1.0
9373,421722.72061422403,8784,1.0
8167,421651.1121138327,8784,1.0
9048,421489.2852355795,8784,1.0
4075,421245.53735496406,8784,1.0
8796,420867.5109209175,8784,1.0
4242,420609.1042670006,8784,1.0
7977,420536.55894373206,8784,1.0
1957,420450.54073934,8784,1.0
8158,420096.9776380868,8784,1.0
8567,419928.60803387384,8784,1.0
8464,419729.7515969881,8784,1.0
8798,419571.8528777962,8784,1.0
6793,419379.97088081704,8784,1.0
2042,419291.7378623859,8784,1.0
6692,419125.9197365698,8784,1.0
6807,419040.27010213776,8784,1.0
6791,418917.79398491746,8784,1.0
6792,418917.79398491746,8784,1.0
6892,418917.79398491746,8784,1.0
6891,418910.0958473719,8784,1.0
3568,418890.52862311894,8784,1.0
2149,418871.35080962937,8739,0.9948770491803278
2049,418832.26513698534,8739,0.9948770491803278
7957,418724.62315153086,8784,1.0
8257,418714.8521795841,8784,1.0
8078,418685.6285555851,8784,1.0
7808,418674.8855654225,8784,1.0
7709,418381.63128474134,8784,1.0
3424,418221.5936243859,8784,1.0
6927,418190.8152576322,8784,1.0
9588,418108.9579421776,8784,1.0
4783,418064.47219846473,8784,1.0
9389,417990.5369380133,8784,1.0
7761,417970.41376638913,8784,1.0
9322,417900.25067807164,8784,1.0
9177,417806.12781981233,8784,1.0
3099,417745.20036913815,8784,1.0
8077,417699.81621333514,8784,1.0
1164,417698.22444057825,8784,1.0
4581,417689.91301462444,8784,1.0
9293,417681.4962662838,8784,1.0
7317,417625.8780082585,8784,1.0
9192,417420.1790622379,8784,1.0
1954,417369.01418759854,8784,1.0
1894,417262.74811982707,8784,1.0
8617,417211.60076761886,8784,1.0
8068,417120.3898908624,8784,1.0
1454,417087.1302802899,8784,1.0
3197,416867.59993106214,8784,1.0
9138,416861.9504800593,8784,1.0
2938,416402.62403782486,8784,1.0
8260,416265.61335321836,8784,1.0
4621,416192.9667691665,8784,1.0
7648,416163.2462528914,8784,1.0
3823,415856.41541953594,8784,1.0
1646,415717.5349513731,8784,1.0
2489,415463.44080317,8784,1.0
9183,415433.08999658085,8784,1.0
8067,415407.4429188881,8784,1.0
2441,415075.49550486525,8784,1.0
7474,415069.51675385336,8784,1.0
9118,415068.5121700968,8784,1.0
8362,415022.81845425663,8784,1.0
8150,414966.0473625693,8784,1.0
3596,414937.25266227685,8784,1.0
5599,414827.0207688293,8784,1.0
3096,414551.8812766634,8784,1.0
7881,414445.7143668835,8784,1.0
967,414382.8417072271,8784,1.0
8479,413419.93393075233,8784,1.0
4172,413103.48200294434,8784,1.0
8233,413000.8594560837,8784,1.0
8480,412851.4671644077,8784,1.0
6680,412847.15618265537,8784,1.0
2988,412826.19467358664,8784,1.0
7181,412824.6875157368,8784,1.0
9874,412675.2911868698,8784,1.0
7349,412587.09133221954,8784,1.0
1784,412514.0614022955,8784,1.0
6907,411707.1179009671,8784,1.0
9092,411634.26122168516,8784,1.0
9263,411608.1686074129,8784,1.0
1165,411559.86071306,8784,1.0
6194,411504.5951457624,8784,1.0
1047,411226.6901136181,8784,1.0
7978,411220.9582294224,8784,1.0
3943,411146.42543986515,8784,1.0
4526,410920.0374991078,8784,1.0
9264,410883.0457155165,8784,1.0
5131,410782.79021230317,8784,1.0
6785,410684.68741071713,8784,1.0
1252,410502.96593303024,8784,1.0
9292,410442.1268772969,8784,1.0
4822,410310.41369900026,8784,1.0
7237,410005.710713677,8784,1.0
9419,409932.30742549297,8784,1.0
1695,409862.57865173265,8784,1.0
5224,409803.08556272165,8784,1.0
5981,409743.94182505837,8784,1.0
4482,409537.69303262956,8784,1.0
8157,409523.17264876206,8784,1.0
3631,409209.87051664194,8784,1.0
2899,409081.34597002005,8784,1.0
9390,409014.1158466554,8784,1.0
6685,408822.77496211603,8784,1.0
7907,408803.46064118715,8784,1.0
5600,408769.54347818624,8784,1.0
9883,408696.8043233,8784,1.0
8056,408650.47486659273,8784,1.0
8057,408650.47486659273,8784,1.0
3696,408637.9291118637,8784,1.0
9799,408600.46431483387,8784,1.0
9291,408573.4585048721,8784,1.0
3982,408355.0728236996,8784,1.0
6533,408325.0952242535,8784,1.0
9188,408281.5590112491,8784,1.0
4821,408281.16819317953,8784,1.0
7124,408039.03089553886,8784,1.0
7024,407944.15040392743,8784,1.0
8246,407920.25525785325,8784,1.0
4723,407825.8050462816,8784,1.0
7536,407685.2949906853,8784,1.0
9700,407478.284722368,8784,1.0
3630,407408.54333318333,8784,1.0
8258,407255.5998133979,8784,1.0
2286,406943.1270070549,8784,1.0
7413,406919.05683506274,8784,1.0
7206,406874.39956445154,8784,1.0
8294,406775.84368081234,8784,1.0
7252,406756.82423897216,8784,1.0
2932,406686.97242634493,8784,1.0
1253,406399.7652029595,8784,1.0
4177,406390.21706024715,8784,1.0
7346,406175.18132969347,8784,1.0
5088,406128.2850167454,8784,1.0
5025,405987.9725370515,8784,1.0
6691,405985.199789737,8784,1.0
3421,405906.75292511017,8784,1.0
8544,405720.74679417256,8784,1.0
3926,405647.8563146345,8784,1.0
3032,405459.1718284672,8784,1.0
4974,405401.3955034053,8784,1.0
2753,405168.0686587781,8784,1.0
9077,405020.4666883679,8784,1.0
7708,405003.6172062632,8784,1.0
5440,404898.9004622894,4384,0.4990892531876138
754,404860.4214326361,8784,1.0
1950,404853.5871844336,8784,1.0
1058,404831.46665017615,8784,1.0
4981,404770.73437153007,8784,1.0
2896,404744.31430495356,8784,1.0
9093,404586.400067253,8784,1.0
7807,404540.16010739875,8784,1.0
868,404475.2252587268,8784,1.0
8285,404472.9613955758,8784,1.0
7706,404456.06796594337,8784,1.0
7707,404456.06796594337,8784,1.0
7806,404456.06796594337,8784,1.0
7906,404456.06796594337,8784,1.0
7246,404403.5384171875,8784,1.0
4739,404358.3602932494,8784,1.0
3843,404336.08157021686,8784,1.0
7357,404257.26483863493,8784,1.0
1447,404077.49525947624,8784,1.0
7280,403937.02081041323,8784,1.0
3449,403697.6085140387,8784,1.0
2641,403609.02710495197,8784,1.0
3468,403596.8644389712,8784,1.0
1551,403433.88324118097,8784,1.0
6300,403237.3204319071,8784,1.0
5178,403207.90545156214,8784,1.0
7915,403189.56874812226,8784,1.0
5627,403125.66886788973,8784,1.0
8232,403114.684828912,8784,1.0
3297,403080.09377251746,8784,1.0
7447,402965.62627712445,8784,1.0
8360,402549.6331097134,8784,1.0
9968,402543.32417592057,8784,1.0
3359,401942.7014583022,8784,1.0
9083,401902.5568002137,8784,1.0
8208,401855.0640061806,8784,1.0
7721,401831.38755717943,8784,1.0
5081,401647.61012458353,8784,1.0
9944,401317.5247100977,8784,1.0
3199,401141.6511867848,8784,1.0
4725,401030.13275287556,8784,1.0
3294,400788.3733961514,8784,1.0
7360,400742.0563148367,8784,1.0
6243,400281.4067576548,8784,1.0
650,400056.872628272,8784,1.0
5639,400000.47592049,8784,1.0
7416,399852.93517739954,8784,1.0
7229,399719.2643413404,8784,1.0
1158,399526.4713871984,8784,1.0
7537,399459.36561269296,8784,1.0
6196,399375.9213041498,8784,1.0
6197,399375.9213041498,8784,1.0
9492,399237.69465960277,8784,1.0
6096,399214.53243476147,8784,1.0
6195,399209.50313431775,8784,1.0
4740,398976.44105621317,8784,1.0
4066,398926.9224242146,8784,1.0
8156,398907.5275032903,8784,1.0
3525,398635.0886334841,8784,1.0
2488,398618.5235381232,8784,1.0
1057,398429.5170855626,8784,1.0
7318,398163.5628649461,8784,1.0
2999,397983.6434656743,8784,1.0
8982,397941.5200804069,8784,1.0
9355,397826.9283515355,8784,1.0
7946,397799.0936095146,8784,1.0
8357,397778.0053049082,8784,1.0
968,397748.3715068713,8784,1.0
9654,397606.226833493,8784,1.0
1694,397461.6654132741,8784,1.0
1066,397437.96010237676,8784,1.0
8642,397403.9585465346,8784,1.0
1354,397400.01486496767,8784,1.0
1065,397331.7647035571,8784,1.0
9586,397303.1254381401,8784,1.0
8168,397100.176141294,8784,1.0
8058,396899.9143241917,8784,1.0
7810,396726.00696654554,8784,1.0
5581,396604.9031495109,8784,1.0
8095,396531.3876886494,8784,1.0
8412,396264.8651950305,8784,1.0
6905,396225.14478434494,8784,1.0
2583,395492.99178799696,8784,1.0
7921,395447.408529245,8784,1.0
3039,395227.89367514884,8784,1.0
3583,395183.9798691493,8784,1.0
5736,394842.0306251037,8784,1.0
4282,394660.6623173554,8784,1.0
7305,394526.0062649223,8784,1.0
7876,394463.0269490534,8784,1.0
8135,394178.96180036414,8784,1.0
8938,394084.96309099626,8784,1.0
7607,394056.35804719274,8784,1.0
7947,394025.7567841074,8784,1.0
8485,394008.2681982534,8784,1.0
4428,393893.9475245771,8784,1.0
9593,393873.7681911081,8784,1.0
4580,393860.5608635949,8784,1.0
9392,393779.1253166738,8784,1.0
9745,393674.76121352596,8784,1.0
9493,393605.9408536532,8784,1.0
2931,393577.28367125767,8784,1.0
5077,393568.75511758827,8784,1.0
9491,393492.5309735777,8784,1.0
4677,393374.80747091625,8784,1.0
3925,393234.22347877506,8784,1.0
2989,392593.08640533243,8784,1.0
5235,392203.6009646447,8784,1.0
4476,392106.9636839795,8784,1.0
7438,391736.3569244692,8784,1.0
5740,391593.483306659,8784,1.0
8980,391567.4592419043,8784,1.0
8483,391537.49566155917,8784,1.0
7437,391502.5327437563,8784,1.0
7448,391446.68905516586,8784,1.0
4183,391435.05508512136,8784,1.0
9592,391388.77122518513,8784,1.0
9667,391388.60288049193,8784,1.0
7123,391202.85163671634,8784,1.0
4171,390668.30357759,8784,1.0
6217,390389.4988038621,8784,1.0
8444,390209.3682018419,8784,1.0
8684,389938.31157551345,8784,1.0
957,389734.62295591587,8784,1.0
9388,389529.39881135547,8784,1.0
5527,389385.5762145343,8784,1.0
3095,389349.39645700774,8784,1.0
8107,389102.05980428547,8784,1.0
2184,389080.7884407263,8784,1.0
2185,388625.6528002934,8784,1.0
5124,388432.6210987109,8784,1.0
9287,388213.81834364665,8784,1.0
9288,388165.5548449213,8784,1.0
8465,388111.26948577113,8784,1.0
753,387843.89648968016,8784,1.0
8231,387533.76089694264,8784,1.0
9391,387400.5369309017,8784,1.0
5227,387342.6511136548,8784,1.0
6097,387171.68329212384,8784,1.0
5420,387101.57526786777,8784,1.0
5325,387055.3577343968,8784,1.0
7805,386814.0382700098,8784,1.0
8694,386781.9164641618,8784,1.0
8693,386767.1145070304,8784,1.0
8259,386629.7635083011,8784,1.0
7436,386607.9548756983,8784,1.0
4639,386517.46779931674,8784,1.0
2739,386510.2263532341,8784,1.0
1171,386445.7476254807,8784,1.0
9164,386308.79378314037,8784,1.0
7479,386295.71279856405,8784,1.0
8159,385894.94170535274,8784,1.0
7337,385791.41707212804,8784,1.0
7920,385777.2892185822,8784,1.0
8829,385599.5078869585,8784,1.0
1547,385300.70743545686,8784,1.0
1984,385298.9506218,8784,1.0
9494,384755.35658562346,8784,1.0
8331,384676.3216315509,8784,1.0
3934,384579.84056862775,8784,1.0
8332,384530.8399748187,8784,1.0
7705,384250.39207016124,8784,1.0
3695,384192.7898057858,8784,1.0
5318,384167.80619997176,8784,1.0
7336,384059.6747866308,8784,1.0
7323,384012.28846868995,8784,1.0
3387,383977.6729477779,8784,1.0
8263,383934.27820005396,8784,1.0
8117,383835.39946213807,8784,1.0
8215,383621.47668604704,8784,1.0
3425,383389.89488426666,8784,1.0
5219,383286.0137524712,8784,1.0
8493,382342.6565476595,8784,1.0
5998,382215.74886091094,8784,1.0
8593,382125.5189465856,8784,1.0
8346,382100.23193965974,8784,1.0
8347,381832.9796757321,8784,1.0
8247,381702.84494227916,8784,1.0
1157,381607.77957309963,8784,1.0
6698,381453.72787223227,8784,1.0
3497,381453.61592768837,8784,1.0
3981,381450.01966488495,8784,1.0
8741,381417.05600570695,8784,1.0
1785,381314.3916765317,8784,1.0
4521,381271.2138348318,8784,1.0
7411,381198.5468647492,8784,1.0
1685,381085.67700212885,8784,1.0
6697,381012.78233714605,8784,1.0
2830,380982.5087327966,8784,1.0
9260,380934.58208638313,8784,1.0
3489,380712.513753137,8784,1.0
9178,380708.4310023735,8784,1.0
4471,380512.4743210103,4523,0.5149134790528234
9490,380394.6885403864,8784,1.0
9030,380333.59181701863,8784,1.0
7203,380310.66261733475,8784,1.0
8587,379993.53279141156,8784,1.0
9587,379975.08559073735,8784,1.0
3524,379875.1160221644,8784,1.0
3216,379857.1514986657,8784,1.0
4640,379769.50568575173,8784,1.0
9873,379623.5886497994,8784,1.0
7361,379585.5173727731,8784,1.0
5100,379419.36606619414,8784,1.0
3226,379186.0635653358,8784,1.0
8838,379174.5780308904,8784,1.0
8643,378828.62607756787,8784,1.0
6180,378825.69662703003,8784,1.0
1783,378796.7055861777,8784,1.0
2387,378726.1453457495,8784,1.0
9687,378565.15927043854,8784,1.0
9022,378458.4667055026,8784,1.0
6380,378368.36196319864,8784,1.0
5199,378296.3148739939,8784,1.0
1896,378292.8598993207,8784,1.0
9555,378257.5813659754,8784,1.0
8021,378213.23431534244,8784,1.0
9589,377810.0674205679,8784,1.0
8321,377503.3741445329,8784,1.0
7606,377236.795449277,8784,1.0
1249,376861.5666070773,8784,1.0
7412,376748.64816770505,8784,1.0
8046,376638.8665467213,8784,1.0
5200,376217.034284889,8784,1.0
2855,376208.78712551214,8784,1.0
847,376060.6888223596,8784,1.0
8644,375996.9558884896,8784,1.0
3488,375878.5301516478,8784,1.0
2143,375779.2365874291,8784,1.0
7905,375698.3661419309,8784,1.0
3595,375693.9489740129,8784,1.0
9767,375674.8598884723,8784,1.0
8586,375230.55087498226,8784,1.0
9971,375135.3117595857,8784,1.0
8348,375111.62670063775,8784,1.0
4921,374948.3441445697,8784,1.0
4920,374937.29391247896,8784,1.0
8062,374746.75889744353,8784,1.0
2389,374683.4820567227,8784,1.0
949,374597.65440602053,8784,1.0
2930,374593.55212499417,8784,1.0
5099,374086.3823660819,8784,1.0
2287,374074.596376082,8784,1.0
2288,374074.596376082,8784,1.0
2388,374074.596376082,8784,1.0
8365,374055.1470174815,8784,1.0
3522,374001.1492873968,8784,1.0
9674,373746.6927977828,8784,1.0
8701,373708.7469269371,8784,1.0
2582,373512.6482904565,8784,1.0
3369,373320.5511827501,8784,1.0
1451,373147.49487650493,8784,1.0
3132,372962.5203235326,8784,1.0
2542,372906.688466039,8784,1.0
8634,372792.40187928075,8784,1.0
4622,372756.073396108,8784,1.0
3031,372707.32934652484,8784,1.0
8615,372456.4306481925,8784,1.0
9123,372265.35924052144,8784,1.0
6095,372094.7249033096,8784,1.0
8742,372020.56826457754,8784,1.0
4178,371966.35171232704,8784,1.0
7459,371699.6088271391,8784,1.0
1258,371640.46181291435,8784,1.0
2153,371574.8632310283,8784,1.0
7916,371543.2461744645,8784,1.0
8393,371449.79770097195,8784,1.0
7913,371384.59644448035,8784,1.0
8449,371342.9896499548,8784,1.0
4919,371318.17020814307,8784,1.0
3584,371293.4374045094,8784,1.0
8248,371253.9823023506,8784,1.0
2053,371196.65628299577,8784,1.0
1990,371192.2299455991,8784,1.0
8594,371162.726691158,8784,1.0
7307,371090.4485661756,8784,1.0
7558,370993.99695251026,8784,1.0
8850,370980.79109704914,8784,1.0
2054,370939.9848091648,8784,1.0
4577,370873.3294917727,8784,1.0
5234,370709.65672633273,8784,1.0
8198,370525.4261996843,8784,1.0
7511,370292.6977242207,8784,1.0
4382,370267.04750988464,8784,1.0
6485,370160.33054105344,8784,1.0
9642,370107.2285606741,8784,1.0
4839,370094.04068198154,8784,1.0
9686,370036.0861605277,8784,1.0
9393,369907.28747810586,8784,1.0
3298,369875.8683420901,8784,1.0
3152,369803.25772731134,8784,1.0
3560,369793.5666067431,8784,1.0
9163,369282.6100657343,8784,1.0
2890,369133.8354638184,8784,1.0
2050,368876.1336422042,8784,1.0
2955,368190.5520960003,8784,1.0
3984,367836.7652571562,8784,1.0
3054,367740.25927950075,8784,1.0
8445,367357.92307394976,8784,1.0
5640,367331.3182794616,8784,1.0
8349,367282.0657029937,8784,1.0
2530,367217.4011991309,8784,1.0
2790,367138.07580255246,8784,1.0
5399,367001.32294461987,8784,1.0
5499,367001.32294461987,8784,1.0
5398,367000.90650754946,8784,1.0
5500,366926.27495445404,8784,1.0
1944,366919.0818942851,8784,1.0
8522,366911.78812615725,8784,1.0
8545,366673.27002015495,8784,1.0
8948,366591.6137675334,8784,1.0
9489,366541.7123624362,8784,1.0
3240,366536.1806644395,8784,1.0
7423,366414.4466879956,8784,1.0
7458,366319.730206497,8784,1.0
7261,366246.44944441924,8784,1.0
1450,365976.1756695419,8784,1.0
6584,365882.8209288871,8784,1.0
6587,365846.73891632026,8784,1.0
6082,365765.83724454284,8784,1.0
8350,365607.9602518754,8784,1.0
6887,365498.9023034383,8784,1.0
8394,365242.85724098474,8784,1.0
8711,365064.58782376954,8784,1.0
7682,364974.93392380443,8784,1.0
2996,364883.0383819147,8784,1.0
8061,364813.1598388304,8784,1.0
9148,364780.430552625,8784,1.0
9647,364758.5590722083,8784,1.0
8131,364529.46660373977,8784,1.0
4271,364521.3826902516,8784,1.0
7457,364499.29361508304,8784,1.0
2152,364236.7464160592,8784,1.0
4570,364233.40654295275,4574,0.5207194899817851
9997,364190.28009959724,8784,1.0
2816,363930.2093670279,8784,1.0
8601,363794.0471876132,8784,1.0
8364,363783.1714323431,8784,1.0
9744,363668.592453847,8784,1.0
9374,363443.46044790425,8784,1.0
8446,363423.00128054275,8784,1.0
3494,363097.03918811027,8784,1.0
7378,363075.3570697218,8784,1.0
9033,363019.901682082,8784,1.0
8295,362914.44600329065,8784,1.0
4139,362759.55397353246,8784,1.0
3389,362726.0130073751,8784,1.0
3388,362726.01300737506,8784,1.0
7287,362675.4524921907,8784,1.0
1449,362607.6525938071,8784,1.0
3053,362188.40820950206,8784,1.0
2952,361919.2244036613,8784,1.0
2854,361888.3005570217,8784,1.0
2953,361888.3005570217,8784,1.0
2954,361888.3005570217,8784,1.0
5400,361877.67073509004,8784,1.0
7919,361873.9842940872,8784,1.0
3289,361846.9477553483,8784,1.0
3189,361754.4641274539,8784,1.0
3288,361750.29589109845,8784,1.0
3487,361668.7123361815,8784,1.0
3088,361647.38017564313,8784,1.0
3188,361457.3992681531,8784,1.0
8494,361330.6663999823,8784,1.0
9600,361324.4164865916,8784,1.0
3089,361171.151606923,8784,1.0
1585,361155.573340632,8784,1.0
5220,361153.8621735285,8784,1.0
9499,361067.7517192113,8784,1.0
3187,360973.81247951847,8784,1.0
2052,360954.12181591924,8784,1.0
2853,360914.7578021169,8784,1.0
7184,360800.763506086,8784,1.0
3287,360745.28137788357,8784,1.0
3052,360706.44195522217,8784,1.0
9844,360627.2921954749,8784,1.0
3682,360584.3070843198,8784,1.0
7007,359985.0612924819,8784,1.0
9353,359793.40753188805,8784,1.0
7649,359728.3406823461,8784,1.0
4126,359673.5601189555,8784,1.0
2344,359622.6820696436,8784,1.0
6886,359597.6455717053,8784,1.0
7734,359483.37517297256,8784,1.0
1895,359480.54964185116,8784,1.0
3087,359475.90043149376,8784,1.0
7276,359454.91328725306,8784,1.0
3743,359382.95409920375,8784,1.0
7664,359341.8746125814,8784,1.0
2341,359337.35033347405,8784,1.0
7923,359327.2617689244,8784,1.0
9078,358986.0632048566,8784,1.0
9065,358944.512088328,8784,1.0
7513,358699.14997326105,8784,1.0
7613,358699.14997326105,8784,1.0
7512,358633.71826576156,8784,1.0
7612,358633.71826576156,8784,1.0
4472,358364.1739389938,4523,0.5149134790528234
9998,357787.8784939027,8784,1.0
9872,357678.73930877045,8784,1.0
9139,357593.5955832991,8784,1.0
7748,357462.6901830835,8784,1.0
3983,357210.4273894743,8784,1.0
2091,357037.3243154681,8784,1.0
7278,356893.0652616562,8784,1.0
8149,356726.6198744438,8784,1.0
1657,356721.2063461887,8784,1.0
2852,356655.94204560696,8784,1.0
6417,356270.72062281694,8784,1.0
4136,356045.5813653704,8784,1.0
3116,355933.6686794847,8784,1.0
5337,355874.33384752204,8784,1.0
2483,355783.4894289762,8784,1.0
7230,355692.6354651198,8784,1.0
8395,355665.6076564426,8784,1.0
9881,355638.0925874155,8784,1.0
1548,355037.9212660249,8784,1.0
8250,355037.22073508607,8784,1.0
7294,355031.6939894427,8784,1.0
4984,354971.8043090801,8784,1.0
7211,354416.3154644098,8784,1.0
1788,354304.1748721735,8784,1.0
8320,354222.775139102,8784,1.0
4528,354113.87071212207,8784,1.0
1741,353543.3598855097,8784,1.0
2150,353465.4485207997,8784,1.0
5231,353094.85850867204,8784,1.0
5598,353042.4435685323,8784,1.0
857,352946.08637770195,8784,1.0
1843,352867.5157868822,8784,1.0
970,352838.20571052993,8784,1.0
4820,352776.1444751529,8784,1.0
8743,352587.8152257576,8784,1.0
1891,352552.0761332325,8784,1.0
1689,352513.3591377529,8784,1.0
1789,352513.3591377529,8784,1.0
1790,352513.3591377529,8784,1.0
1889,352513.3591377529,8784,1.0
1890,352513.3591377529,8784,1.0
5299,352319.58924374596,8784,1.0
4530,352307.420940573,8784,1.0
4084,352283.9693692131,8784,1.0
3448,352271.04261385696,8784,1.0
3446,352230.9065315809,8784,1.0
3347,352228.1357870684,8784,1.0
3348,352228.1357870684,8784,1.0
3447,352228.1357870684,8784,1.0
8123,352219.01180071675,8784,1.0
8020,352145.38842036884,8784,1.0
4175,351737.33016465965,8784,1.0
2142,351682.0787039223,8784,1.0
2242,351682.0787039223,8784,1.0
2243,351682.0787039223,8784,1.0
2342,351682.0787039223,8784,1.0
2343,351682.0787039223,8784,1.0
2442,351682.0787039223,8784,1.0
2443,351681.6931325023,8784,1.0
8104,351626.2657049062,8784,1.0
765,351489.1409242853,8784,1.0
4571,351335.0901306798,4644,0.5286885245901639
8595,351265.8295683972,8784,1.0
9031,351190.1888498227,8784,1.0
3924,351097.4440500538,8784,1.0
5542,351066.1266208118,8784,1.0
1791,350940.54233282787,8784,1.0
9554,350732.14996169583,8784,1.0
9223,350702.5248070625,8784,1.0
9988,350694.0029391994,8784,1.0
5217,350562.8044510815,8784,1.0
5317,350560.0833162508,8784,1.0
869,350551.611736274,8784,1.0
870,350551.6117362739,8784,1.0
9641,350300.59062907204,8784,1.0
9742,350297.1385009445,8784,1.0
9842,350297.1385009445,8784,1.0
969,350253.27752787404,8784,1.0
1690,350113.1748629408,8784,1.0
5038,350059.612448782,8784,1.0
7994,350058.99677052756,8784,1.0
6993,350006.57155512914,8784,1.0
8732,349948.1412593668,8784,1.0
7658,349861.3258166299,8784,1.0
7030,349810.80695749033,8784,1.0
7580,349535.7619871128,8784,1.0
9743,349380.87725796795,8784,1.0
8016,349357.8141593531,8784,1.0
7286,349341.2218606824,8784,1.0
9500,349331.3197240935,8784,1.0
9324,349169.42798091384,8784,1.0
7464,349044.7271419671,8784,1.0
9124,349022.5359514361,8784,1.0
9992,348936.37323165126,8784,1.0
4184,348856.399905885,8784,1.0
8218,348843.50801109255,8784,1.0
9974,348736.36368499446,8784,1.0
1951,348492.3276232255,8784,1.0
2051,348341.64569526777,8784,1.0
6484,348264.3463439663,8784,1.0
9162,347936.1797828452,8784,1.0
4041,347848.92634378077,8784,1.0
9224,347808.7195718229,8784,1.0
9225,347808.7195718229,8784,1.0
9323,347808.7195718229,8784,1.0
9041,347770.8737898008,8784,1.0
9740,347722.31795580743,8784,1.0
3518,347348.0660146477,8784,1.0
7849,347325.1026636636,8784,1.0
7462,347254.0533361442,8784,1.0
8564,347229.5423239603,8784,1.0
2951,347193.66278777906,8784,1.0
1888,347016.16096465866,8784,1.0
9039,346931.7842900389,8784,1.0
1148,346819.70456596353,8784,1.0
5697,346796.1422197742,8784,1.0
8330,346690.2016431597,8784,1.0
9843,346654.01013357315,8784,1.0
848,346633.4436784482,8784,1.0
3338,346578.34658857033,8784,1.0
3339,346578.34658857033,8784,1.0
8004,346532.9401679282,8784,1.0
3194,346514.60534586257,8784,1.0
3439,346427.0759727517,8784,1.0
7522,346402.1972314222,8784,1.0
8019,346378.29318692384,8784,1.0
5423,346316.48613312066,8784,1.0
8616,346274.10384767386,8784,1.0
5298,346055.0927361842,8784,1.0
5316,345677.5968908951,8784,1.0
4174,345302.65808357485,8784,1.0
7478,345195.6007737363,8784,1.0
8249,345149.15670962486,8784,1.0
9921,345117.66584605863,8784,1.0
9741,345103.4241213697,8784,1.0
7363,345037.8691308909,8784,1.0
1049,344919.30439292797,8784,1.0
1149,344919.30439292797,8784,1.0
1048,344864.2486177611,8784,1.0
7575,344856.0641415712,8784,1.0
7694,344812.1057645158,8784,1.0
9325,344703.86219240195,8784,1.0
3440,344617.6610553986,8784,1.0
8503,344573.8580759837,8784,1.0
6996,344486.448992828,8784,1.0
1446,344481.8968554012,8784,1.0
1546,344447.6605204046,8784,1.0
5315,344443.88378669106,8784,1.0
8006,344264.6956517477,8784,1.0
6483,344264.5925715487,8784,1.0
5300,344135.3491371459,8784,1.0
3978,344102.6811249937,8784,1.0
4083,343964.22449324315,8784,1.0
6299,343707.60393922386,8784,1.0
1683,343697.4033910672,8784,1.0
4922,343694.030538618,8784,1.0
4421,343660.12285858043,8784,1.0
5218,343611.589653536,8784,1.0
1159,343557.04083397536,8784,1.0
9919,343294.2810479793,8784,1.0
8431,343262.6712803817,8784,1.0
9125,343202.9870053347,8784,1.0
9798,343089.64620832895,8784,1.0
4037,343058.207081546,8784,1.0
4324,342875.35822073545,8784,1.0
7103,342753.5213022579,8784,1.0
7262,342475.9707417081,8784,1.0
4233,342378.39580209774,8784,1.0
3340,342311.4251310498,8784,1.0
8121,342198.72823304683,8784,1.0
8122,342198.72823304683,8784,1.0
8221,342198.72823304683,8784,1.0
8222,342198.72823304683,8784,1.0
8223,342198.72823304683,8784,1.0
8322,342198.72823304683,8784,1.0
8323,342198.72823304683,8784,1.0
7427,342195.5312591826,8784,1.0
9136,342100.7082076257,8784,1.0
1445,341960.67915997806,8784,1.0
2536,341945.28039503226,8784,1.0
7683,341690.88363882096,8784,1.0
4080,341621.7216977038,8784,1.0
8482,341547.6097512626,8784,1.0
8065,341376.19756369945,8784,1.0
1353,341153.3071907163,8784,1.0
3390,341101.1506315733,8784,1.0
8196,341016.2184955674,8784,1.0
8336,340917.11136284174,8784,1.0
9867,340889.2522043722,8784,1.0
5425,340808.8836932466,8784,1.0
5020,340070.19424027175,8784,1.0
1545,339970.7442689001,8784,1.0
8423,339389.28926434193,8784,1.0
2799,339352.8266353632,8784,1.0
8842,339294.67432072735,8784,1.0
8164,339256.56241974473,8784,1.0
5900,339256.2962036689,8784,1.0
1988,339234.6734756534,8784,1.0
6806,339227.037834851,8784,1.0
5794,339216.7020437525,8784,1.0
2900,339165.8911211056,8784,1.0
3985,339028.51859224366,8784,1.0
7362,338914.43707989965,8784,1.0
5324,338871.4525290982,8784,1.0
1688,338865.17132442986,8784,1.0
4085,338813.7681415132,8784,1.0
8939,338793.1958700738,8784,1.0
1649,338790.63889643556,8784,1.0
1749,338790.63889643556,8784,1.0
3299,338781.26916841144,8784,1.0
7749,338670.28405865177,8784,1.0
8841,338654.2077032726,8784,1.0
8941,338654.2077032726,8784,1.0
8942,338654.2077032726,8784,1.0
9967,338565.2201256436,8784,1.0
8005,338498.35079317994,8784,1.0
6992,338469.36400415073,8784,1.0
3882,338467.42466347903,8784,1.0
3398,338216.53778904694,8784,1.0
4420,338176.8601324794,8784,1.0
5216,338019.8782004752,8784,1.0
2543,337976.28612521174,8784,1.0
8645,337948.09085153847,8784,1.0
2791,337865.96954426065,8784,1.0
1991,337618.87090616825,8784,1.0
8940,337603.48901386815,8784,1.0
7858,337536.64022835786,8784,1.0
1257,337492.576055377,8784,1.0
8166,337443.73722350807,8784,1.0
9454,337208.91000092484,8784,1.0
3290,337075.43726067705,8784,1.0
9354,337045.6988862665,8784,1.0
7288,336981.7070008402,8784,1.0
7289,336981.7070008402,8784,1.0
4238,336857.75197454385,8784,1.0
4078,336835.6846251383,8784,1.0
2990,336764.96487156826,8784,1.0
3795,336732.531258541,8784,1.0
5424,336719.2755894235,8784,1.0
6583,336478.12655672245,8784,1.0
7090,336367.2500023622,8784,1.0
7715,336192.55564223276,8784,1.0
5417,336178.0372706389,8784,1.0
8130,336177.391623738,8784,1.0
3300,336135.7025565603,8784,1.0
5498,336117.6810676526,8784,1.0
948,336017.9615346582,8784,1.0
6881,335773.68958944443,8784,1.0
1154,335751.2897645134,8784,1.0
9042,335616.52889354376,8784,1.0
4179,335315.3265644997,8784,1.0
3589,335243.8259892831,8784,1.0
9061,335135.2741842624,8784,1.0
9161,335090.75915821333,8784,1.0
9421,335032.8577188788,8784,1.0
6928,334967.3333569644,8784,1.0
5524,334896.4428475742,8784,1.0
3980,334730.9378764297,8784,1.0
7781,334696.93514951365,8784,1.0
3979,334681.09777751984,8784,1.0
4079,334681.09777751984,8784,1.0
4270,334644.0624048338,8784,1.0
7290,334320.6045668688,8784,1.0
7190,333855.79318164045,8784,1.0
5781,333741.40564864327,8784,1.0
9318,333727.2410623351,8784,1.0
8432,333674.76587336924,8784,1.0
4983,333667.34360195044,8784,1.0
8609,333369.1150437503,8784,1.0
2151,333359.3288982142,8784,1.0
4173,333332.64489202655,8784,1.0
3986,333322.92957970465,8784,1.0
3546,333244.5414911279,8784,1.0
1549,333172.0238559504,8784,1.0
1583,333168.3354190591,8784,1.0
9238,333114.28436213784,8784,1.0
1787,333019.25584000873,8784,1.0
2141,332815.6876953956,8784,1.0
2241,332639.9730995158,8784,1.0
4838,332556.53896153613,8784,1.0
6343,332253.77208992466,8784,1.0
2657,332018.4835877796,8784,1.0
6480,331999.915882956,8784,1.0
7311,331809.3284108722,8784,1.0
1448,331727.699047617,8784,1.0
9329,331489.38372988923,8784,1.0
3744,331464.5100694429,8784,1.0
8495,331458.0989880381,8784,1.0
5321,331426.3648149337,8784,1.0
7579,331200.326824615,8784,1.0
2798,331022.24927481654,8784,1.0
3200,330944.37426632224,8784,1.0
7794,330637.0783582642,8784,1.0
7611,330614.1368714976,8784,1.0
4931,330585.2565841633,8784,1.0
5326,330499.6415097205,8784,1.0
1792,330236.3432894541,8784,1.0
3349,330208.78121399385,8784,1.0
9996,329842.5060682118,8784,1.0
5982,329820.79379484185,8784,1.0
8116,329781.5326265318,8784,1.0
6419,329771.3324215318,8784,1.0
9383,329699.4252992126,8784,1.0
2634,329683.1639504278,8784,1.0
4680,329638.12817410205,8784,1.0
7194,329545.0276478789,8784,1.0
7521,329366.6434948187,8784,1.0
3796,329321.97790903604,8784,1.0
7894,329249.9502998276,8784,1.0
1556,329083.2680869252,8784,1.0
9040,328926.4494791049,8784,1.0
8197,328895.2071794599,8784,1.0
3644,328881.32681515394,8784,1.0
3645,328881.32681515394,8784,1.0
3646,328881.32681515394,8784,1.0
3745,328881.32681515394,8784,1.0
1692,328834.5533525124,8784,1.0
5323,328702.13437976345,8784,1.0
1591,328674.9726055273,8784,1.0
1156,328605.3463530629,8784,1.0
1691,328595.25999093836,8784,1.0
1693,328526.3266447545,8784,1.0
2056,328491.8970530151,8784,1.0
1593,328485.1645888861,8784,1.0
1255,328451.5806052863,8784,1.0
6486,328411.539377779,8784,1.0
7480,328408.34080720675,8784,1.0
1592,328365.0116327965,8784,1.0
9648,328351.0901527877,8784,1.0
7584,328307.4747618741,8784,1.0
8204,328300.36389252846,8784,1.0
1067,328291.5416120501,8784,1.0
6744,328234.27879665064,8784,1.0
9963,328215.0083744962,8784,1.0
8849,328162.6522597726,8784,1.0
9384,328110.4864637574,8784,1.0
6684,328101.90420829586,8784,1.0
1793,327932.504569961,8784,1.0
8733,327798.94735861395,8784,1.0
7730,327796.7786206251,8784,1.0
7830,327785.08728945133,8784,1.0
6635,327740.06769594195,8784,1.0
7578,327724.94854875316,8784,1.0
9283,327710.6009437539,8784,1.0
9284,327710.6009437539,8784,1.0
5327,327534.3089379728,8784,1.0
2918,327330.4906596497,8784,1.0
1550,327187.09424121625,8784,1.0
2154,327038.1674108056,8784,1.0
1155,326954.1338253168,8784,1.0
2895,326864.96342456806,8784,1.0
9062,326747.3346902439,8784,1.0
8535,326689.5395327308,8784,1.0
1270,326415.8712200745,8784,1.0
8105,326358.597509262,8784,1.0
3324,326289.2031260699,8784,1.0
4040,326163.1104295771,8784,1.0
9640,326078.19194426585,8784,1.0
2797,325952.76578724146,8784,1.0
9943,325886.69812330493,8784,1.0
2691,325874.9831405462,8784,1.0
8015,325721.1699556448,8784,1.0
7731,325697.12840458134,8784,1.0
9643,325443.6039893158,8784,1.0
3100,325373.5589249815,8784,1.0
9645,325150.8812487367,8784,1.0
8868,325122.25848436926,8784,1.0
9032,325084.83232633484,8784,1.0
8124,325048.924982011,8784,1.0
7189,324889.0656963805,8784,1.0
8726,324731.78551448183,8784,1.0
8826,324726.3435327302,8784,1.0
8363,324719.7450978899,8784,1.0
7089,324717.83928973135,8784,1.0
8926,324687.0708751673,8784,1.0
1589,324392.87802713737,8784,1.0
7660,324334.64094019274,8784,1.0
8969,324135.7275200257,8784,1.0
6580,324088.2643163136,8784,1.0
5129,324063.1892524122,8784,1.0
8099,324057.5565732482,8784,1.0
8115,324030.60505795095,8784,1.0
3643,324008.94330053614,8784,1.0
9026,323854.1182911481,8784,1.0
8206,323841.6697156636,8784,1.0
8306,323841.6697156636,8784,1.0
8307,323841.6697156636,8784,1.0
8407,323841.6697156636,8784,1.0
8408,323841.6697156636,8784,1.0
8507,323841.6697156636,8784,1.0
8508,323841.6697156636,8784,1.0
8606,323841.6697156636,8784,1.0
8506,323841.66971566353,8784,1.0
8205,323839.25688557426,8784,1.0
8404,323837.0303523999,8784,1.0
8304,323819.1546547604,8784,1.0
8405,323818.1905287275,8784,1.0
8406,323803.50549030147,8784,1.0
9117,323603.49499948695,8784,1.0
8403,323590.8310592787,8784,1.0
4823,323532.7013886422,8784,1.0
2995,323410.6973314211,8784,1.0
7710,322920.2588825315,8784,1.0
2383,322882.8129529481,8784,1.0
7195,322688.3541325245,8784,1.0
4623,322377.8486573067,8784,1.0
2716,322289.1183594977,8784,1.0
7387,322246.075158781,8784,1.0
9184,322064.7448334698,8784,1.0
3190,321989.9200279881,8784,1.0
7899,321896.47905873164,8784,1.0
7621,321837.9891868524,8784,1.0
2292,321834.9852556765,8784,1.0
1496,321724.268086337,8784,1.0
1497,321724.268086337,8784,1.0
1596,321724.268086337,8784,1.0
1651,321652.1225537463,8784,1.0
9649,321648.55455142586,8784,1.0
6193,321636.69191442407,8784,1.0
7817,321604.4840868777,8784,1.0
8505,321569.14128973894,8784,1.0
3094,321538.445414957,8784,1.0
7247,321527.1771978982,8784,1.0
9646,321412.248980921,8784,1.0
1597,321356.9172871043,8784,1.0
5739,321344.77664935327,8784,1.0
2991,321301.26103513176,8784,1.0
7958,321299.5710327891,8784,1.0
7898,321197.4331001141,8784,1.0
8827,321179.85339124134,8784,1.0
8816,321130.74108575133,8784,1.0
9226,321120.6537478284,8784,1.0
6385,321085.3658935928,8784,1.0
6386,321085.3658935928,8784,1.0
3051,321070.2694100404,8784,1.0
7283,320970.42295578157,8784,1.0
9001,320863.87440325273,8784,1.0
3090,320836.43144980824,8784,1.0
9644,320828.5781438979,8784,1.0
5797,320800.39478846226,8784,1.0
4424,320732.66689150344,8784,1.0
770,320708.1683733977,8784,1.0
3545,320658.38559570437,8784,1.0
5223,320611.44767750736,8784,1.0
6487,320512.876858343,8784,1.0
3585,320466.34105798614,8784,1.0
3293,320368.1171720057,8784,1.0
9543,320247.7592025727,8784,1.0
2652,320212.7218714788,8784,1.0
9229,320204.88687501184,8784,1.0
958,320153.2803715473,8784,1.0
8199,320138.5375972325,8784,1.0
5426,319995.69182710286,8784,1.0
7563,319958.38552340615,8784,1.0
3327,319899.4902198737,8784,1.0
1256,319839.58729824383,8784,1.0
2793,319831.6117455252,8784,1.0
2894,319831.6117455252,8784,1.0
2994,319831.6117455252,8784,1.0
3091,319831.6117455252,8784,1.0
3092,319831.6117455252,8784,1.0
3093,319831.6117455252,8784,1.0
3191,319831.6117455252,8784,1.0
3192,319831.6117455252,8784,1.0
3193,319831.6117455252,8784,1.0
3291,319831.6117455252,8784,1.0
3292,319831.6117455252,8784,1.0
2794,319818.9106581369,8784,1.0
2993,319805.2784849431,8784,1.0
2893,319766.97218704683,8784,1.0
8207,319744.2341727539,8784,1.0
2764,319729.7789099359,8784,1.0
2767,319729.7789099359,8784,1.0
6387,319713.3866329698,8784,1.0
1495,319654.0132222355,8784,1.0
7900,319633.1617198048,8784,1.0
2664,319617.49218347156,8784,1.0
6884,319578.3171988283,8784,1.0
8308,319547.0027816026,8784,1.0
2436,319502.71144530934,8784,1.0
6826,319442.682934028,8784,1.0
2866,319435.0480930934,8784,1.0
2765,319294.2004962784,8784,1.0
7463,319247.40717946994,8784,1.0
3000,319143.92882461025,8784,1.0
2768,319141.5933750815,8784,1.0
8607,319119.07071648655,8784,1.0
3937,318989.81170097203,8784,1.0
2665,318944.6419551929,8784,1.0
2792,318809.6948370883,8784,1.0
7564,318754.1969366771,8784,1.0
5422,318675.3652796809,8784,1.0
6285,318675.2729131083,8784,1.0
7091,318653.94788699626,8784,1.0
3977,318619.25708669925,8784,1.0
2867,318573.5287037138,8784,1.0
3251,318507.2460287666,8784,1.0
8421,318494.3357947598,8784,1.0
4219,318490.9612408036,8784,1.0
8000,318477.5146889349,8784,1.0
7586,318460.4382925627,8784,1.0
4284,318271.8121146377,8784,1.0
1440,318213.07496060943,8784,1.0
2766,317837.6573475512,8784,1.0
7999,317696.88600906916,8784,1.0
9345,317651.160416288,8784,1.0
2663,317595.765716077,8784,1.0
8961,317543.37895743106,8784,1.0
9973,317527.2152913732,8784,1.0
9763,317525.86513003294,8784,1.0
7583,317438.3484656546,8784,1.0
2666,317310.56239576585,8784,1.0
6784,317308.4528940356,8784,1.0
7456,317244.86968232505,8784,1.0
4737,317220.16801114514,8784,1.0
2392,317219.39379370015,8784,1.0
8098,317167.99940573785,8784,1.0
3923,317166.946782892,8784,1.0
3884,317145.21521626954,8784,1.0
4525,317137.22596095596,8784,1.0
2746,317072.10512403044,8784,1.0
6827,317054.4628704846,8784,1.0
7848,316779.4882718705,8784,1.0
749,316630.4847570417,8784,1.0
1850,316517.55093212664,8784,1.0
7998,316467.2253043128,8784,1.0
2667,316406.70538719423,8784,1.0
9972,316304.5129870756,8784,1.0
4637,316301.67541096,8784,1.0
8523,316138.5734998356,8784,1.0
7608,316075.4695293877,8784,1.0
7374,316006.5269161933,8784,1.0
9966,315912.3244660074,8784,1.0
7329,315866.6623525958,8784,1.0
2929,315554.8033416656,8784,1.0
7094,315420.5860201655,8784,1.0
8305,315237.280249561,8784,1.0
1498,315096.5837286708,8784,1.0
2928,315081.06031956954,8784,1.0
5282,314950.9369970258,8784,1.0
8725,314831.89717035065,8784,1.0
7686,314811.3681463109,8784,1.0
7202,314705.82320889976,8784,1.0
9130,314522.43972758536,8784,1.0
6284,314493.3324245842,8784,1.0
4522,314304.410547179,8784,1.0
7829,314275.79794441,8784,1.0
2868,314261.51261156803,8784,1.0
7191,314209.36075711355,8784,1.0
8422,314143.406123739,8784,1.0
8822,314094.2746760532,8784,1.0
7092,314069.7839058169,8784,1.0
7192,314069.7839058169,8784,1.0
7291,314069.7839058169,8784,1.0
7292,314069.7839058169,8784,1.0
3794,313909.74273640476,8784,1.0
3030,313847.7363604181,8784,1.0
8962,313506.52270252723,8784,1.0
7518,313479.9629103129,8784,1.0
5416,313345.96765144676,8784,1.0
7483,313172.1835893664,8784,1.0
7484,313145.1437513749,8784,1.0
4771,313106.7076055913,5070,0.5771857923497268
6384,313002.70458843734,8784,1.0
1069,313002.02560074674,8784,1.0
7293,312991.9052381035,8784,1.0
8120,312915.0597738145,8784,1.0
7582,312888.9408421729,8784,1.0
1594,312688.8351622125,8784,1.0
947,312505.83420395333,8784,1.0
5421,312315.0999865553,8784,1.0
7995,312117.212330187,8784,1.0
1595,312046.15036521974,8784,1.0
7800,312034.95875242096,8784,1.0
7319,311958.62030928396,8784,1.0
9025,311812.3294714606,8784,1.0
8504,311742.11454994004,8784,1.0
8817,311605.97149496403,8784,1.0
8267,311537.09944655217,8784,1.0
9545,311313.1591187635,8784,1.0
7485,311294.2008016105,8784,1.0
9544,311231.97630877135,8784,1.0
3393,311104.44520548603,8784,1.0
3346,311054.8187083246,8784,1.0
8448,310815.39023473044,8784,1.0
9866,310801.3759927696,8784,1.0
7383,310801.2484671659,8784,1.0
5021,310648.4101299099,8784,1.0
8165,310632.4233166583,8784,1.0
2636,310371.6571201779,8784,1.0
7095,310370.0181781679,8784,1.0
7096,310370.0181781679,8784,1.0
7097,310370.0181781679,8784,1.0
7098,310370.0181781679,8784,1.0
7196,310370.0181781679,8784,1.0
7197,310370.0181781679,8784,1.0
7198,310370.0181781679,8784,1.0
9063,310226.2811258136,8784,1.0
9663,310208.49105473957,8784,1.0
3885,310130.3645781344,8784,1.0
4320,310110.45826952334,8784,1.0
4626,310080.043915698,8784,1.0
1590,310035.9405238204,8784,1.0
4624,309993.92161759204,8784,1.0
4430,309985.95369350933,8784,1.0
7585,309933.2475618501,8784,1.0
4524,309901.47141741496,8784,1.0
4523,309802.9072128958,8784,1.0
2763,309679.7454087904,8784,1.0
8396,309500.55439655366,8784,1.0
2055,309479.04670497274,8784,1.0
7193,309320.0826141157,8784,1.0
8224,309094.4172634125,8784,1.0
5033,308988.2848928899,8784,1.0
5132,308988.2848928899,8784,1.0
5133,308988.2848928899,8784,1.0
8929,308787.91513868707,8784,1.0
7535,308694.0732385176,8784,1.0
8299,308607.5548929406,8784,1.0
7617,308582.4686037422,8784,1.0
1046,308514.16185216716,8784,1.0
4724,308377.61187670816,8784,1.0
9227,308269.20337554254,8784,1.0
4436,308242.42654584313,8784,1.0
7377,308192.4373124517,8784,1.0
8097,308063.74773654266,8784,1.0
2566,308028.4479665379,8784,1.0
5415,307937.3966827324,8784,1.0
2800,307888.66459500894,8784,1.0
7684,307734.97404033114,8784,1.0
8696,307599.6534872472,8784,1.0
8963,307540.05923367885,8784,1.0
3935,307400.2149595132,8784,1.0
4077,307298.18114693067,8784,1.0
2829,307103.2197952853,8784,1.0
9126,307099.610837624,8784,1.0
1352,307096.67272540426,8784,1.0
5032,306842.83717237244,8784,1.0
4336,306776.30286493467,8784,1.0
5518,306706.12250561506,8784,1.0
1075,306695.71616643755,8784,1.0
6292,306692.65870527044,8784,1.0
4337,306625.70571349614,8784,1.0
2444,306604.56313619757,8784,1.0
8003,306553.77889647323,8784,1.0
4137,306517.677673672,8784,1.0
6997,306107.24973478576,8784,1.0
8368,305942.1187724939,8784,1.0
8925,305923.36354416126,8784,1.0
5995,305701.4210562535,8784,1.0
2253,305659.54944194533,8784,1.0
5232,305578.34177464875,8784,1.0
8106,305495.3431925896,8784,1.0
4925,305439.58942987403,8784,1.0
9444,305367.82349650236,8784,1.0
2482,305087.6803051947,8784,1.0
5034,305065.879416997,8784,1.0
8825,305006.36748549493,8784,1.0
8768,304875.8843918592,8784,1.0
8467,304845.43826154404,8784,1.0
8366,304816.2688558515,8784,1.0
8367,304816.2688558515,8784,1.0
8466,304816.2688558515,8784,1.0
5233,304815.3564373952,8784,1.0
5522,304628.77939178434,8784,1.0
2828,304588.30552878825,8784,1.0
3530,304477.9227427497,8784,1.0
5134,304304.63195482414,8784,1.0
9965,304286.9957386538,8784,1.0
9964,303750.6177521897,8784,1.0
6286,303589.84506953444,8784,1.0
7093,303563.92249551625,8784,1.0
7486,303377.1342425141,8784,1.0
4237,303277.2348211848,8784,1.0
7895,303276.5209897655,8784,1.0
1455,303266.4311714969,8784,1.0
7896,303227.6253505824,8784,1.0
447,303221.1315968862,8784,1.0
7277,303152.70236534474,8784,1.0
7795,303051.00045291515,8784,1.0
3640,303030.48657239956,8784,1.0
8631,303026.50462156005,8784,1.0
2920,302531.291839342,8784,1.0
4625,302370.38120107364,8784,1.0
9135,302268.13338814146,8784,1.0
2255,302117.7416936397,8784,1.0
2354,302117.7416936397,8784,1.0
2355,302117.7416936397,8784,1.0
2454,302117.7416936397,8784,1.0
2254,302062.1959794,8784,1.0
2155,301993.20638487564,8784,1.0
2156,301947.31207536225,8784,1.0
8148,301893.88713263185,8784,1.0
2581,301651.72618850216,8784,1.0
8296,301625.57776581927,8784,1.0
3686,301036.1204078445,8784,1.0
7249,300990.4836130518,8784,1.0
8266,300936.8826905325,8784,1.0
4176,300831.85088842,8784,1.0
9546,300785.76866467815,8784,1.0
4527,300664.96828628844,8784,1.0
7099,300505.7589257569,8784,1.0
9445,300402.5913930391,8784,1.0
6991,300374.28556769853,8784,1.0
4837,300291.9430610133,8784,1.0
3531,300276.88352487015,8784,1.0
9017,300267.5827091536,8784,1.0
5540,300194.99217167945,8784,1.0
7729,300068.173533588,8784,1.0
4423,299683.7787799081,8784,1.0
647,299673.045818734,8784,1.0
4138,299562.04618617677,8784,1.0
7678,299557.0713334681,8784,1.0
9328,299328.63180966367,8784,1.0
8713,299238.3138723351,8784,1.0
7681,299166.6314630564,8784,1.0
5328,299129.91348529846,8784,1.0
1444,299065.47272664454,8784,1.0
4231,298944.8861256086,8784,1.0
5642,298852.1006126007,8784,1.0
1893,298830.26680577616,8784,1.0
250,298767.7694014242,8784,1.0
7199,298697.3660943246,8784,1.0
4933,298687.2217945808,8784,1.0
7577,298380.62702049495,8784,1.0
5521,298308.19042574003,8784,1.0
4076,298208.10552983533,8784,1.0
5198,298180.6728209267,8784,1.0
2729,298154.6996398213,8784,1.0
6185,298097.96122704376,8784,1.0
2353,298011.6979571682,8784,1.0
2851,297958.454648701,8784,1.0
349,297875.00626925443,8784,1.0
5123,297864.06131536054,8784,1.0
2865,297837.40498849005,8784,1.0
7236,297688.19929613644,8784,1.0
5139,297644.3146344283,8784,1.0
2717,297550.9735498783,8784,1.0
7405,297463.3163475496,8784,1.0
9797,297114.2596756607,8784,1.0
946,297085.88246807444,8784,1.0
8605,296990.7472262643,8784,1.0
9237,296422.9638278834,8784,1.0
4272,296347.6934005023,8784,1.0
4283,296156.2985998206,8784,1.0
9897,296118.00166004366,8784,1.0
9898,296118.00166004366,8784,1.0
8333,296092.28296334157,8784,1.0
9820,296074.1806960091,8784,1.0
5898,296026.73871269514,8784,1.0
7712,295719.4286564103,8784,1.0
8867,295627.5585069492,8784,1.0
249,295604.06167146505,8784,1.0
9236,295377.864166555,8784,1.0
9239,295316.729373746,8784,1.0
9337,295279.1925547027,8784,1.0
9896,295228.83331947104,8784,1.0
7386,295151.8414554807,8784,1.0
9336,295150.57660493604,8784,1.0
2752,295139.3680197393,8784,1.0
1500,295091.24100143014,8784,1.0
8784,295032.1362810267,8784,1.0
1499,295014.19975060737,8784,1.0
9338,295009.9521746703,8784,1.0
4824,294965.2836130345,8784,1.0
8147,294917.7919696388,8784,1.0
350,294812.27103009284,8784,1.0
7679,294752.51357013104,8784,1.0
4372,294647.61848116235,8784,1.0
8096,294404.8710676831,8784,1.0
756,294382.01788235444,8784,1.0
1169,294232.25056772766,8784,1.0
6939,294229.6015683997,8784,1.0
7380,294225.24923916603,8784,1.0
864,294041.92315380543,8784,1.0
4836,293946.36749727913,8784,1.0
5177,293913.40449112625,8784,1.0
8324,293791.18700493785,8784,1.0
7704,293647.9070837471,8784,1.0
9023,293646.16937872313,8784,1.0
9424,293603.7090490151,8784,1.0
1063,293430.54266458214,8784,1.0
6287,293427.3701362179,8784,1.0
858,293408.2067338047,8784,1.0
8727,293132.05746371933,8784,1.0
8922,292978.7275917391,8784,1.0
748,292945.07563971553,8784,1.0
2447,292934.06881332566,8784,1.0
9235,292918.2442718782,8784,1.0
1265,292860.83975371474,8784,1.0
4432,292857.8149754879,8784,1.0
9865,292646.6583918973,8784,1.0
8706,292523.3599270565,8784,1.0
8823,292503.9180678351,8784,1.0
8815,292424.7907257834,8784,1.0
1400,292421.59088042483,8784,1.0
1892,292395.88710684096,8784,1.0
747,292261.7791579018,8784,1.0
8923,292247.92475530965,8784,1.0
8924,292247.92475530965,8784,1.0
9024,292247.92475530965,8784,1.0
7685,291871.56007668196,8784,1.0
8915,291860.4110193607,8784,1.0
8916,291860.4110193607,8784,1.0
8917,291860.4110193607,8784,1.0
6186,291829.80770353606,8784,1.0
8297,291793.6710958366,8784,1.0
8623,291757.3681222988,8784,1.0
4024,291679.80150433886,8784,1.0
4025,291679.80150433886,8784,1.0
4026,291679.80150433886,8784,1.0
4125,291679.80150433886,8784,1.0
9016,291672.2149783676,8784,1.0
7844,291477.21432076365,8784,1.0
6984,291421.7606601813,8784,1.0
7897,291337.7429909797,8784,1.0
7477,291310.14048187743,8784,1.0
3786,291164.02602301806,8784,1.0
1851,291158.04048743774,8784,1.0
8604,291124.6938321204,8784,1.0
1166,291116.4241503174,8784,1.0
6187,291088.70227140834,8784,1.0
9101,291040.84889048996,8784,1.0
7700,290894.683712924,8784,1.0
5023,290690.8849155472,8784,1.0
8797,290590.4344243427,8784,1.0
2642,290516.31138447503,8784,1.0
8496,290489.2157472684,8784,1.0
8220,290488.2957156708,8784,1.0
3622,290435.525204965,8784,1.0
4923,290396.2395582392,8784,1.0
9438,290247.7924049715,8784,1.0
4572,290235.0432766555,4662,0.5307377049180327
4520,290147.3397337134,8784,1.0
7581,290144.9183275865,8784,1.0
4124,290096.0322198936,8784,1.0
8436,290082.059985874,8784,1.0
2917,289950.8087177683,8784,1.0
9428,289888.0768705551,8784,1.0
5523,289704.71491598483,8784,1.0
6706,289677.7382297533,8784,1.0
8229,289511.92103123496,8784,1.0
9217,289454.48484045285,8784,1.0
8319,289438.05177748477,8784,1.0
9549,289327.757255613,8783,0.9998861566484517
9448,289303.3940779321,8783,0.9998861566484517
9339,289272.3536422026,8784,1.0
3029,289269.15425964876,8784,1.0
6683,289245.00284974335,8784,1.0
548,289241.4219285055,8784,1.0
9449,289208.1986700911,8783,0.9998861566484517
7087,289188.8482505545,8784,1.0
5333,289053.24345340265,8784,1.0
7634,288984.8031810744,8784,1.0
449,288983.14053976873,8784,1.0
9548,288944.2211720288,8783,0.9998861566484517
9942,288919.1992816998,8784,1.0
4924,288845.78624491906,8784,1.0
5024,288845.78624491906,8784,1.0
7799,288775.4267170505,8784,1.0
5996,288764.3341025844,8784,1.0
1365,288731.3812483826,8784,1.0
7818,288686.5702600832,8784,1.0
1841,288670.5378524443,8784,1.0
2817,288655.33429682057,8784,1.0
5681,288620.5139173345,8784,1.0
5782,288620.5139173345,8784,1.0
8824,288467.1077425622,8784,1.0
4319,288306.1407267914,8784,1.0
9566,288290.16175178945,8784,1.0
7282,288023.10672948393,8784,1.0
2448,287963.7264376218,8784,1.0
9447,287900.21762573463,8784,1.0
9348,287722.48901094653,8782,0.9997723132969034
9349,287722.4045437237,8782,0.9997723132969034
8715,287544.8699821326,8784,1.0
9327,287414.71548940334,8784,1.0
547,287056.52439889975,8784,1.0
1167,287020.8345770966,8784,1.0
1168,287020.8345770966,8784,1.0
1267,287020.8345770966,8784,1.0
1268,287020.8345770966,8784,1.0
1269,287020.8345770966,8784,1.0
1367,287020.8345770966,8784,1.0
1368,287020.8345770966,8784,1.0
1369,287020.8345770966,8784,1.0
5427,286994.99796615756,8784,1.0
8783,286971.63489017513,8784,1.0
1469,286968.95112193347,8784,1.0
1470,286968.95112193347,8784,1.0
1467,286968.9511219334,8784,1.0
1468,286968.9511219334,8784,1.0
1466,286968.27865258267,8784,1.0
1068,286898.17409169086,8784,1.0
7482,286847.3270344074,8784,1.0
9340,286798.00720486423,8784,1.0
8626,286763.4072977711,8784,1.0
348,286685.76856580353,8784,1.0
6707,286662.55409875856,8784,1.0
3886,286657.93862099777,8784,1.0
9794,286604.91132119304,8784,1.0
8447,286587.7055886885,8784,1.0
7576,286567.8706893962,8784,1.0
3785,286560.8797582004,8784,1.0
6987,286522.0830365513,8784,1.0
4671,286480.544681493,4638,0.5280054644808743
6639,286457.6755070117,8784,1.0
8236,286404.8880183695,8784,1.0
6638,286387.3142677759,8784,1.0
846,286117.2778765075,8784,1.0
9247,285987.12599013624,8782,0.9997723132969034
8878,285834.19431794714,8784,1.0
8625,285750.24286679935,8784,1.0
6738,285712.7847665535,8784,1.0
4934,285710.86644782405,8784,1.0
2481,285677.47724947816,8784,1.0
4371,285643.6596353059,8784,1.0
8716,285638.71701014164,8784,1.0
5682,285586.5837846846,8784,1.0
8717,285543.8286133706,8784,1.0
1266,285324.86399506085,8784,1.0
648,285176.4063162072,8784,1.0
7997,285110.0999833652,8784,1.0
2565,285108.5227372672,8784,1.0
3694,285092.85229829216,8784,1.0
3016,284978.61798919033,8784,1.0
1983,284955.1349425864,8784,1.0
7903,284855.3729123977,8784,1.0
2916,284791.60271494254,8784,1.0
3588,284738.800675732,8784,1.0
4736,284726.839294812,8784,1.0
2084,284654.200668567,8784,1.0
7182,284480.8086248833,8784,1.0
8549,284458.15187085915,8784,1.0
9578,284446.01258862606,8784,1.0
5783,284344.65848012205,8784,1.0
3430,284267.45693206985,8784,1.0
1786,284153.48420567263,8784,1.0
5122,284114.73657186935,8784,1.0
8866,283862.8854129489,8784,1.0
6181,283844.5226848794,8784,1.0
5582,283642.9275380382,8784,1.0
5683,283640.4590604087,8784,1.0
7310,283545.6440769568,8784,1.0
8484,283532.99155215634,8784,1.0
8200,283526.90786419454,8784,1.0
5793,283440.00948523666,8784,1.0
8546,283146.0517453977,8784,1.0
5022,282882.8041594124,8784,1.0
3689,282804.51358362,8784,1.0
2869,282704.5914101476,8784,1.0
9437,282644.3276093164,8784,1.0
6481,282577.0935987225,8784,1.0
6381,282513.1874020813,8784,1.0
8927,282498.7045992644,8784,1.0
5329,282448.3353861278,8784,1.0
8100,282241.1410135925,8784,1.0
5997,282167.9088627079,8784,1.0
1465,282113.40942191106,8784,1.0
7945,281954.9923503952,8784,1.0
4335,281884.48311097635,8784,1.0
9720,281793.399106475,8784,1.0
7845,281790.6086254349,8784,1.0
5795,281778.49529945804,8784,1.0
5796,281778.49529945804,8784,1.0
5895,281778.49529945804,8784,1.0
5896,281778.49529945804,8784,1.0
5897,281778.49529945804,8784,1.0
9766,281764.22139067773,8784,1.0
9230,281752.2108415038,8784,1.0
4636,281741.2050944739,8784,1.0
5221,281666.6631138817,8784,1.0
3264,281658.01256503246,8784,1.0
8965,281497.69656788587,8784,1.0
7605,281436.5081937254,8784,1.0
758,281362.7413013808,8784,1.0
3642,281161.65454926615,8784,1.0
4338,281065.03647344076,8784,1.0
9006,280994.0264354604,8784,1.0
2187,280810.1852155396,8784,1.0
7304,280794.5457172613,8784,1.0
9246,280786.8898608107,8784,1.0
3151,280782.93895063916,8784,1.0
3420,280526.8782217224,8784,1.0
2081,280509.1138806658,8784,1.0
7944,280498.3733685482,8784,1.0
8534,280473.30132298154,8784,1.0
4536,280437.6323713019,8784,1.0
8901,280354.661816995,8784,1.0
1370,279978.97188208,8784,1.0
5428,279655.39165763767,8784,1.0
8265,279630.94495414,8784,1.0
9480,279561.6000326964,8784,1.0
7347,279557.08498691523,8784,1.0
5019,279432.58413106966,8784,1.0
5082,279413.5898198649,8784,1.0
8300,279358.69989711995,8784,1.0
2453,279265.79204953794,8784,1.0
2083,279031.00156397664,8784,1.0
8723,278961.2081082593,8784,1.0
8424,278936.3668390979,8784,1.0
3023,278932.5386158266,8784,1.0
6998,278896.2220657811,8784,1.0
4888,278766.9936045344,8784,1.0
8264,278672.77690910903,8784,1.0
7811,278539.8722553594,8784,1.0
8608,278396.36747754813,8784,1.0
9893,278325.1680031155,8784,1.0
6184,278316.17125727225,8784,1.0
8984,278228.03845298156,8784,1.0
8298,278052.7808881173,8784,1.0
4938,277958.73838605115,8784,1.0
7183,277883.694481622,8784,1.0
7503,277717.80437782296,8784,1.0
7504,277717.80437782296,8784,1.0
7901,277642.9485511428,8784,1.0
2256,277594.5304212944,8784,1.0
9129,277549.90485228493,8784,1.0
7859,277464.38636959245,8784,1.0
1366,277364.02284255397,8784,1.0
9084,277360.7559918577,8784,1.0
8017,277041.59132232564,8784,1.0
9015,276861.0932988921,8784,1.0
3540,276852.8647766348,8784,1.0
5322,276772.9422315306,8784,1.0
4982,276713.3436967417,8784,1.0
1758,276608.19026867807,8784,1.0
7699,276582.79702709004,8784,1.0
9248,276521.30702877406,8782,0.9997723132969034
7404,276294.23640601506,8784,1.0
4937,276285.1622712005,8784,1.0
9864,276208.37007746997,8784,1.0
7151,276181.904230374,8784,1.0
6280,276091.9182787346,8784,1.0
4936,275852.1450764122,8784,1.0
1687,275800.1544541524,8784,1.0
6042,275687.0413931556,8784,1.0
4332,275598.0439987733,8784,1.0
3168,275436.54205918853,8784,1.0
9440,275369.50595959165,8784,1.0
651,275137.7951189862,8784,1.0
7302,274934.7091190033,8784,1.0
7610,274880.50107334397,8784,1.0
8724,274812.69708780467,8784,1.0
7996,274741.1946092542,8784,1.0
4039,274671.21140399727,8784,1.0
7948,274559.61011975026,8784,1.0
8481,274553.6851509368,8784,1.0
3391,274494.6477728744,8784,1.0
3392,274494.6477728744,8784,1.0
6739,274459.5280660507,8784,1.0
6888,273975.9727841131,8784,1.0
2751,273951.2868255427,8784,1.0
8303,273909.5403785748,8784,1.0
9565,273898.7851278256,8784,1.0
9547,273561.48800755333,8784,1.0
7505,273533.79141153337,8784,1.0
2769,273297.1308454734,8784,1.0
3268,273276.35280475696,8784,1.0
9326,273276.2043246045,8784,1.0
4833,273125.32384749857,8784,1.0
7403,273023.37228678074,8784,1.0
5222,273005.5299762027,8784,1.0
3265,272836.3508262229,8784,1.0
6433,272702.28308853495,8784,1.0
9423,272649.505184284,8784,1.0
7506,272543.0839125838,8784,1.0
5190,272539.9258071255,8784,1.0
5135,272522.1317007955,8784,1.0
7414,272478.4071346052,8784,1.0
9564,272363.72399664455,8784,1.0
9664,272363.72399664455,8784,1.0
9665,272363.72399664455,8784,1.0
9666,272363.72399664455,8784,1.0
9764,272363.72399664455,8784,1.0
3742,272297.1861488411,8784,1.0
7188,272265.9989398036,8784,1.0
9765,272135.24933802924,8784,1.0
9029,272043.3982048614,8784,1.0
9201,272003.439327847,8784,1.0
9202,272003.439327847,8784,1.0
9301,272003.439327847,8784,1.0
9302,272003.439327847,8784,1.0
1992,271968.80203017336,8784,1.0
7759,271965.4641358364,8784,1.0
2700,271636.5762538648,8784,1.0
9401,271608.08937856613,8784,1.0
6640,271584.5964269806,8784,1.0
4875,271496.23102420976,8430,0.9596994535519126
8060,271483.02394361503,8784,1.0
3150,271455.4034422222,8784,1.0
4819,271403.26284546254,8784,1.0
5118,271392.46163275925,8784,1.0
7833,271354.9480638637,8784,1.0
2599,271296.94937934907,8784,1.0
5189,271282.62481157284,8784,1.0
2795,271073.1520621545,8784,1.0
4772,271028.2054690952,5151,0.5864071038251366
7296,271008.8483582073,8784,1.0
3789,270993.0523817099,8784,1.0
5330,270988.8397768039,8784,1.0
4232,270985.5290270508,8784,1.0
4735,270933.584150857,8784,1.0
9863,270832.7044384857,8784,1.0
2699,270820.05329230794,8784,1.0
768,270800.5685316697,8784,1.0
7516,270764.7663926304,8784,1.0
2698,270028.45892263396,8784,1.0
4733,269956.8844828223,8784,1.0
7796,269956.863863795,8784,1.0
9303,269929.1425516248,8784,1.0
1439,269835.6695940368,8784,1.0
2697,269787.410559076,8784,1.0
5035,269690.1838628191,8784,1.0
9204,269656.6872396965,8784,1.0
2192,269647.14744517475,8784,1.0
2193,269647.14744517475,8784,1.0
2598,269647.14744517475,8784,1.0
2093,269634.3083322051,8784,1.0
2092,269496.29930961714,8784,1.0
6383,269402.9256865441,8784,1.0
5693,269397.1935917706,8784,1.0
4835,269387.11780187144,8784,1.0
3370,269381.92028270237,8784,1.0
8219,269320.39113022183,8784,1.0
1993,269281.015457805,8784,1.0
3279,269265.2351852063,8784,1.0
2597,269215.0100736832,8784,1.0
6094,269057.4505650947,8784,1.0
2692,268973.0251802891,8784,1.0
9446,268867.1737108079,8784,1.0
6040,268835.34308012994,8784,1.0
9995,268826.3791543798,8784,1.0
8649,268716.7477943324,8784,1.0
9330,268337.7723065938,8784,1.0
5018,268336.7199858061,8784,1.0
5119,268336.7199858061,8784,1.0
8433,268085.9615550195,8784,1.0
7902,267854.04104506463,8784,1.0
5121,267752.0630296163,8784,1.0
7419,267651.7644678517,8784,1.0
9346,267512.0434595141,8784,1.0
3574,267456.6900784396,8784,1.0
8596,267306.43527567794,8784,1.0
7726,267255.96478243824,8784,1.0
3941,267248.1094583096,8784,1.0
1650,267146.4914198003,8784,1.0
8059,267111.0185877404,8784,1.0
3164,267032.9287171775,8784,1.0
6534,267006.82577331545,8784,1.0
2336,266950.52822523663,8784,1.0
3229,266838.8679491795,8784,1.0
6598,266786.2536701914,8784,1.0
6544,266763.93744028755,8784,1.0
3883,266735.87076014274,8784,1.0
7148,266684.4033617538,8784,1.0
8828,266651.3252928808,8784,1.0
5583,266581.8996330846,8784,1.0
7711,266559.1393359434,8784,1.0
9542,266522.4393674387,8784,1.0
7435,266379.2737755672,8784,1.0
845,266249.7570490111,8784,1.0
7600,266157.77038484986,8784,1.0
7760,266133.2826254674,8784,1.0
7295,266053.0144632622,8784,1.0
2293,265965.940512735,8784,1.0
3739,265952.6216592345,8784,1.0
7303,265941.5258407083,8784,1.0
2493,265913.4366890424,8784,1.0
7402,265616.03033101326,8784,1.0
7964,265550.67507431505,8784,1.0
7102,265513.4991302409,8784,1.0
2892,265507.25041293853,8784,1.0
5120,265423.22331071156,8784,1.0
6844,265049.5216862713,8784,1.0
8633,265046.32683764264,8784,1.0
4834,265036.57045699307,8784,1.0
5685,264946.9963457101,8784,1.0
3263,264920.14131743705,8784,1.0
8603,264785.9334872287,8784,1.0
3165,264784.06229082245,8784,1.0
5684,264678.30423496896,8784,1.0
9027,264566.7236954713,8784,1.0
2592,264474.9625899567,8784,1.0
9679,264455.29576145124,8784,1.0
8435,264331.079060134,8784,1.0
2728,264283.58216391876,8784,1.0
3317,264231.8098604206,8784,1.0
1599,263952.1853030056,8784,1.0
6828,263839.29859361873,8784,1.0
1750,263542.12204445887,8784,1.0
9895,263534.7276910815,8784,1.0
9127,263516.3691955909,8784,1.0
3266,263388.3174701142,8784,1.0
9520,263359.95854626707,8784,1.0
8705,263112.47848971677,8784,1.0
4431,262972.76981946145,8784,1.0
3586,262934.68547404173,8784,1.0
5784,262786.61659535667,8784,1.0
3015,262765.7161299012,8784,1.0
4531,262744.3451354949,8784,1.0
2643,262681.2571370577,8784,1.0
7659,262535.0938743162,8784,1.0
7082,262494.9846717093,8784,1.0
3028,262478.48524264636,8784,1.0
5340,262418.2374962235,4384,0.4990892531876138
4535,262359.7772178649,8784,1.0
7680,262359.3638962677,8784,1.0
3544,262158.7185404018,8784,1.0
9134,262013.1406186243,8784,1.0
2544,261948.16158297195,8784,1.0
8744,261818.53944060518,8784,1.0
2980,261796.32278611977,8784,1.0
4483,261782.38737583128,8784,1.0
4532,261758.0197453475,8784,1.0
8632,261720.95760250016,8784,1.0
6482,261619.08610247873,8784,1.0
9402,261507.09416862193,8784,1.0
8533,261416.68160470843,8784,1.0
646,261405.66348761576,8784,1.0
9317,261223.4499593051,8784,1.0
8532,261174.22832503592,8784,1.0
8801,261111.4681298665,8784,1.0
5787,261104.78132913986,8784,1.0
5686,261014.94190885665,8784,1.0
7880,260953.51708581764,8784,1.0
2992,260923.57095612105,8784,1.0
2445,260896.78891638163,8784,1.0
2446,260896.78891638163,8784,1.0
2545,260896.78891638163,8784,1.0
2546,260896.78891638163,8784,1.0
2644,260896.78891638163,8784,1.0
2645,260896.78891638163,8784,1.0
2646,260896.78891638163,8784,1.0
2745,260896.78891638163,8784,1.0
9403,260820.67120355385,8784,1.0
6388,260608.79754438507,8784,1.0
8683,260584.30047998537,8784,1.0
5788,260581.5730383467,8784,1.0
3329,260368.73054028105,8784,1.0
7298,260322.7845405682,8784,1.0
3250,260318.1651006285,8784,1.0
9203,260289.76691774064,8784,1.0
7376,260280.43495951392,8784,1.0
8979,260277.8821127868,8784,1.0
8048,260038.83533276513,8784,1.0
4935,260037.80674420547,8784,1.0
3938,259937.33327873505,8784,1.0
2534,259918.49501509243,8784,1.0
9894,259809.31647917413,8784,1.0
3723,259798.10200433835,8784,1.0
4539,259737.16982830872,8784,1.0
7023,259725.94714742154,8784,1.0
6781,259600.35147235563,8784,1.0
649,259598.74554679275,8784,1.0
7348,259534.80595343543,8784,1.0
1355,259519.87896564283,8784,1.0
2635,259497.58578527137,8784,1.0
1566,259368.16028740266,8784,1.0
4427,259208.5223857552,8784,1.0
3887,259118.86768947283,8784,1.0
1686,258980.6165283908,8784,1.0
251,258974.3142066953,8784,1.0
3787,258940.87834250904,8784,1.0
5785,258920.25710282713,8784,1.0
5786,258854.19596454233,8784,1.0
1598,258844.20966705453,8784,1.0
2979,258833.39587479798,8784,1.0
6790,258566.22254182445,8784,1.0
2891,258540.5434974336,8784,1.0
5885,258530.24260496825,8784,1.0
2693,258459.6262492649,8784,1.0
1985,258455.86774448788,8784,1.0
2668,258293.91681166732,8784,1.0
4635,258260.42293881692,8784,1.0
8064,258232.0023806533,8784,1.0
7251,258181.9380477678,8784,1.0
2494,258159.97277522713,8784,1.0
761,258145.3863554081,8784,1.0
8699,258037.1900096765,8784,1.0
9116,257982.78213877065,8784,1.0
9524,257977.43233639377,8784,1.0
9525,257977.43233639377,8784,1.0
9526,257977.43233639377,8784,1.0
9527,257977.43233639377,8784,1.0
9626,257977.43233639377,8784,1.0
9627,257977.43233639377,8784,1.0
9726,257977.43233639377,8784,1.0
9727,257976.4432854908,8784,1.0
9825,257970.12345609657,8784,1.0
9523,257960.4555190393,8784,1.0
9625,257960.12680678052,8784,1.0
9624,257931.42644864728,8784,1.0
9826,257925.40192207834,8784,1.0
5694,257923.12553230647,8784,1.0
4885,257914.7719219778,8784,1.0
9725,257891.78724819416,8784,1.0
9724,257824.20604878277,8784,1.0
6101,257784.38194975,8784,1.0
6001,257765.57984950457,8784,1.0
9623,257732.42239296008,8784,1.0
5519,257711.50945062313,8784,1.0
7248,257698.5479225001,8784,1.0
3167,257640.0620056009,8784,1.0
5236,257639.96702469015,8784,1.0
4537,257584.24482764347,8784,1.0
8714,257521.56096966116,8784,1.0
2535,257497.32144654653,8784,1.0
4331,257472.70317517998,8784,1.0
6201,257444.88104210322,8784,1.0
3697,257413.5253769064,8784,1.0
2041,257395.71940738196,8784,1.0
6783,257365.88351054204,8784,1.0
4437,257203.24655472062,8784,1.0
3940,257178.77180759533,8784,1.0
3687,257082.66645065573,8784,1.0
9425,257056.09278738964,8784,1.0
2600,257014.21200492678,8784,1.0
9793,256914.84530037444,8784,1.0
6637,256886.98610960064,8784,1.0
7037,256793.3026832151,8784,1.0
6883,256728.66891145476,8784,1.0
2950,256656.75206293285,8784,1.0
9824,256591.63825826676,8784,1.0
7959,256459.84939271692,8784,1.0
6982,256328.3000546186,8784,1.0
6983,256328.3000546186,8784,1.0
7083,256328.3000546186,8784,1.0
3163,256166.56747793904,8784,1.0
1397,255991.78228019326,8784,1.0
7917,255978.14137300692,8784,1.0
8749,255916.72519638468,8784,1.0
4918,255886.4262227156,8784,1.0
3688,255645.57466332958,8784,1.0
1264,255486.2169839539,8784,1.0
7602,255467.5061155886,8784,1.0
4036,255460.33632113942,8784,1.0
7732,255356.39159811515,8784,1.0
3050,255073.93342351218,8784,1.0
3788,254828.35208316895,8784,1.0
8914,254612.3233579634,8784,1.0
6727,254449.79704060877,8784,1.0
9141,254400.48745928993,8784,1.0
3889,254111.57496672703,8784,1.0
5539,254106.049263189,8784,1.0
8455,254075.11385730773,8784,1.0
7877,253917.46674029576,8784,1.0
2455,253876.55472048963,8784,1.0
7231,253833.40171523162,8784,1.0
5689,253653.26145506385,8784,1.0
9140,253625.985666515,8784,1.0
6182,253516.18867912714,8784,1.0
4383,253451.54087781848,8784,1.0
4734,253410.6591470692,8784,1.0
8848,253340.85140829545,8784,1.0
8524,253307.0934099081,8784,1.0
9427,253209.38163778052,8784,1.0
5884,253185.5687813388,8784,1.0
6281,252982.34676700848,8784,1.0
2850,252876.61087794806,8784,1.0
1746,252867.34518193567,8784,1.0
6138,252859.30690147757,8784,1.0
6283,252713.02840160872,8784,1.0
7676,252704.64641779553,8784,1.0
6382,252668.51896941822,8784,1.0
9106,252583.46009003627,8784,1.0
3942,252408.54331977,8784,1.0
9005,252373.79218837013,8784,1.0
7481,252367.27757859268,8784,1.0
5894,252182.0188042643,8784,1.0
5590,252149.33470910043,8784,1.0
6140,252127.1956535385,8784,1.0
7733,252096.54261234915,8784,1.0
5290,252075.75791756957,8784,1.0
6400,252000.47349865822,8784,1.0
9426,251929.2801774811,8784,1.0
6540,251908.09671065758,8784,1.0
2864,251718.52275231897,8784,1.0
3888,251680.8581582382,8784,1.0
3417,251619.83537889182,8784,1.0
351,251531.38815420354,8784,1.0
5297,251443.87595075075,8784,1.0
5882,251348.4660039962,8784,1.0
6139,251185.50991565225,8784,1.0
6239,251185.50991565225,8784,1.0
6240,251185.50991565225,8784,1.0
4720,251145.39666452317,8784,1.0
1586,251107.06768142895,8784,1.0
149,251106.46118340353,8784,1.0
3267,250996.23883314387,8784,1.0
746,250992.1421036822,8784,1.0
7312,250862.7868875774,8784,1.0
2236,250752.26553227496,8784,1.0
2696,250745.22431830506,8784,1.0
9441,250618.5408512393,8784,1.0
7618,250590.9505286736,8784,1.0
3597,250580.0750289372,8784,1.0
8119,250455.5772494665,8784,1.0
6183,250413.69171940937,8784,1.0
1588,250307.42753414428,8784,1.0
5695,250245.44380376776,8784,1.0
7819,250239.25437492505,8784,1.0
8583,250234.90547418382,8784,1.0
3166,250231.11069770576,8784,1.0
7780,250104.25231711208,8784,1.0
8234,249971.65830486608,8784,1.0
5883,249834.23183336723,8784,1.0
3490,249817.39126455426,8784,1.0
7507,249732.4926931447,8784,1.0
8531,249627.6227143761,8784,1.0
7918,249625.6990748942,8784,1.0
9240,249619.62710382306,8784,1.0
5687,249510.33525786747,8784,1.0
963,249483.63793629967,8784,1.0
3587,249056.0687447166,8784,1.0
5517,248895.3405344792,8784,1.0
4985,248800.62894152518,8784,1.0
5528,248765.96139891172,8784,1.0
8906,248706.0621683097,8784,1.0
2593,248603.59146304842,8784,1.0
4419,248535.29083731506,8784,1.0
3917,248438.31699420713,8784,1.0
6282,248436.29818581403,8784,1.0
7137,248346.83687331298,8784,1.0
3594,248287.31218283423,8784,1.0
9819,248270.1251390435,8784,1.0
1751,248142.20511635166,8784,1.0
2967,248114.30702437254,8784,1.0
450,247939.0887258354,8784,1.0
6102,247913.21663460732,8784,1.0
9422,247888.77201504778,8784,1.0
9228,247877.21512782996,8784,1.0
9064,247858.5338739208,8784,1.0
2681,247848.93375057756,8784,1.0
4023,247771.8212315866,8784,1.0
1356,247663.7444153337,8784,1.0
8983,247638.18654747328,8784,1.0
9131,247508.399990043,8784,1.0
9245,247299.60524896203,8784,1.0
7421,247163.36614539335,8784,1.0
5901,247023.01614014193,8784,1.0
8707,246936.87031070716,8784,1.0
9892,246736.00715429487,8784,1.0
5690,246721.18574085343,8784,1.0
9132,246544.568300449,8784,1.0
9133,246544.568300449,8784,1.0
9231,246544.568300449,8784,1.0
9232,246544.568300449,8784,1.0
7382,246389.62455816774,8784,1.0
7720,246366.42708065937,8784,1.0
1456,246357.1043846667,8784,1.0
2294,246341.1273828352,8784,1.0
6241,246080.5577373863,8784,1.0
3841,245973.77070236247,8784,1.0
2744,245972.684301342,8784,1.0
4730,245802.4195408538,8784,1.0
7297,245718.9683658357,8784,1.0
9692,245713.9094399537,8784,1.0
9628,244996.07962568675,8784,1.0
5692,244965.56318901706,8784,1.0
5136,244946.43192253425,8784,1.0
2382,244750.65506841632,8784,1.0
9528,244736.70873317693,8784,1.0
8624,244626.53736263825,8784,1.0
7695,244557.78750410586,8784,1.0
1340,244552.60222223532,8784,1.0
1846,244515.24267886125,8784,1.0
660,244442.67240703985,8784,1.0
2759,244441.34466545485,8784,1.0
2393,244422.3669180635,8784,1.0
5036,244288.83255095108,8784,1.0
5037,244288.83255095108,8784,1.0
5137,244288.83255095108,8784,1.0
5994,244269.25598337888,8784,1.0
3939,244140.13568600616,8784,1.0
6644,244133.42113865394,8784,1.0
5117,243838.11943368873,8784,1.0
8203,243823.01226551406,8784,1.0
6083,243726.54740171818,8784,1.0
7313,243720.5173322113,8784,1.0
6002,243714.67342042713,8784,1.0
9028,243661.67013308473,8784,1.0
6039,243629.66557107383,8784,1.0
7603,243563.95011088846,8784,1.0
9233,243535.58297287163,8784,1.0
659,243414.01345239018,8784,1.0
5336,243413.86533246475,8784,1.0
9128,243308.8409249095,8784,1.0
3069,243006.05539931648,8784,1.0
8118,242972.68228036744,8784,1.0
8024,242915.2116655699,8784,1.0
8928,242898.6873606603,8784,1.0
5291,242890.6717240843,8784,1.0
745,242849.3468791913,8784,1.0
7604,242778.8341479227,8784,1.0
8710,242667.56658343298,8784,1.0
1544,242597.970147391,8784,1.0
2181,242586.42082807826,8784,1.0
8047,242409.8465039947,8784,1.0
6925,242354.48610153038,8784,1.0
8335,242331.8605539959,8784,1.0
5390,242294.9007406707,8784,1.0
5391,242294.9007406707,8784,1.0
5392,242294.9007406707,8784,1.0
5490,242294.9007406707,8784,1.0
5491,242294.9007406707,8784,1.0
5691,242294.9007406707,8784,1.0
7863,242264.47965001076,8784,1.0
2082,242157.42816695673,8784,1.0
5492,242136.82261409156,8784,1.0
8397,241761.3264631453,8784,1.0
7703,241745.62272593752,8784,1.0
150,241727.5750393451,8784,1.0
5886,241677.8977268312,8784,1.0
9719,241617.9143125516,8784,1.0
1600,241530.92411782918,8784,1.0
7609,241484.8789504873,8784,1.0
2859,241384.52707084658,8784,1.0
5592,241367.5081736271,8784,1.0
2497,241288.479235329,8784,1.0
8964,241119.65439018197,8784,1.0
1494,240953.20316645657,8784,1.0
6288,240795.1830029415,8784,1.0
757,240679.56500566608,8784,1.0
6539,240606.86080332063,8784,1.0
8708,240537.5939459019,8784,1.0
8709,240537.5939459019,8784,1.0
8807,240537.5939459019,8784,1.0
8808,240537.5939459019,8784,1.0
8809,240537.5939459019,8784,1.0
8908,240537.5939459019,8784,1.0
8909,240537.5939459019,8784,1.0
9008,240537.5939459019,8784,1.0
9108,240537.5939459019,8784,1.0
2564,240537.5754174385,8784,1.0
7036,240536.44843067043,8784,1.0
9007,240527.1620362853,8784,1.0
7719,240353.7528874718,8784,1.0
3498,240337.62000517265,8784,1.0
744,240293.43125326472,8784,1.0
1396,240106.1955916777,8784,1.0
1399,240102.18809927776,8784,1.0
9242,240096.34528673085,8784,1.0
9241,239951.5653346521,8784,1.0
7860,239755.43579668354,8784,1.0
9693,239719.00127138678,8784,1.0
9723,239660.37550634792,8784,1.0
8782,239613.27359203302,8784,1.0
4439,239546.72379302094,8784,1.0
2094,239483.20863760586,8784,1.0
7802,239460.79155318538,8784,1.0
1364,239380.0861368644,8784,1.0
7620,239265.36239517698,8784,1.0
2694,239165.66154750393,8784,1.0
5688,239072.25098491195,8784,1.0
8810,239015.78355024155,8784,1.0
5591,238959.8324348886,8784,1.0
5314,238951.3175054358,8784,1.0
1994,238654.44038789297,8784,1.0
6897,238615.32323265652,8784,1.0
7614,238469.51126098615,8784,1.0
8806,238444.297165635,8784,1.0
9205,238257.722452714,8784,1.0
2818,238223.6682214964,8784,1.0
9207,238145.18411065146,8784,1.0
8325,237983.76133054093,8784,1.0
7502,237978.9419783266,8784,1.0
9009,237899.15528284962,8784,1.0
1587,237783.31603467398,8784,1.0
3079,237773.3186099405,8784,1.0
8063,237732.96007468874,8784,1.0
6937,237720.05623487648,8784,1.0
7514,237624.63409209298,8784,1.0
2194,237270.03145838645,8784,1.0
7107,237259.91767834796,8784,1.0
7351,237236.578340191,8784,1.0
6940,237209.74997433816,8784,1.0
5726,237087.48948177672,8784,1.0
4435,237080.97073590118,8784,1.0
3782,236896.5285767486,8784,1.0
9899,236634.37036379133,8784,1.0
2283,236618.45650013743,8784,1.0
9105,236476.52689730874,8784,1.0
9206,236471.2405754323,8784,1.0
4422,236432.40005831703,8784,1.0
8882,236355.29025109077,8784,1.0
2532,236353.0901545888,8784,1.0
5641,236275.08663532496,8784,1.0
9002,236144.1994078634,8784,1.0
2495,236132.07540217903,8784,1.0
9347,236126.11327652572,8779,0.9994307832422586
6141,236088.7971108038,8784,1.0
3598,235989.56845871094,8784,1.0
3698,235989.56845871094,8784,1.0
6103,235982.11506525782,8784,1.0
9540,235963.82528619093,8784,1.0
9104,235954.26668672546,8784,1.0
5801,235802.9801951981,8784,1.0
7396,235617.06672773501,8784,1.0
6737,235583.40592494875,8784,1.0
3169,235041.8403628575,8784,1.0
8018,234907.88360595793,8784,1.0
1567,234881.518206391,8784,1.0
8781,234866.78951361467,8784,1.0
3080,234830.9925569735,8784,1.0
9792,234689.54843584806,8784,1.0
3027,234616.89960730347,8784,1.0
769,234577.0217700192,8784,1.0
7520,234512.16046547308,8784,1.0
9304,234496.85234338455,8784,1.0
7299,234374.61684653175,8784,1.0
3684,234337.0943591399,8784,1.0
7395,234285.47327344544,8784,1.0
4235,234063.65157749437,8784,1.0
7035,234047.90501055002,8784,1.0
2186,233895.62703390734,8784,1.0
2658,233743.41571895668,8784,1.0
7718,233721.95150150915,8784,1.0
1798,233686.3016876859,8784,1.0
3078,233679.1481171365,8784,1.0
9208,233532.05016690656,8784,1.0
6537,233487.23800715472,8784,1.0
8598,233233.7052110919,8784,1.0
8698,233233.7052110919,8784,1.0
8597,233233.70521109187,8784,1.0
8398,233233.70521109182,8784,1.0
8497,233233.70521109182,8784,1.0
8498,233233.70521109182,8784,1.0
8697,233233.70521109182,8784,1.0
3280,233203.34150667518,8784,1.0
9993,233157.1739450705,8784,1.0
3059,233072.19872174013,8784,1.0
760,232992.7823532917,8784,1.0
7510,232879.67677365552,8784,1.0
8881,232823.58687170397,8784,1.0
4583,232813.84156339816,8784,1.0
7820,232417.64712838028,8784,1.0
9047,232173.4137994012,8784,1.0
8434,232150.55692818496,8784,1.0
1557,232078.28557035665,8784,1.0
4384,231931.78254751023,8784,1.0
7495,231860.61610281296,8784,1.0
2966,231737.31584130373,8784,1.0
1658,231669.99203165068,8784,1.0
2252,231565.4852947883,8784,1.0
2352,231442.05975580454,8784,1.0
1441,231308.02535351686,8784,1.0
7150,231222.37452339602,8784,1.0
1540,231124.77071720242,8784,1.0
4224,231010.1913980528,8784,1.0
1558,230990.14987049898,8784,1.0
4321,230925.14688807493,8784,1.0
6399,230815.82938970838,8784,1.0
2781,230669.84213926172,8784,1.0
3115,230654.98773591814,8784,1.0
7824,230569.1255502317,8678,0.9879326047358834
7862,230399.17746859477,8784,1.0
4534,230397.01511932336,8784,1.0
9522,230156.4696843662,8784,1.0
4932,230056.63269035958,8784,1.0
2596,230027.69617557048,8784,1.0
9102,230011.00573241088,8784,1.0
6728,230003.9621785442,8784,1.0
4218,229993.7341701349,8784,1.0
1339,229979.60154231964,8784,1.0
4533,229869.7476531305,8784,1.0
2921,229850.04213686008,8784,1.0
1996,229829.53544011412,8784,1.0
8729,229706.38054824175,8784,1.0
3987,229682.79898429028,8784,1.0
8843,229659.31056891204,8784,1.0
6936,229576.2113088225,8784,1.0
2394,229436.95391952997,8784,1.0
6797,229365.34707414542,8784,1.0
6798,229365.34707414542,8784,1.0
6799,229365.34707414542,8784,1.0
6898,229365.34707414542,8784,1.0
6899,229365.34707414542,8784,1.0
1457,229267.53092704562,8784,1.0
2136,229253.96147691092,8784,1.0
9107,229137.62495356862,8784,1.0
9439,228656.38487669942,8784,1.0
7798,228652.20625090267,8784,1.0
4185,228620.49350816023,8784,1.0
8235,228585.73500321805,8784,1.0
3840,228571.7117011608,8784,1.0
559,228430.905651517,8784,1.0
8910,228398.67068187546,8784,1.0
6836,228358.79343165137,8784,1.0
1981,228284.14448838244,8784,1.0
8883,228245.27686712908,8784,1.0
6084,228241.118117579,8784,1.0
4333,228203.1629479677,8784,1.0
6726,228160.3851614565,8784,1.0
2927,228152.67345977383,8784,1.0
5942,227987.9416540031,8784,1.0
6890,227705.71814505124,8784,1.0
6238,227469.67843174725,8784,1.0
1443,227455.3458123691,8784,1.0
1357,227327.10316989152,8784,1.0
9147,227325.62000325043,8784,1.0
5191,227316.68756280787,8784,1.0
9923,227163.81551278944,8784,1.0
6882,227095.51988604947,8784,1.0
8943,226916.2226187781,8784,1.0
7033,226661.7741471171,8784,1.0
3683,226490.67964672594,8784,1.0
4633,226284.83552806548,8784,1.0
6740,226257.2684369673,8784,1.0
5436,225863.16751703338,8784,1.0
2594,225820.55064883523,8784,1.0
5622,225773.9716160674,8784,1.0
7861,225757.2744574708,8784,1.0
2968,225448.74389856655,8784,1.0
7187,225361.33575203113,8784,1.0
1398,225253.20845418237,8784,1.0
2695,225081.92008339436,8784,1.0
7960,225053.60248545042,8784,1.0
7961,225053.60248545042,8784,1.0
1045,225007.8233292674,8784,1.0
7803,224934.07628404262,8784,1.0
9841,224898.3145345374,8784,1.0
7375,224875.9290458842,8784,1.0
8334,224749.39576795645,8784,1.0
7929,224618.96171554024,8784,1.0
3617,224600.61302716957,8784,1.0
6633,224509.46865111837,8784,1.0
3842,224401.81216857152,8784,1.0
2095,224373.91487427097,8784,1.0
2096,224373.91487427097,8784,1.0
2295,224373.91487427097,8784,1.0
2297,224373.91487427097,8784,1.0
2395,224373.91487427097,8784,1.0
2396,224373.91487427097,8784,1.0
2397,224373.91487427097,8784,1.0
2496,224373.91487427097,8784,1.0
2595,224373.91487427097,8784,1.0
4538,224350.14567588276,8784,1.0
2922,224342.30110633935,8784,1.0
2296,224321.79867941907,8784,1.0
4086,224318.89948554218,8784,1.0
3577,224309.53320360126,8784,1.0
1995,224267.9744104987,8784,1.0
6628,224251.5034297283,8784,1.0
2196,224133.20656009825,8784,1.0
5985,223996.73523183796,8784,1.0
4634,223984.6306047891,8784,1.0
7415,223971.0697145313,8784,1.0
9115,223939.10306550743,8784,1.0
5802,223901.0240421804,8784,1.0
8947,223873.0932195,8784,1.0
4438,223868.86541035463,8784,1.0
3838,223860.60350539582,8784,1.0
2195,223856.7474122043,8784,1.0
8002,223737.27224279,8784,1.0
3269,223713.8775464941,8784,1.0
5332,223320.85009051472,8784,1.0
5696,223291.4144811527,8784,1.0
9109,223065.11136717367,8784,1.0
8254,222785.75491978985,8784,1.0
9316,222622.8479094609,8784,1.0
3373,222613.6840917355,8784,1.0
9043,222563.32470259,8784,1.0
9418,222523.4945873151,8784,1.0
1458,222506.87579683098,8784,1.0
7316,222506.13889463313,8784,1.0
6003,222434.54746695785,8784,1.0
7408,222295.79924619108,8784,1.0
2452,222267.2231237119,8784,1.0
8566,222202.5048790749,8784,1.0
1300,222154.9299559656,8784,1.0
7496,222154.71306418508,8784,1.0
1541,222088.5697658828,8784,1.0
5887,222005.62005667985,8784,1.0
7034,221988.28940528512,8784,1.0
6498,221880.72447776067,8784,1.0
9823,221863.78354509058,8784,1.0
3223,221830.11178329986,8784,1.0
9142,221817.82871063205,8784,1.0
6735,221791.74664980025,8784,1.0
8811,221729.46099806757,8784,1.0
4234,221718.49712470683,8784,1.0
9999,221685.24981475202,8784,1.0
6488,221611.9378628661,8784,1.0
7410,221591.46476557947,8784,1.0
9234,221457.17139623314,8784,1.0
8814,221422.4192988323,8784,1.0
6736,221417.06899599286,8784,1.0
9341,221277.8948933047,8784,1.0
9926,221180.47163333627,8784,1.0
6541,221175.01179157168,8784,1.0
248,221113.3297996759,8784,1.0
4135,221108.24651976774,8784,1.0
7451,221006.79210699414,8784,1.0
6938,221003.38051347286,8784,1.0
9014,220902.80397311723,8784,1.0
5085,220804.46712351427,8784,1.0
2863,220774.25964322788,8784,1.0
5940,220712.42585302755,8784,1.0
5624,220592.31504666613,8784,1.0
8907,220453.30476817663,8784,1.0
7422,220449.46569163114,8784,1.0
6542,220436.40661585,8784,1.0
6641,220422.81639696367,8784,1.0
5182,220417.15108257998,8784,1.0
6642,220412.0633005693,8784,1.0
9780,220289.23688015743,8784,1.0
6316,220198.08434925956,8784,1.0
2533,220161.3386060238,8784,1.0
3839,220117.31410197928,8784,1.0
9103,220061.35102977863,8784,1.0
6942,219943.55867249286,8784,1.0
7409,219931.03774564434,8784,1.0
7508,219931.03774564434,8784,1.0
7509,219931.03774564434,8784,1.0
9215,219929.30741942162,8784,1.0
6742,219850.6091296959,8784,1.0
2197,219786.46360273537,8784,1.0
452,219741.202862008,8784,1.0
1882,219709.8458757548,8784,1.0
3399,219673.31151199283,8784,1.0
8399,219602.57609768526,8784,1.0
7677,219449.18116465193,8784,1.0
9827,219419.25332176095,8784,1.0
5084,219415.5362343465,8784,1.0
3068,219348.9813206882,8784,1.0
551,219181.21545922756,8784,1.0
549,219079.54518509004,8784,1.0
2923,219077.863405624,8784,1.0
7003,219062.01077663,8784,1.0
1163,219049.22820096443,8784,1.0
7321,218936.36104661712,8784,1.0
7322,218936.36104661712,8784,1.0
8844,218855.87346262083,8784,1.0
8845,218855.87346262083,8784,1.0
8944,218855.87346262083,8784,1.0
8945,218855.87346262083,8784,1.0
8946,218855.87346262083,8784,1.0
9044,218855.87346262083,8784,1.0
9045,218855.87346262083,8784,1.0
9046,218855.87346262083,8784,1.0
8745,218790.00486101088,8784,1.0
7281,218750.71738595224,8784,1.0
2552,218637.900982603,8784,1.0
253,218563.01660990578,8784,1.0
6734,218525.39428259237,8784,1.0
9315,218505.54631002582,8784,1.0
4334,218432.4157100982,8784,1.0
7779,218387.07289102822,8784,1.0
2074,218285.96560934756,8784,1.0
6342,218123.403384165,8784,1.0
9146,218115.0413901926,8784,1.0
3123,218033.22156530753,8784,1.0
1492,217675.83332797416,8784,1.0
4732,217632.5249142447,8784,1.0
7136,217418.00610179102,8784,1.0
9214,217376.96995420437,8784,1.0
8584,217347.62661372055,8784,1.0
2137,217346.56451727627,8784,1.0
4035,217314.1664144937,8784,1.0
6835,217209.9250720548,8784,1.0
8846,217164.57789058646,8784,1.0
6838,217153.65594998506,8784,1.0
8599,217085.20794200743,8784,1.0
6442,217039.53277813995,8784,1.0
2036,216972.70533654036,8784,1.0
3328,216881.92156531327,8784,1.0
3228,216853.278006863,8784,1.0
3797,216800.4002570911,8784,1.0
2037,216710.9745076982,8784,1.0
3128,216687.6445446896,8784,1.0
1997,216512.2268983663,8784,1.0
9622,216416.52693403832,8784,1.0
1638,216388.677972475,8784,1.0
1737,216388.677972475,8784,1.0
1738,216388.677972475,8784,1.0
1739,216388.677972475,8784,1.0
1837,216388.677972475,8784,1.0
1838,216388.677972475,8784,1.0
1839,216388.677972475,8784,1.0
1937,216388.677972475,8784,1.0
1938,216388.677972475,8784,1.0
1939,216388.677972475,8784,1.0
2038,216388.677972475,8784,1.0
2039,216388.677972475,8784,1.0
2138,216388.677972475,8784,1.0
2139,216388.677972475,8784,1.0
6743,216263.8275149324,8784,1.0
9918,215899.48951618967,8784,1.0
5888,215887.1542634818,8784,1.0
2174,215744.5579711885,8784,1.0
1940,215704.19533569922,8784,1.0
7702,215653.78130933346,8784,1.0
5520,215612.95680398392,8784,1.0
8682,215539.59626625315,8784,1.0
3227,215488.43810901322,8784,1.0
7797,215422.2014414357,8784,1.0
6538,215247.30812378737,8784,1.0
353,215091.46318853408,8784,1.0
6643,215067.21455103645,8784,1.0
6443,215056.6253568309,8784,1.0
4632,215035.65969406252,8784,1.0
3699,214957.35511252144,8784,1.0
7475,214863.96043227834,8784,1.0
5435,214849.02885826852,8784,1.0
1887,214823.321758015,8784,1.0
6543,214779.62306240632,8784,1.0
3141,214711.29600672392,8784,1.0
2097,214709.3969368724,8784,1.0
8630,214690.1065878384,8784,1.0
6636,214685.9854784204,8784,1.0
3127,214678.27478185523,8784,1.0
6999,214667.36065897305,8784,1.0
3129,214605.7330150474,8784,1.0
1559,214556.45454968253,8784,1.0
5083,214485.4138725829,8784,1.0
550,214473.32576038098,8784,1.0
4275,214439.69508340018,8784,1.0
8767,214427.74557416837,8784,1.0
4134,214366.16271030548,8784,1.0
1840,214364.9988002565,8784,1.0
7924,214305.55355952083,8784,1.0
2172,214247.3368431417,8784,1.0
2173,214247.3368431417,8784,1.0
2272,214247.3368431417,8784,1.0
2273,214247.3368431417,8784,1.0
2274,214247.3368431417,8784,1.0
2373,214247.3368431417,8784,1.0
6515,214178.64624212717,8784,1.0
6086,214161.02059594498,8784,1.0
4630,214153.29637073187,8784,1.0
9113,214088.6206296574,8784,1.0
9114,214082.42423939955,8784,1.0
8430,214077.12725126467,8784,1.0
9216,213976.2394547459,8784,1.0
254,213868.23212546905,8784,1.0
7498,213862.8524101506,8784,1.0
7599,213677.38634855187,8784,1.0
8354,213505.54764118502,8784,1.0
4631,213495.5049752712,8784,1.0
3460,213320.7461084677,8784,1.0
7222,213276.7387653276,8784,1.0
7132,213232.66604935032,8784,1.0
9213,213127.91442623548,8784,1.0
8847,212882.70497964555,8784,1.0
7381,212760.81664278093,8784,1.0
7595,212746.81516909832,8784,1.0
6416,212726.5290125924,8784,1.0
7697,212694.30086371992,8784,1.0
1936,212661.11598297386,8784,1.0
1200,212637.59718488003,8784,1.0
9415,212512.246930861,8784,1.0
2250,212411.61843822844,8747,0.995787795992714
998,212291.36080497195,8784,1.0
1100,212291.36080497195,8784,1.0
1198,212291.36080497195,8784,1.0
1297,212291.36080497195,8784,1.0
1298,212291.36080497195,8784,1.0
1098,212284.7843847018,8784,1.0
1299,212279.87336624577,8784,1.0
1199,212271.65545182794,8784,1.0
1489,212269.29255919202,8784,1.0
6582,212237.30780061128,8784,1.0
7598,212176.6110694993,8784,1.0
546,212130.00839365594,8784,1.0
999,212062.04814976105,8784,1.0
8402,211964.29115707,8784,1.0
2365,211944.21810336452,8784,1.0
9314,211841.57099674418,8784,1.0
1197,211836.71851206836,8784,1.0
3024,211766.99717142183,8784,1.0
8880,211632.06968962893,8784,1.0
9994,211610.29650937679,8784,1.0
5215,211584.4265913922,8784,1.0
5434,211403.728283477,8784,1.0
4683,211361.17533487297,8784,1.0
2978,211242.8960268692,8784,1.0
6788,211226.4658800216,8784,1.0
2498,210946.13397381685,8784,1.0
3225,210937.0217503211,8784,1.0
1858,210671.1976462646,8784,1.0
6581,210555.1397789169,8784,1.0
1488,210547.91535832427,8784,1.0
9515,210473.00453814512,8784,1.0
8329,210466.64285339834,8784,1.0
7320,210428.4927367794,8784,1.0
6535,210341.5545381479,8784,1.0
8812,210290.07934357552,8784,1.0
9416,210248.85957597638,8784,1.0
9417,210179.9909810499,8784,1.0
1387,210160.4629416166,8784,1.0
6137,210088.29593171633,8784,1.0
6837,210080.79899582153,8784,1.0
7497,210053.08079720623,8784,1.0
7398,210005.9926271285,8784,1.0
3040,209966.82703275557,8784,1.0
1487,209949.72545838347,8784,1.0
1637,209869.6983048781,8784,1.0
6085,209857.07226758383,8784,1.0
1386,209828.26260020735,8784,1.0
2762,209827.84360023905,8784,1.0
6935,209820.115445403,8784,1.0
3493,209805.85043912797,8784,1.0
6087,209736.4618296897,8784,1.0
5987,209716.43863637128,8784,1.0
3890,209677.06379632733,8784,1.0
7596,209665.86166796868,8784,1.0
5986,209653.66864074045,8784,1.0
7499,209608.17739464118,8784,1.0
2547,209595.2524817546,8784,1.0
7212,209573.03031457658,8784,1.0
1568,209440.7583435486,8784,1.0
7698,209372.06162902116,8784,1.0
3067,209371.4965169272,8784,1.0
2963,209371.49651692717,8784,1.0
2964,209371.49651692717,8784,1.0
2965,209371.49651692717,8784,1.0
3063,209371.49651692717,8784,1.0
3064,209371.49651692717,8784,1.0
3065,209371.49651692717,8784,1.0
3066,209371.49651692717,8784,1.0
7696,209366.25819347645,8784,1.0
8748,209298.98801684432,8784,1.0
6741,209204.85025511886,8784,1.0
945,209166.04346305894,8784,1.0
7758,209106.3987501112,8784,1.0
3936,209055.55802317013,8784,1.0
352,208868.62604617592,8784,1.0
7420,208855.77585509935,8784,1.0
1941,208799.14961941924,8784,1.0
7801,208774.45152682214,8784,1.0
6038,208558.38569428562,8784,1.0
3270,208479.98654085054,8784,1.0
9344,208452.64928558774,8784,1.0
1569,208425.06413157086,8784,1.0
9145,208317.6844272969,8784,1.0
3249,208149.6701561785,8784,1.0
3491,208112.06669228923,8784,1.0
3492,208112.06669228923,8784,1.0
3590,208112.06669228923,8784,1.0
3593,208112.06669228923,8784,1.0
3690,208112.06669228923,8784,1.0
3691,208112.06669228923,8784,1.0
3790,208112.06669228923,8784,1.0
3791,208112.06669228923,8784,1.0
3591,208083.05103834922,8784,1.0
3499,208026.9303310699,8784,1.0
6037,207990.64111601037,8784,1.0
2862,207939.7187625789,8784,1.0
3592,207938.3547137641,8784,1.0
8256,207869.2227526488,8784,1.0
4832,207823.095353691,8784,1.0
8129,207820.6836252643,8784,1.0
9922,207752.44669751002,8784,1.0
6142,207743.57141058345,8784,1.0
3692,207734.3400467748,8784,1.0
453,207712.5242340582,8784,1.0
3693,207488.03730041534,8784,1.0
4784,207417.5972945227,8784,1.0
9443,207349.39176858737,8784,1.0
9728,207322.36785012775,8784,1.0
9620,207216.46601252726,8784,1.0
9618,207185.6679988419,8784,1.0
9619,207185.6679988419,8784,1.0
9621,207161.23636590768,8784,1.0
9721,207135.732683512,8784,1.0
7619,207113.25387680344,8784,1.0
5789,207098.40585644697,8784,1.0
5493,207074.36626492158,8784,1.0
1059,207057.9083868314,8784,1.0
9821,207041.9935242366,8784,1.0
9003,207041.3015256986,8784,1.0
9822,207028.80999906885,8784,1.0
7597,206990.57287043013,8784,1.0
1486,206975.6334262875,8784,1.0
9722,206955.4770663993,8784,1.0
1459,206922.2585658651,8784,1.0
9414,206911.67732011195,8784,1.0
6041,206868.81141230412,8784,1.0
3575,206769.1375567326,8784,1.0
2449,206686.5727585917,8784,1.0
2073,206651.43640671752,8784,1.0
552,206644.91079416717,8784,1.0
451,206452.3865733247,8784,1.0
3170,206053.40610607286,8784,1.0
7519,205968.5895879359,8784,1.0
3990,205958.17901686052,8784,1.0
6202,205620.7099989214,8784,1.0
7717,205475.55197121997,8784,1.0
666,205151.47406700288,8784,1.0
4789,205051.1437165227,8784,1.0
2969,204950.94937256782,8784,1.0
1358,204916.1150722067,8784,1.0
7032,204734.65269253,8784,1.0
6941,204726.02964175103,8784,1.0
6341,204662.86638450954,8784,1.0
446,204650.95761548783,8784,1.0
2351,204540.08115672425,8784,1.0
9518,204436.47114871192,8784,1.0
655,204228.81707312373,8784,1.0
5593,204208.57009546412,8784,1.0
8905,204184.75438302115,8784,1.0
6516,204161.2936718524,8784,1.0
9010,203944.68936828367,8784,1.0
354,203907.18115736678,8784,1.0
7133,203812.20387080737,8784,1.0
5835,203776.7906590658,8784,1.0
997,203744.09915504346,8784,1.0
1097,203744.09915504346,8784,1.0
9718,203720.69282826298,8784,1.0
2563,203648.61074559484,8784,1.0
759,203615.51404987997,8784,1.0
1000,203597.14060103928,8784,1.0
8499,203179.05603861585,8784,1.0
9413,202979.8260239677,8784,1.0
3798,202942.74922552245,8784,1.0
7822,202725.61287624793,8784,1.0
652,202702.1741038192,8784,1.0
7215,202656.27587190014,8784,1.0
7315,202656.27587190014,8784,1.0
653,202579.595780916,8784,1.0
654,202509.36210766525,8784,1.0
2372,202505.37082788823,8784,1.0
8728,202473.88122882938,8784,1.0
255,202301.27810584044,8784,1.0
355,202301.27810584044,8784,1.0
454,202301.27810584044,8784,1.0
455,202301.27810584044,8784,1.0
553,202301.27810584044,8784,1.0
554,202301.27810584044,8784,1.0
5983,202210.37761983206,8784,1.0
154,202167.18998726248,8784,1.0
6441,202130.58456069123,8784,1.0
4123,201882.3711348214,8784,1.0
2680,201843.50529230063,8784,1.0
2880,201695.22052941602,8784,1.0
9144,201587.73031204104,8784,1.0
3891,201569.33373046896,8784,1.0
7400,201565.36768033638,8784,1.0
9541,201411.74483959243,8784,1.0
2879,201353.20259360445,8784,1.0
3178,201142.4343855341,8784,1.0
155,200948.40309550878,8784,1.0
1493,200932.32983732346,8784,1.0
7879,200917.27827084894,8784,1.0
44,200774.6949205031,8784,1.0
46,200774.6949205031,8784,1.0
45,200774.69492050304,8784,1.0
2679,200732.70724128207,8784,1.0
3599,200680.4151107934,8784,1.0
9335,200541.59280829885,8784,1.0
2183,200310.00907317386,8784,1.0
1388,200237.87633827172,8784,1.0
9840,200173.06148889285,8784,1.0
6842,200148.83378812132,8784,1.0
8627,200072.9084091149,8784,1.0
9501,200019.99664309784,8784,1.0
6839,199932.05522446547,8784,1.0
3784,199931.7799051404,8784,1.0
3070,199911.11851442244,8784,1.0
1385,199892.83119810332,8784,1.0
7476,199892.49303376253,8784,1.0
1285,199796.10986047477,8784,1.0
6733,199672.1540595734,8784,1.0
6840,199617.4343135087,8784,1.0
6841,199564.14725676997,8784,1.0
9143,199535.1952174796,8784,1.0
1131,199474.31465083835,8784,1.0
9516,199375.49634642235,8784,1.0
3922,199263.96609415047,8784,1.0
6340,199129.06777396935,8784,1.0
7301,199060.14945259396,8784,1.0
6825,198925.33721846223,8784,1.0
4620,198901.85102519556,8784,1.0
1024,198869.13894031104,8784,1.0
1099,198709.19447662812,8784,1.0
3741,198547.97511316524,8784,1.0
9013,198502.75690242843,8784,1.0
7330,198444.9234401334,8784,1.0
2647,198245.05653534297,8784,1.0
3473,198156.88590640147,8784,1.0
1974,198078.9630718013,8784,1.0
9521,197962.86455302502,8784,1.0
7399,197907.4112539099,8784,1.0
2567,197744.1033767502,8784,1.0
7632,197719.7464215784,8784,1.0
7401,197695.5527729523,8784,1.0
4322,197686.18100047254,8784,1.0
2780,197685.01635358523,8784,1.0
4323,197622.73129412095,8784,1.0
7115,197562.4240600681,8784,1.0
7314,197512.02462535774,8784,1.0
9313,197506.99532127596,8784,1.0
2085,197446.25737185762,8784,1.0
9243,197412.80855681148,8784,1.0
2718,197256.6383355033,8784,1.0
9312,197190.94444145853,8784,1.0
1659,197135.04993848826,8784,1.0
2580,197100.21251623126,8784,1.0
9639,197064.31064150418,8784,1.0
844,197027.37316662155,8784,1.0
1642,196868.48597922252,8784,1.0
5389,196810.14709492697,8784,1.0
8702,196457.11760688055,8784,1.0
4092,196450.66585490698,8784,1.0
9004,196447.50432037062,8784,1.0
1945,196420.22704569652,8784,1.0
9112,196375.0210618137,8784,1.0
1570,196358.02886978595,8784,1.0
9615,196341.95277258017,8784,1.0
4034,196204.63472881963,8784,1.0
6627,196136.95239425587,8784,1.0
8746,196109.47349472455,8784,1.0
555,196095.97309353837,8784,1.0
8428,196066.0737095428,8784,1.0
3371,195883.90536416115,8784,1.0
3461,195872.13588869473,8784,1.0
2080,195819.5312618746,8784,1.0
3561,195810.02146285443,8784,1.0
6339,195788.44860011837,8784,1.0
743,195662.66182248452,8784,1.0
6699,195520.97890489397,8784,1.0
8103,195486.68391568144,8784,1.0
3372,195450.31867898183,8784,1.0
4790,195438.55630894884,8784,1.0
7216,195425.77410626443,8784,1.0
5988,195384.24878496636,8784,1.0
4119,195324.26474626712,8784,1.0
7962,195253.6254809528,8784,1.0
8530,195149.51580858536,8784,1.0
6990,194905.59610443216,8784,1.0
5289,194848.5293044984,8784,1.0
5735,194832.66481475244,8784,1.0
3792,194827.28418801582,8784,1.0
3179,194767.09387336764,8784,1.0
1615,194729.63345700322,8784,1.0
6093,194675.69545624068,8784,1.0
8429,194650.15567698522,8784,1.0
2251,194561.23759868412,8784,1.0
8763,194549.1448717001,8784,1.0
369,194435.2938216107,8784,1.0
370,194435.2938216107,8784,1.0
6843,194350.0523200807,8784,1.0
876,194340.81094702418,8784,1.0
2140,194216.74614798333,8784,1.0
8528,194000.51381530787,8784,1.0
8628,193901.87523805464,8784,1.0
6518,193796.13897121738,8784,1.0
4434,193780.10743357378,8784,1.0
9212,193778.50072773307,8784,1.0
2779,193565.97544515986,8784,1.0
8529,193439.70464865616,8784,1.0
8527,193307.58086428588,8784,1.0
8865,193249.36209753266,8784,1.0
645,193209.13891992526,8784,1.0
3900,193139.00791393494,8784,1.0
9616,192977.8180896142,8784,1.0
1836,192937.97228792132,8784,1.0
661,192922.18027357728,8784,1.0
6924,192903.0861434458,8784,1.0
5534,192826.65398468872,8784,1.0
5634,192826.65398468872,8784,1.0
5535,192823.9536488375,8784,1.0
5635,192822.74888313864,8784,1.0
9617,192778.80846356595,8784,1.0
1345,192760.99735167623,8784,1.0
7309,192714.8239653511,8784,1.0
5536,192688.9575658412,8784,1.0
6519,192660.06880108188,8784,1.0
6520,192660.06880108188,8784,1.0
6618,192660.06880108188,8784,1.0
6619,192660.06880108188,8784,1.0
6620,192660.06880108188,8784,1.0
8629,192595.85872654122,8784,1.0
3989,192415.84548954564,8784,1.0
3793,192323.4544041155,8784,1.0
6528,192157.69858891782,8784,1.0
8565,192111.62335183792,8784,1.0
7500,192089.46222972963,8784,1.0
7214,191990.80241056762,8784,1.0
580,191915.1400596079,8784,1.0
8525,191855.17066681327,8784,1.0
2451,191841.36352045918,8784,1.0
6591,191838.06602051825,8784,1.0
9209,191748.4514731935,8784,1.0
1286,191661.0238364293,8784,1.0
7114,191597.19902487932,8784,1.0
8425,191454.7170145987,8784,1.0
5183,191413.0540343092,8784,1.0
6188,191250.32038303989,8784,1.0
8646,191209.2289914362,8784,1.0
1698,191147.83441682928,8784,1.0
2265,191073.5925014973,8784,1.0
3180,191059.4847016245,8784,1.0
1982,191015.51387128417,8784,1.0
3740,190995.5668712047,8784,1.0
3049,190984.76669358922,8784,1.0
2750,190955.41903006556,8784,1.0
5489,190929.2285633012,8784,1.0
3271,190686.12308730403,8784,1.0
644,190627.53109537222,8784,1.0
252,190599.51709327882,8784,1.0
944,190526.86006407966,8784,1.0
2350,190467.24779320127,8742,0.9952185792349727
6690,190449.66964642017,8784,1.0
2551,190413.633477394,8742,0.9952185792349727
2651,190413.633477394,8742,0.9952185792349727
942,190278.3306390679,8784,1.0
1041,190278.3306390679,8784,1.0
1042,190278.3306390679,8784,1.0
1141,190278.3306390679,8784,1.0
1140,189930.10641134946,8784,1.0
941,189458.54910645218,8784,1.0
943,189329.24737679784,8784,1.0
4831,189242.98356082995,8784,1.0
153,189211.423116769,8784,1.0
4690,189032.56152179613,8784,1.0
5836,189026.71300476373,8784,1.0
368,188907.21385267272,8784,1.0
4791,188841.26079916232,8784,1.0
1881,188806.77978187622,8784,1.0
764,188733.307584935,8784,1.0
151,188688.06128863402,8784,1.0
1485,188665.04673806735,8784,1.0
9519,188459.69628324444,8784,1.0
9244,188450.7926327362,8784,1.0
2450,188318.80833536974,8784,1.0
7823,188277.39058805173,8701,0.9905510018214936
270,188264.53010288472,8784,1.0
6782,188247.83150786892,8784,1.0
1359,188209.3451188998,8784,1.0
7300,188105.66418114505,8784,1.0
3149,187980.04579820298,8784,1.0
4285,187936.65692469053,8784,1.0
5734,187928.544598007,8784,1.0
3799,187900.60190473995,8784,1.0
3077,187804.28241060066,8784,1.0
9311,187793.82706887284,8784,1.0
9110,187764.57017925812,8784,1.0
9111,187745.07073161422,8784,1.0
9210,187738.68559731415,8784,1.0
3400,187716.0731259271,8784,1.0
842,187702.43501520736,8784,1.0
2072,187640.6832377623,8784,1.0
5393,187468.68511293366,8784,1.0
5623,187444.33180373747,8784,1.0
1043,187365.69041174478,8784,1.0
8780,187029.79423615758,8784,1.0
9818,186948.59418171036,8784,1.0
742,186835.2730259751,8784,1.0
7014,186708.7827351484,8784,1.0
8225,186692.168105708,8784,1.0
4220,186615.61553669488,8784,1.0
1886,186597.39200423405,8784,1.0
6719,186512.97309358625,8784,1.0
5589,186475.36533145656,8784,1.0
9800,186442.23449959292,8784,1.0
658,186425.55788943855,8784,1.0
6536,186364.95484936127,8784,1.0
6242,186275.6501248306,8784,1.0
8101,186142.77314844012,8784,1.0
4892,186083.6932825434,8784,1.0
8328,186067.4081698096,8784,1.0
7528,186004.06526362614,8784,1.0
7527,186003.63614817653,8784,1.0
2915,185984.18834761254,8784,1.0
2374,185916.3605375137,8784,1.0
2814,185863.611430525,8784,1.0
2813,185841.37515243416,8784,1.0
2970,185839.02316741017,8784,1.0
6720,185827.32728776362,8784,1.0
1142,185731.71809449946,8784,1.0
2914,185629.8818889615,8784,1.0
7631,185590.4099916477,8784,1.0
8813,185590.11261737213,8784,1.0
5237,185580.39699826448,8784,1.0
4091,185469.68868083844,8784,1.0
2182,185441.26203991997,8784,1.0
152,185414.0502514771,8784,1.0
1240,185325.14239965766,8784,1.0
6943,185286.24558149217,8784,1.0
1040,185265.27715341892,8784,1.0
6681,185191.5892303362,8784,1.0
9011,185166.23179356675,8784,1.0
4672,185077.51383398334,4709,0.5360883424408015
4100,185034.56877562392,8784,1.0
6824,185011.1214429628,8784,1.0
7335,184979.5639649229,8784,1.0
3517,184945.45018979444,8784,1.0
8547,184812.02371308708,8784,1.0
8548,184812.02371308708,8784,1.0
8648,184812.02371308708,8784,1.0
1700,184746.00191956013,8784,1.0
2971,184714.1296251363,8784,1.0
3071,184714.1296251363,8784,1.0
8647,184689.90700109932,8784,1.0
9342,184680.44330107025,8784,1.0
7630,184654.93068258677,8784,1.0
3414,184629.9890516107,8784,1.0
6934,184617.2673240005,8784,1.0
6908,184576.08982406152,8784,1.0
4190,184575.3013843252,8784,1.0
8747,184432.6426751141,8784,1.0
7628,184411.90261859988,8784,1.0
8582,184390.3378074662,8784,1.0
6834,184357.55413546978,8784,1.0
558,184222.23308472894,8784,1.0
3899,184180.47040805267,8784,1.0
4000,184180.47040805267,8784,1.0
9211,184175.30569528445,8784,1.0
7878,183998.42656555102,8784,1.0
4090,183997.53858054566,8784,1.0
3171,183995.59829355567,8784,1.0
1639,183985.00958829015,8784,1.0
2972,183832.42980564927,8784,1.0
2973,183832.42980564927,8784,1.0
3072,183832.42980564927,8784,1.0
3073,183832.42980564927,8784,1.0
3074,183832.42980564927,8784,1.0
6833,183639.85774788275,8784,1.0
9012,183636.03822422112,8784,1.0
6682,183634.6926237242,8784,1.0
843,183605.31440872268,8784,1.0
2815,183409.28610901732,8784,1.0
3272,183363.63428124745,8784,1.0
7149,183276.58215316513,8784,1.0
3514,183241.95127810017,8784,1.0
6823,183227.0663417305,8784,1.0
269,183084.04265448873,8784,1.0
8912,182884.21579713488,8784,1.0
8911,182739.5421156634,8784,1.0
3172,182733.05684957482,8784,1.0
4731,182704.5415740378,8784,1.0
3273,182593.58234506918,8784,1.0
4495,182570.48861953634,8784,1.0
3998,182557.69931003478,8784,1.0
3075,182504.95912092685,8784,1.0
665,182498.79617033963,8784,1.0
2796,182491.79417353706,8784,1.0
2872,182491.73176270147,8784,1.0
2381,182332.70464053782,8784,1.0
6933,182289.78715406999,8784,1.0
3173,182229.62517284093,8784,1.0
3817,182191.16532066328,8784,1.0
4097,182170.59336080943,8784,1.0
4098,182170.59336080943,8784,1.0
3997,182170.5933608094,8784,1.0
3996,181972.51101045043,8784,1.0
4198,181950.12649391472,8784,1.0
4199,181921.1774952792,8784,1.0
3999,181863.79738372198,8784,1.0
7134,181834.7837703061,8784,1.0
3174,181791.5363178901,8784,1.0
3177,181777.47441372462,8784,1.0
2040,181749.56936752584,8784,1.0
4096,181716.60760569555,8784,1.0
3175,181704.5493702967,8784,1.0
2434,181679.87212725807,8784,1.0
4792,181653.6980396171,8784,1.0
3474,181649.55961512463,8784,1.0
3176,181645.98594277407,8784,1.0
3275,181645.98594277407,8784,1.0
3276,181645.98594277407,8784,1.0
3277,181645.98594277407,8784,1.0
3375,181645.98594277407,8784,1.0
3376,181645.98594277407,8784,1.0
3377,181645.98594277407,8784,1.0
3378,181645.98594277407,8784,1.0
3475,181645.98594277407,8784,1.0
3476,181645.98594277407,8784,1.0
3477,181645.98594277407,8784,1.0
3478,181645.98594277407,8784,1.0
3576,181645.98594277407,8784,1.0
4099,181627.79784062682,8784,1.0
3374,181617.30949239444,8784,1.0
3274,181608.55494277802,8784,1.0
3278,181557.9316291981,8784,1.0
8704,181501.6140338291,8784,1.0
2962,181486.371814754,8784,1.0
9310,181170.7559585275,8784,1.0
4292,180942.18259939848,8784,1.0
8913,180886.91097585173,8784,1.0
9331,180875.982853241,8784,1.0
6119,180847.53086032553,8784,1.0
3897,180732.65693761682,8784,1.0
2282,180696.3063705366,8784,1.0
1338,180649.91755254802,8784,1.0
2845,180579.50764970493,8784,1.0
3717,180554.1550862969,8784,1.0
898,180457.8789673627,8784,1.0
6932,180194.7335960109,8784,1.0
3898,180137.85494135023,8784,1.0
9579,179754.23805285172,8784,1.0
9580,179754.23805285172,8784,1.0
9680,179754.23805285172,8784,1.0
2827,179705.53332777467,8784,1.0
3600,179688.68365104898,8784,1.0
5184,179535.61215691094,8784,1.0
356,179515.53871047936,8784,1.0
3892,179151.63510184293,8784,1.0
3896,179148.58214247736,8784,1.0
8001,179043.33063002973,8784,1.0
2740,179003.0750563531,8784,1.0
8902,178941.14923977683,8784,1.0
6499,178475.27435187044,8784,1.0
3515,178421.90084124095,8784,1.0
4022,178421.55575683792,8784,1.0
4433,178405.39414283205,8784,1.0
1958,178292.31874572998,8784,1.0
7627,178220.46360592465,8784,1.0
4197,178085.52927495813,8784,1.0
6832,177692.3884422034,8784,1.0
9900,177628.29498805673,8784,1.0
841,177501.80120176217,8784,1.0
2839,177500.98284758028,8784,1.0
3616,177492.81686971063,8784,1.0
7397,177477.97030024327,8784,1.0
3516,177476.80688247725,8784,1.0
4496,177398.22243061848,8784,1.0
3615,177266.5556698268,8784,1.0
3416,177235.62961156786,8784,1.0
2939,177235.51236874072,8784,1.0
2747,177231.85800596778,8784,1.0
3415,177218.8956017643,8784,1.0
1571,177111.87152058101,8784,1.0
2435,177110.06433593997,8784,1.0
2840,177100.50152886868,8784,1.0
2841,177100.50152886868,8784,1.0
2940,177100.50152886868,8784,1.0
2941,177100.50152886868,8784,1.0
3041,177016.41981814904,8784,1.0
3988,176999.36945205115,8784,1.0
2741,176991.6387199531,8784,1.0
2942,176977.64625077316,8784,1.0
442,176975.25203083403,8784,1.0
8681,176937.11458554433,8784,1.0
7428,176794.42906767485,8784,1.0
2842,176746.34782832113,8784,1.0
771,176737.73505294218,8784,1.0
3716,176692.86530627133,8784,1.0
3316,176630.34213804832,8784,1.0
5138,176485.86520244688,8784,1.0
1044,176466.6798983661,8784,1.0
4200,176350.96145248777,8784,1.0
6599,176289.37670401795,8784,1.0
1471,176227.5502469015,8784,1.0
3241,176172.76288365392,8784,1.0
7352,176113.66748645663,8784,1.0
8356,175975.373432089,8784,1.0
4986,175742.06530505428,8784,1.0
4089,175645.00771661376,8784,1.0
7828,175496.38598389813,8784,1.0
3362,175284.5792689628,8784,1.0
1239,175275.66861071458,8784,1.0
10000,175260.2625181316,8784,1.0
1139,175227.93983370106,8784,1.0
9436,175134.6018494665,8784,1.0
7633,175085.48976539425,8784,1.0
641,175043.31139165146,8784,1.0
3783,174946.04223790526,8784,1.0
7013,174856.59555020218,8784,1.0
8427,174808.6757635463,8784,1.0
2742,174756.1531992689,8784,1.0
7213,174745.82100243482,8784,1.0
6527,174675.76688765452,8784,1.0
7113,174660.21413637436,8784,1.0
5984,174586.0034298759,8784,1.0
4692,174558.92512323195,8784,1.0
268,174505.52710447225,8784,1.0
7111,174266.62080469134,8784,1.0
1699,174085.68917726565,8784,1.0
441,174026.52169966712,8784,1.0
7501,173974.47638733307,8784,1.0
341,173808.32364052781,8784,1.0
541,173788.97228100616,8784,1.0
656,173723.2773405312,8784,1.0
741,173705.61747032774,8784,1.0
638,173665.12503232513,8784,1.0
4793,173618.7227159716,8784,1.0
339,173605.92020386827,8784,1.0
439,173593.40928370273,8784,1.0
438,173591.8232980182,8784,1.0
440,173591.17282465257,8784,1.0
657,173590.04994322144,8784,1.0
538,173583.28807651481,8784,1.0
540,173582.6908740752,8784,1.0
539,173581.31017671528,8784,1.0
639,173581.31017671528,8784,1.0
640,173581.31017671528,8784,1.0
737,173581.31017671528,8784,1.0
738,173581.31017671528,8784,1.0
739,173581.31017671528,8784,1.0
740,173581.31017671528,8784,1.0
837,173581.31017671528,8784,1.0
838,173581.31017671528,8784,1.0
839,173581.31017671528,8784,1.0
840,173581.31017671528,8784,1.0
936,173581.31017671528,8784,1.0
937,173581.31017671528,8784,1.0
938,173581.31017671528,8784,1.0
939,173581.31017671528,8784,1.0
1035,173581.31017671528,8784,1.0
1036,173581.31017671528,8784,1.0
1037,173581.31017671528,8784,1.0
1038,173581.31017671528,8784,1.0
1039,173581.31017671528,8784,1.0
1136,173581.31017671528,8784,1.0
1137,173581.31017671528,8784,1.0
1138,173581.31017671528,8784,1.0
1236,173581.31017671528,8784,1.0
1237,173581.31017671528,8784,1.0
1238,173581.31017671528,8784,1.0
1337,173581.31017671528,8784,1.0
168,173569.7732752171,8784,1.0
5188,173546.27728678487,8784,1.0
169,173536.80783534187,8784,1.0
9517,173448.73237684063,8784,1.0
836,173254.32767589536,8784,1.0
3992,173245.31531275169,8784,1.0
542,173183.42064192417,8784,1.0
2974,173163.14411381906,8784,1.0
3543,173024.85089252068,8784,1.0
3076,173017.29872612745,8784,1.0
736,172974.05801150872,8784,1.0
6440,172966.27140720823,8784,1.0
8802,172924.9607557734,8784,1.0
7728,172918.05126757867,8784,1.0
6439,172900.7518274176,8784,1.0
1235,172831.98130995728,8784,1.0
1336,172787.21107849485,8784,1.0
3894,172717.15658443066,8784,1.0
6588,172640.52256239642,8784,1.0
6688,172633.78223004934,8784,1.0
4193,172623.54212411796,8784,1.0
6689,172595.98607972648,8784,1.0
935,172533.1234026447,8784,1.0
544,171845.69890749865,8784,1.0
1341,171843.3336966119,8784,1.0
4519,171677.6738451941,8784,1.0
537,171546.43598622677,8784,1.0
3500,171358.1789588383,8784,1.0
5429,171148.75520256496,8784,1.0
1134,170916.83721447006,8784,1.0
456,170892.3596647392,8784,1.0
7088,170810.98615154735,8784,1.0
6500,170789.52479573188,8784,1.0
7515,170735.59474631737,8784,1.0
7615,170735.59474631737,8784,1.0
7616,170735.59474631737,8784,1.0
7716,170677.40385046494,8784,1.0
664,170652.5582319307,8784,1.0
8029,170506.83430807397,8784,1.0
8805,170488.21224903804,8784,1.0
5628,170349.97316256666,8784,1.0
4189,170347.58012272668,8784,1.0
9739,170159.98915173803,8784,1.0
4693,170157.91190433613,8784,1.0
3259,170111.95832980733,8784,1.0
68,169894.74598516483,8784,1.0
9479,169871.14703637752,8784,1.0
1491,169851.80359738076,8784,1.0
6438,169790.3974475262,8784,1.0
4394,169723.2269809735,8784,1.0
2873,169694.3423253841,8784,1.0
6732,169508.76314869034,8784,1.0
7308,169439.3884205253,8784,1.0
3800,169410.04214635142,8784,1.0
897,169298.6174800847,8784,1.0
4987,169206.7171945911,8784,1.0
9502,168929.95080974218,8784,1.0
7200,168780.13214855536,8784,1.0
7601,168775.2219543197,8784,1.0
2943,168687.26050912432,8784,1.0
2812,168480.70709166216,8784,1.0
6789,168444.03380346877,8784,1.0
1160,168309.89967083195,8784,1.0
4196,168252.31847428466,8784,1.0
2870,168234.39364983034,8784,1.0
2466,168074.1904081816,8784,1.0
3341,167875.59709813725,8784,1.0
1914,167842.57838551898,8784,1.0
2774,167819.0224932584,8784,1.0
566,167780.7902712755,8784,1.0
2959,167712.32758703516,8784,1.0
1135,167707.43057489788,8784,1.0
3895,167613.41523165713,8784,1.0
4273,167596.48089420644,8784,1.0
1645,167548.42673998073,8784,1.0
2579,167535.10210694122,8784,1.0
7135,167503.46046272834,8784,1.0
560,167353.57218135087,8784,1.0
338,167340.41368458152,8784,1.0
4191,167315.36953737852,8784,1.0
8803,167303.75272709236,8784,1.0
1034,167180.36100176736,8784,1.0
8202,167071.3350606858,8784,1.0
5742,167044.9667115387,8784,1.0
556,167001.83661113298,8784,1.0
9412,166978.29155873042,8784,1.0
1980,166967.153356556,8784,1.0
1442,166949.07627208962,8784,1.0
5397,166911.58588610814,8784,1.0
4691,166802.50958033238,8784,1.0
2819,166533.78020836288,8784,1.0
4095,166346.06961473008,8784,1.0
5638,166333.517867968,8784,1.0
1973,166321.69977896565,8784,1.0
557,166232.97426096594,8784,1.0
3700,166213.29260742597,8784,1.0
6415,166163.87759580137,8784,1.0
4293,166129.47766267092,8784,1.0
1143,165879.17331757513,8784,1.0
4192,165812.1295867738,8784,1.0
4818,165796.8400652573,8784,1.0
2871,165522.84011993464,8784,1.0
2463,165516.71913237718,8784,1.0
3994,165452.89404907284,8784,1.0
8766,165187.4953704753,8784,1.0
4094,164998.96747495548,8784,1.0
6615,164850.96542451266,8784,1.0
5197,164827.7146412766,8784,1.0
457,164729.73961810005,8784,1.0
1736,164712.75068838857,8784,1.0
4194,164678.245857381,8784,1.0
4392,164628.62307190814,8784,1.0
2464,164553.1932514179,8784,1.0
2913,164544.76345506447,8784,1.0
8703,164511.1613718812,8784,1.0
4195,164469.74110360484,8784,1.0
5331,164438.7608973695,8784,1.0
5283,164433.13175334467,8784,1.0
5594,164362.02435113786,8784,1.0
4999,164289.96718927918,8784,1.0
642,164153.96117313605,8784,1.0
4298,164137.63367023837,8784,1.0
4299,164086.88216957022,8784,1.0
6420,164053.8067639487,8784,1.0
4291,164051.6011367946,8784,1.0
6532,164008.5130613898,8784,1.0
2363,163880.34302330157,8784,1.0
2364,163880.34302330157,8784,1.0
2465,163880.34302330157,8784,1.0
4391,163696.93082187342,8784,1.0
2263,163692.01654717597,8784,1.0
2822,163563.48362019056,8784,1.0
8326,163468.83726976142,8784,1.0
7112,163465.5834786575,8784,1.0
4318,163437.94137902674,8784,1.0
2262,163387.9190369253,8784,1.0
2843,163290.22109952578,8784,1.0
4592,163010.10930983908,8784,1.0
4021,163003.10076352608,8784,1.0
371,162977.81743106138,8784,1.0
3995,162958.37358807988,8784,1.0
4296,162909.79589473605,8784,1.0
5936,162880.1517139351,8784,1.0
4491,162797.47860939818,8784,1.0
4598,162789.03470872602,8784,1.0
2550,162771.68666484358,8784,1.0
2519,162694.66318043857,8784,1.0
4591,162638.46565593802,8784,1.0
340,162515.16266235666,8784,1.0
7233,162424.82366494296,8784,1.0
6434,162251.45660968628,8784,1.0
4498,162086.32288459508,8784,1.0
7232,162015.1164261893,8784,1.0
5214,161991.28670321155,8784,1.0
256,161964.14490290542,8784,1.0
637,161934.1556284208,8784,1.0
7207,161897.48867700424,8784,1.0
7221,161847.03601471276,8784,1.0
940,161823.28119948166,8784,1.0
4297,161758.6355463587,8784,1.0
4397,161758.6355463587,8784,1.0
4398,161758.6355463587,8784,1.0
4497,161758.6355463587,8784,1.0
4396,161757.71524810113,8784,1.0
4020,161658.83893456796,8784,1.0
5941,161615.20835775163,8784,1.0
2714,161557.9529046988,8784,1.0
6708,161542.49865623284,8784,1.0
8255,161534.22987487703,8784,1.0
8355,161534.22987487703,8784,1.0
4120,161494.31557087574,8784,1.0
7825,161484.16973817933,8767,0.9980646630236795
4399,161346.30983035098,8784,1.0
8765,161320.26761633114,8784,1.0
5538,161130.03159844226,8784,1.0
6808,161089.70766436929,8784,1.0
4290,161064.20483723178,8784,1.0
4295,161017.21865896578,8784,1.0
7727,160895.852457892,8603,0.9793943533697632
2619,160832.94484641106,8784,1.0
2715,160802.55601862413,8784,1.0
1438,160749.4789175804,8784,1.0
6729,160672.7205715369,8784,1.0
4393,160540.0162270515,8784,1.0
6521,160493.74749022422,8784,1.0
170,160430.50190823743,8784,1.0
2264,160266.8426043853,8784,1.0
6600,160228.61469521243,8784,1.0
2719,160220.80457341738,8784,1.0
2620,160078.35831013595,8784,1.0
2621,160078.35831013595,8784,1.0
2622,160078.35831013595,8784,1.0
2721,160078.35831013595,8784,1.0
2821,160078.35831013595,8784,1.0
2420,160078.35831013593,8784,1.0
2520,160078.35831013593,8784,1.0
2521,160078.35831013593,8784,1.0
2720,160078.35831013593,8784,1.0
2722,160078.35831013593,8784,1.0
2820,160078.35831013593,8784,1.0
4093,160048.49531235528,8784,1.0
2421,159881.8499339537,8784,1.0
7210,159879.17078132482,8784,1.0
7234,159874.8782143445,8784,1.0
4395,159850.14479484674,8784,1.0
342,159788.44921049144,8784,1.0
470,159721.5073270627,8784,1.0
4221,159707.54770301146,8784,1.0
835,159660.72002648623,8784,1.0
5494,159074.1399389028,8784,1.0
7963,158866.6757633939,8784,1.0
2016,158620.32120512653,8784,1.0
8102,158563.8395128598,8784,1.0
7235,158453.57781194017,8784,1.0
2522,158378.73274217246,8784,1.0
2849,158373.60379858426,8784,1.0
7827,158247.84712918603,8784,1.0
7031,158109.45914878804,8784,1.0
8903,158103.2347017237,8784,1.0
4222,157980.02095739625,8784,1.0
2678,157547.32043573505,8784,1.0
437,157482.83917810308,8784,1.0
467,157332.18671276496,8784,1.0
4385,157309.8862881532,8784,1.0
1241,157220.33761796087,8784,1.0
3618,157148.00864399617,8784,1.0
466,157071.82495853322,8784,1.0
271,157043.67489672202,8784,1.0
6913,156994.90959400276,8784,1.0
543,156860.6221980103,8784,1.0
6338,156856.80914355247,8784,1.0
2924,156802.80566914618,8784,1.0
4590,156671.9669738009,8784,1.0
2662,156666.76748905267,8784,1.0
7778,156426.48689172126,8784,1.0
1437,156341.02566818378,8784,1.0
5086,156248.41496965705,8784,1.0
4300,155972.3313690333,8784,1.0
7220,155940.32344688047,8784,1.0
1715,155902.22596782987,8784,1.0
5633,155860.66278766934,8784,1.0
5533,155859.36294160568,8784,1.0
2165,155732.39783814765,8784,1.0
2166,155731.30517196876,8784,1.0
2713,155662.02064819675,8784,1.0
5723,155631.4183607183,8784,1.0
4121,155496.77857338046,8784,1.0
5497,155307.43198776126,8784,1.0
1743,155243.9682256325,8784,1.0
4223,155120.8398817983,8784,1.0
2975,155071.81458706767,8784,1.0
2778,155022.63006616276,8784,1.0
3014,154977.52793241388,8784,1.0
4122,154933.9117172812,8784,1.0
4887,154745.56033170977,8784,1.0
2878,154676.48682719603,8784,1.0
2618,154641.13281224604,8784,1.0
3918,154529.3069208487,8784,1.0
8904,154526.35977350883,8784,1.0
1975,154496.870479296,8784,1.0
5902,154417.9475905947,8784,1.0
565,154094.1644321269,8784,1.0
2743,154049.63976132806,8784,1.0
6491,153973.186852305,8784,1.0
6391,153971.64715361004,8784,1.0
2356,153970.35645264367,8784,1.0
367,153929.24063745895,8784,1.0
5597,153719.2777397414,8784,1.0
2874,153715.5924463578,8784,1.0
2844,153586.9520542706,8784,1.0
6490,153263.7829836472,8784,1.0
1916,153172.7993597458,8784,1.0
6621,153165.2780643221,8784,1.0
2976,153072.01398833058,8784,1.0
8501,153016.471958575,8784,1.0
5595,152982.52830709916,8784,1.0
5296,152904.85149779747,8784,1.0
2977,152891.98514023414,8784,1.0
5395,152856.41596552197,8784,1.0
5495,152856.41596552197,8784,1.0
5496,152856.41596552197,8784,1.0
5596,152856.41596552197,8784,1.0
5396,152741.16805695702,8784,1.0
8302,152723.8782217891,8784,1.0
2335,152719.75938892885,8784,1.0
6929,152659.5581938679,8784,1.0
3062,152647.09408844527,8784,1.0
5433,152590.18097434478,8784,1.0
1986,152454.54523581974,8784,1.0
1987,152454.54523581974,8784,1.0
2086,152454.54523581974,8784,1.0
2087,152454.54523581974,8784,1.0
8804,152345.75367676333,8784,1.0
2157,152333.37394726736,8784,1.0
6390,152269.58343098976,8784,1.0
2777,152110.76579008854,8784,1.0
2805,152054.56100504016,8784,1.0
2167,151972.11005816684,8784,1.0
6088,151928.9365688983,8784,1.0
7334,151884.82879524847,8784,1.0
7629,151869.25814702676,8784,1.0
156,151861.9207492017,8784,1.0
6632,151566.66477743062,8784,1.0
9912,151390.19813078336,8784,1.0
6800,151387.9267326978,8784,1.0
4294,151346.09877393412,8784,1.0
469,151182.26799247076,8784,1.0
3159,151060.21389344792,8784,1.0
6904,151039.78490571165,8784,1.0
2776,150982.24120754306,8784,1.0
7008,150963.53160254995,8784,1.0
4788,150921.5503733835,8784,1.0
4088,150843.16963185836,8784,1.0
9514,150746.7674653673,8784,1.0
1538,150678.30623295982,8784,1.0
4492,150634.90701149567,8784,1.0
7108,150437.10703996324,8784,1.0
3445,150346.24986537494,8784,1.0
458,150279.02862433027,8784,1.0
6718,150209.77568882212,8784,1.0
2875,150080.9988740613,8784,1.0
2876,150023.7077381081,8784,1.0
2419,149952.43646866072,8784,1.0
5394,149943.8770341416,8784,1.0
2677,149932.49113560066,8784,1.0
5992,149904.5184634456,8784,1.0
1782,149434.02536539856,8784,1.0
241,149392.16764995645,8784,1.0
4976,149254.94859942872,8784,1.0
9332,149220.26155365337,8784,1.0
2949,149190.24287372598,8784,1.0
871,149183.25545955697,8784,1.0
2650,149134.700047917,8784,1.0
545,149064.21860871548,8784,1.0
167,148837.29534493503,8784,1.0
5087,148677.72045223686,8784,1.0
1271,148589.17018787385,8784,1.0
9429,148510.33488087828,8784,1.0
267,148482.61199263265,8784,1.0
1978,148374.7670107017,8784,1.0
8526,148373.58392302465,8784,1.0
7776,148175.83627063507,8784,1.0
2877,148029.13784105875,8784,1.0
1979,147955.71376780432,8784,1.0
6421,147954.3203012413,8784,1.0
1880,147887.1178236045,8784,1.0
8581,147830.78434497846,8784,1.0
6589,147713.7218691855,8784,1.0
861,147699.00078780184,8784,1.0
3413,147617.7535254332,8784,1.0
4418,147506.25260336386,8784,1.0
3893,147433.95212380838,8784,1.0
3519,147315.07659324977,8784,1.0
4597,147208.63353358684,8784,1.0
5537,147117.0844041965,8784,1.0
1145,147113.67916009037,8784,1.0
4087,147027.5519880358,8784,1.0
2206,146995.41636502347,8784,1.0
6389,146956.05045922587,8784,1.0
2362,146918.92577719013,8784,1.0
6221,146887.65125075114,8784,1.0
6320,146887.65125075114,8784,1.0
6321,146887.65125075114,8784,1.0
6322,146887.65125075114,8784,1.0
8666,146778.6913801848,8784,1.0
5295,146774.17046556438,8784,1.0
4694,146728.01811468252,8784,1.0
2775,146694.61064874535,8784,1.0
6900,146554.37680371793,8784,1.0
8665,146545.08978258405,8784,1.0
3991,146481.29845756796,8784,1.0
9306,146420.4205778682,8784,1.0
9513,146095.8865557514,8784,1.0
2604,145999.50409663186,8784,1.0
2605,145938.23374443466,8784,1.0
2704,145862.9015248034,8784,1.0
1740,145744.7206009369,8784,1.0
2306,145541.81056275623,8784,1.0
2235,145541.3578101929,8784,1.0
2135,145517.52029457028,8784,1.0
7219,145357.75447833203,8784,1.0
5000,145305.25919288694,8784,1.0
2320,145302.9718879966,8784,1.0
2305,145239.91132006768,8784,1.0
9343,145174.68460565768,8784,1.0
2405,145172.28217449336,8784,1.0
2606,145172.28217449336,8784,1.0
2607,145172.28217449336,8784,1.0
2706,145172.28217449336,8784,1.0
2506,145172.2821744933,8784,1.0
2505,145152.01565097805,8784,1.0
1162,145115.18339526822,8784,1.0
962,145115.1833952682,8784,1.0
1161,145115.1833952682,8784,1.0
2406,145085.0457314955,8784,1.0
7333,145031.25045135248,8784,1.0
2727,145013.07330755368,8784,1.0
5516,144908.56312613783,8784,1.0
4484,144741.37283075514,8784,1.0
2626,144687.98270002677,8784,1.0
9442,144665.83659467168,8784,1.0
445,144630.14794978834,8784,1.0
1242,144548.27657997733,8784,1.0
2205,144482.09266036554,8784,1.0
1062,144412.03634120466,8784,1.0
2726,144324.56541214627,8784,1.0
7777,144305.95386537845,8784,1.0
5937,144294.66526223865,8784,1.0
6590,144229.80680361934,8784,1.0
4594,144145.92573086024,8784,1.0
636,144080.66894107516,8784,1.0
4390,143853.1304722492,8784,1.0
976,143825.38600588692,8784,1.0
2507,143804.846589019,8784,1.0
1977,143776.17750878868,8784,1.0
357,143757.62172284833,8784,1.0
2424,143686.27221673005,8784,1.0
1384,143655.94853294245,8784,1.0
2207,143636.3168037466,8784,1.0
2307,143611.0951373946,8784,1.0
2480,143590.7873165038,8784,1.0
1144,143555.14379124783,8784,1.0
8664,143369.30973932814,8784,1.0
6923,143356.32668657295,8784,1.0
5825,143343.302421966,8784,1.0
971,143213.41386669193,8784,1.0
934,143107.31322828698,8784,1.0
7434,143077.71710557592,8784,1.0
7208,143047.97769994,8784,1.0
2504,143023.7185324941,8784,1.0
6988,142977.85820815963,8784,1.0
1565,142742.43210103124,8784,1.0
8201,142699.024855891,8784,1.0
2525,142684.40726183794,8784,1.0
2707,142648.90151912748,8784,1.0
5483,142591.924438967,8784,1.0
9307,142253.08627306603,8784,1.0
1879,142243.31120984457,8784,1.0
6220,142232.4434397134,8784,1.0
7452,142219.18733356896,8784,1.0
1061,142083.57311164335,8784,1.0
7217,142020.48428293882,8784,1.0
7009,141995.81231462178,8784,1.0
7116,141952.80500459758,8784,1.0
7015,141911.1656579873,8784,1.0
4689,141587.43913762266,8784,1.0
9309,140971.58440451318,8784,1.0
6301,140858.1639565815,8784,1.0
2334,140843.91731568438,8784,1.0
8680,140832.55248987666,8784,1.0
8579,140759.92285386776,8784,1.0
3718,140652.27669968695,8784,1.0
1772,140633.10116579648,8784,1.0
7209,140621.99968377664,8784,1.0
2823,140436.70090395026,8784,1.0
5893,140430.50131555295,8784,1.0
7109,140396.53106406255,8784,1.0
7110,140396.53106406255,8784,1.0
1875,140367.2514681877,8784,1.0
6422,140346.1997513988,8784,1.0
1344,140346.00860805265,8784,1.0
3042,140287.4391566957,8784,1.0
2079,140185.98489018352,8784,1.0
2804,140095.47199051784,8784,1.0
2134,140082.1046066405,8784,1.0
1537,139938.05926205261,8784,1.0
4493,139794.45306635185,8784,1.0
443,139768.58255475902,8784,1.0
2281,139743.9105061081,8784,1.0
3247,139705.7359561947,8784,1.0
3248,139705.7359561947,8784,1.0
2107,139623.70766709608,8784,1.0
1878,139615.1732105405,8784,1.0
9813,139601.35718433175,8784,1.0
3315,139597.17389819198,8784,1.0
2078,139507.22401819075,8784,1.0
240,139468.17345887722,8784,1.0
345,139414.396404734,8784,1.0
5292,139399.62882588408,8784,1.0
1245,139355.38083038188,8784,1.0
1243,139320.65416573017,8784,1.0
1342,139320.65416573017,8784,1.0
1343,139320.65416573017,8784,1.0
1244,139309.8272385947,8784,1.0
3441,139309.12788265673,8784,1.0
5904,139295.14279879676,8784,1.0
43,139226.4925749072,8784,1.0
1872,139194.9040252679,8784,1.0
3513,139184.2611659556,8784,1.0
2846,139136.87627127106,8784,1.0
69,139030.5508287542,8784,1.0
7928,138923.87346032032,8784,1.0
2035,138899.796125603,8784,1.0
1871,138835.67775418598,8784,1.0
2826,138705.81625148683,8784,1.0
862,138548.69613601506,8784,1.0
8301,138545.64052106385,8784,1.0
1640,138307.45788409526,8784,1.0
1669,138270.58208675942,8784,1.0
2508,138187.24378723782,8784,1.0
7100,138144.98543761077,8784,1.0
2234,138079.44909692887,8784,1.0
1877,138067.02302328736,8784,1.0
4499,137977.87745102035,8784,1.0
8228,137960.28075402134,8784,1.0
145,137957.7138009437,8784,1.0
2066,137925.46650990914,8784,1.0
2806,137805.91962061706,8784,1.0
7011,137805.88460400552,8784,1.0
1673,137715.99587233833,8784,1.0
1674,137689.85751131023,8784,1.0
7433,137646.19968613188,8784,1.0
7218,137572.5356059349,8784,1.0
2423,137540.80173769183,8784,1.0
6203,137508.01331423485,8784,1.0
1759,137501.46694062193,8784,1.0
9717,137415.56643216382,8784,1.0
7012,137390.74035837213,8784,1.0
2905,137358.98386752058,8784,1.0
4596,137169.44349046546,8784,1.0
1672,137111.24598079154,8784,1.0
8580,137054.06240976357,8784,1.0
3715,137048.92424339813,8784,1.0
961,137042.23772334447,8784,1.0
4886,137000.15093351153,8784,1.0
7534,136955.46856061684,8784,1.0
1876,136880.17746083782,8784,1.0
5098,136820.5380608643,8784,1.0
3818,136795.59379191397,8784,1.0
1971,136768.99128653432,8784,1.0
9927,136758.7212149799,8784,1.0
3816,136722.90370643744,8784,1.0
7821,136717.7626117964,8784,1.0
4019,136625.60675685713,8784,1.0
8127,136363.8530078283,8784,1.0
8126,136362.46077912263,8784,1.0
1675,136334.8645806857,8784,1.0
1775,136334.8645806857,8784,1.0
2407,136288.45792059213,8784,1.0
8128,136273.0132372382,8784,1.0
7533,136261.1450168551,8783,0.9998861566484517
8028,136252.93763939597,8784,1.0
4494,136230.60419557503,8784,1.0
1773,136227.5394783023,8784,1.0
8027,136194.96774971683,8784,1.0
6216,136128.6328153337,8784,1.0
1771,135817.55071293586,8784,1.0
1844,135657.01789558094,8784,1.0
366,135637.816429238,8784,1.0
8778,135464.86033396318,8784,1.0
7117,135407.79664285132,8784,1.0
2075,135159.9703944001,8784,1.0
4595,135078.97355047453,8784,1.0
5724,135043.19334984268,8784,1.0
4593,134842.98459103264,8784,1.0
3822,134774.7524562849,8784,1.0
67,134727.74931567363,8784,1.0
7927,134668.33250732167,8784,1.0
643,134635.41470472867,8784,1.0
7010,134564.36120501946,8784,1.0
8226,134534.79088198903,8784,1.0
4490,134519.3079967164,8784,1.0
9941,134490.96923451964,8784,1.0
1477,134476.84428059656,8784,1.0
1576,134476.84428059656,8784,1.0
1577,134476.84428059656,8784,1.0
1578,134476.84428059656,8784,1.0
1676,134476.84428059656,8784,1.0
1677,134476.84428059656,8784,1.0
1678,134476.84428059656,8784,1.0
1776,134476.84428059656,8784,1.0
1777,134443.6981330994,8784,1.0
8227,134412.7531569433,8784,1.0
2462,134325.66955781385,8784,1.0
1573,134204.86301070094,8784,1.0
1779,134180.16760036995,8784,1.0
6805,134158.31751689993,8784,1.0
1778,134106.03488613706,8784,1.0
1780,134072.46343472123,8784,1.0
3162,133976.1468944019,8784,1.0
1543,133940.52135833382,8784,1.0
6036,133812.51454096884,8784,1.0
2608,133754.87830530727,8784,1.0
6723,133746.02449615108,8784,1.0
4576,133726.4297662555,8784,1.0
3360,133570.44694499564,8784,1.0
567,133501.81729839434,8784,1.0
3614,133451.01275134546,8784,1.0
1774,133334.75672481072,8784,1.0
6724,133261.1183154955,8784,1.0
3921,133255.85797639715,8784,1.0
8679,133223.27319477606,8784,1.0
166,133216.2552988253,8784,1.0
265,133139.98123418842,8784,1.0
266,133139.98123418842,8784,1.0
365,133139.98123418842,8784,1.0
1060,132935.27556157336,8784,1.0
7332,132886.01114002123,8784,1.0
2705,132866.47555283605,8784,1.0
1670,132861.15915656887,8784,1.0
9830,132855.3512285287,8784,1.0
465,132823.9132623872,8784,1.0
564,132794.25261114453,8784,1.0
3146,132705.42973713123,8784,1.0
2945,132705.35945677655,8784,1.0
2946,132705.35945677655,8784,1.0
2947,132705.35945677655,8784,1.0
2948,132705.35945677655,8784,1.0
3046,132705.35945677655,8784,1.0
3047,132705.35945677655,8784,1.0
3048,132705.35945677655,8784,1.0
3147,132705.35945677655,8784,1.0
3148,132705.35945677655,8784,1.0
2847,132698.70777854774,8784,1.0
2848,132640.70830179154,8784,1.0
1679,132608.5401994316,8784,1.0
2408,132539.59701220106,8784,1.0
1542,132473.41502483882,8784,1.0
1643,132303.2526835223,8784,1.0
1644,132278.98154051884,8784,1.0
1745,132276.50677644546,8784,1.0
1744,132268.69616669547,8784,1.0
1845,132268.69616669547,8784,1.0
4808,132193.5206298864,8784,1.0
5840,132000.83107510346,8784,1.0
6092,131988.46666394817,8784,1.0
1572,131986.04783188764,8784,1.0
1476,131905.40661975698,8784,1.0
1474,131903.55085584059,8784,1.0
6118,131888.7117536967,8784,1.0
1671,131863.74598980695,8784,1.0
9932,131837.31045268674,8784,1.0
5702,131814.73746374922,8784,1.0
2556,131772.9562751664,8784,1.0
1371,131565.06692995285,8784,1.0
3993,131435.24498344518,8784,1.0
2749,131358.53880296007,8784,1.0
3722,131214.80314045335,8784,1.0
4187,131205.04551696495,8784,1.0
9539,131056.93062163607,8784,1.0
2308,131036.98689245833,8784,1.0
9931,130911.60504990362,8784,1.0
9933,130885.27064197432,8784,1.0
2164,130706.10955007163,8784,1.0
1970,130667.76322780213,8784,1.0
1870,130640.3184003627,8784,1.0
372,130534.64404225662,8784,1.0
8864,130520.22077257579,8784,1.0
5903,130100.15036179339,8784,1.0
4312,129951.89066264851,8784,1.0
4313,129951.89066264851,8784,1.0
4511,129951.89066264851,8784,1.0
4513,129951.89066264851,8784,1.0
4612,129951.89066264851,8784,1.0
8327,129881.58833680736,8784,1.0
4411,129881.36456223075,8784,1.0
4512,129875.68797129547,8784,1.0
471,129863.95314015727,8784,1.0
4311,129861.34352079728,8784,1.0
9930,129848.93465716999,8784,1.0
9928,129806.12565997969,8784,1.0
9929,129806.12565997969,8784,1.0
4711,129771.78223316596,8784,1.0
4611,129771.112895497,8784,1.0
4412,129723.28258854244,8784,1.0
4413,129723.28258853644,8784,1.0
6136,129695.0386826743,8784,1.0
1976,129680.52485789002,8784,1.0
1770,129533.99238679011,8784,1.0
4707,129502.61875994926,8784,1.0
1574,129355.12933532365,8784,1.0
2748,129352.56896908277,8784,1.0
2473,129335.1674760745,8784,1.0
1579,129322.94279661668,8784,1.0
2807,129318.7654063346,8784,1.0
4188,129205.0495069415,8784,1.0
4710,129051.64755494909,8784,1.0
2067,129019.73563040665,8784,1.0
2171,128998.91989052102,8784,1.0
2548,128935.88124103898,8784,1.0
2549,128935.88124103898,8784,1.0
2648,128935.88124103898,8784,1.0
2649,128935.88124103898,8784,1.0
2708,128897.0458641398,8784,1.0
2208,128889.99985576254,8784,1.0
4410,128825.85863736163,8784,1.0
2175,128789.64275306939,8784,1.0
1575,128623.83155825826,8784,1.0
468,128559.52610013356,8784,1.0
9629,128429.58066464706,8784,1.0
1868,128418.68741124318,8784,1.0
1869,128418.68741124318,8784,1.0
1967,128418.68741124318,8784,1.0
1968,128418.68741124318,8784,1.0
1969,128418.68741124318,8784,1.0
2068,128418.68741124318,8784,1.0
1767,128410.3949288227,8784,1.0
1867,128397.53332371602,8784,1.0
1769,128389.24084129695,8784,1.0
6700,128349.52416859698,8784,1.0
1667,128338.7671400514,8784,1.0
6437,128267.52519668991,8784,1.0
1768,128213.54842301505,8784,1.0
899,128127.8930181178,8784,1.0
4118,128107.50259865956,8784,1.0
2069,128029.22362352318,8784,1.0
2275,128024.15142129853,8784,1.0
2070,128018.40418889833,8784,1.0
6489,127958.34730094073,8784,1.0
4510,127932.64122107961,8784,1.0
5584,127862.5294299475,8784,1.0
4809,127858.75626864478,8784,1.0
6004,127824.74174609248,8784,1.0
4186,127770.82652657712,8784,1.0
165,127632.82476625318,8784,1.0
9831,127532.84182042697,8784,1.0
863,127321.035570767,8784,1.0
9911,127294.52215289544,8784,1.0
9934,127201.68334007674,8784,1.0
1972,127192.75111486492,8784,1.0
2808,127085.34885125454,8784,1.0
2509,126997.76410029511,8784,1.0
1484,126961.60049615236,8784,1.0
6112,126766.7420350556,8784,1.0
5176,126681.2793071764,8784,1.0
6212,126665.93890411513,8784,1.0
2709,126621.60440814511,8784,1.0
6721,126429.34872332163,8784,1.0
3361,126421.256865591,8784,1.0
8026,126391.49468462975,8784,1.0
7201,125989.34247584225,8784,1.0
2926,125987.14018575582,8784,1.0
6514,125984.11243955296,8784,1.0
2071,125971.27759635843,8784,1.0
2773,125950.4381891645,8784,1.0
4708,125928.23023053748,8784,1.0
6309,125817.1108424693,8784,1.0
667,125577.45996358893,8784,1.0
464,125441.34290029935,8784,1.0
1815,125399.17197322816,8784,1.0
1915,125399.17197322816,8784,1.0
2472,125096.24577681004,8784,1.0
6302,125069.45825154833,8784,1.0
5075,125048.70894456485,8784,1.0
6909,124994.53642184995,8784,1.0
2058,124793.1683242323,8784,1.0
9829,124784.9421786287,8784,1.0
2609,124691.68997378368,8784,1.0
6310,124646.18767084795,8784,1.0
55,124615.86676676551,8784,1.0
3262,124561.77231114524,8784,1.0
2907,124436.61535701356,8784,1.0
3246,124307.09666094113,8784,1.0
1668,124292.88102481159,8784,1.0
6517,124260.52357925815,8784,1.0
3124,124177.80390737863,8784,1.0
1478,124046.89069923633,8784,1.0
2267,123935.04781283517,8784,1.0
66,123925.67024654735,8784,1.0
4414,123683.42883289025,8784,1.0
6237,123680.76416499322,8784,1.0
6910,123585.03615760978,8784,1.0
1766,123546.4846468189,8784,1.0
1866,123546.4846468189,8784,1.0
1966,123546.4846468189,8784,1.0
7532,123530.72321485389,8784,1.0
2625,123503.76533225227,8784,1.0
2121,123454.72076376222,8784,1.0
1473,123440.1249233111,8784,1.0
1666,123403.42198749242,8784,1.0
7826,123376.62398693913,8749,0.9960154826958105
7000,123262.99023885354,8784,1.0
6409,123208.17566039879,8784,1.0
9729,123011.93641373677,8784,1.0
4509,122952.43194752447,8784,1.0
1263,122812.87107726028,8784,1.0
3045,122781.16238623358,8784,1.0
2108,122647.96158618249,8784,1.0
5790,122552.14921961943,8784,1.0
735,122544.42782605103,8784,1.0
50,122504.3380672613,8784,1.0
8779,122375.84186699576,8784,1.0
1781,122369.72362347657,8784,1.0
1372,122344.7602703156,8784,1.0
65,122305.5139611867,8784,1.0
171,122300.07124232953,8784,1.0
9736,122282.42156432141,8784,1.0
4310,122216.89843000621,8784,1.0
7925,122121.05712949237,8751,0.9962431693989071
6629,122098.3239739321,8784,1.0
1472,122014.1570882902,8784,1.0
6312,121995.26206589425,8784,1.0
6236,121903.73825090789,8784,1.0
174,121897.30066620409,8784,1.0
570,121874.42135547327,8784,1.0
668,121857.24977233779,8784,1.0
272,121824.57664649382,8784,1.0
2523,121790.5390373725,8784,1.0
4314,121721.8806483268,8784,1.0
7118,121708.73925514385,8784,1.0
5841,121668.00431651677,8784,1.0
6222,121506.82120354255,8784,1.0
1287,121482.58650449142,8784,1.0
8700,121426.44512455042,8784,1.0
9503,121421.97565870822,8784,1.0
9430,121369.35233809159,8784,1.0
9828,121368.17512576099,8784,1.0
6135,121321.40551752262,8784,1.0
1373,121196.875217541,8784,1.0
2906,121147.39847905526,8784,1.0
6012,121137.30779807437,8784,1.0
300,121089.8118457745,8401,0.9563979963570127
98,121044.10193140428,8725,0.993283242258652
299,121005.52264792153,7458,0.8490437158469946
200,120998.43195978775,7458,0.8490437158469946
96,120997.58175999772,7458,0.8490437158469946
195,120997.58175999772,7458,0.8490437158469946
198,120997.58175999772,7458,0.8490437158469946
298,120997.58175999772,7458,0.8490437158469946
94,120997.58175999769,7458,0.8490437158469946
95,120997.58175999769,7458,0.8490437158469946
97,120997.58175999769,7458,0.8490437158469946
99,120997.58175999769,7458,0.8490437158469946
196,120997.58175999769,7458,0.8490437158469946
197,120997.58175999769,7458,0.8490437158469946
199,120997.58175999769,7458,0.8490437158469946
296,120997.58175999769,7458,0.8490437158469946
297,120997.58175999769,7458,0.8490437158469946
100,120992.97131788748,7458,0.8490437158469946
4489,120861.59737883617,8784,1.0
4485,120832.13175516018,8784,1.0
75,120804.7242456236,8784,1.0
76,120804.7242456236,8784,1.0
77,120804.7242456236,8784,1.0
78,120804.7242456236,8784,1.0
79,120804.7242456236,8784,1.0
175,120804.7242456236,8784,1.0
176,120804.7242456236,8784,1.0
177,120804.7242456236,8784,1.0
178,120804.7242456236,8784,1.0
179,120804.7242456236,8784,1.0
274,120804.7242456236,8784,1.0
275,120804.7242456236,8784,1.0
276,120804.7242456236,8784,1.0
278,120804.7242456236,8784,1.0
279,120804.7242456236,8784,1.0
374,120804.7242456236,8784,1.0
375,120804.7242456236,8784,1.0
378,120804.7242456236,8784,1.0
273,120804.66850074673,8784,1.0
376,120798.35060109763,8784,1.0
6311,120792.48294703875,8784,1.0
373,120790.89355899388,8784,1.0
74,120757.0964802996,8784,1.0
173,120739.79240658018,8784,1.0
172,120696.72853298992,8784,1.0
4288,120614.51783707853,8784,1.0
2014,120587.71164114655,8784,1.0
9529,120572.45411074787,8784,1.0
6509,120517.167240854,8784,1.0
2912,120413.93726944514,8784,1.0
9614,120390.90237843573,8784,1.0
6235,120304.97557023945,8784,1.0
379,120211.45889346703,8784,1.0
73,120189.39059091768,8784,1.0
9636,120164.90176041411,8784,1.0
3821,120151.16363984805,8784,1.0
2411,120136.40879431088,8784,1.0
4389,120080.04604704722,8784,1.0
4289,119984.84045851717,8784,1.0
9333,119932.78633672331,8784,1.0
1272,119794.22053449723,8784,1.0
3920,119768.90105254509,8784,1.0
1874,119761.41635988282,8784,1.0
4787,119690.77608740746,8784,1.0
4488,119627.33697746413,8784,1.0
960,119612.06341080177,8784,1.0
7432,119556.15320304783,8784,1.0
5842,119495.36306480723,8784,1.0
568,119483.42492419304,8784,1.0
277,119318.82785680494,8784,1.0
2034,119233.19195478495,8784,1.0
397,119192.06790493226,7459,0.8491575591985429
1873,119107.43170884425,8784,1.0
4409,119082.45305574166,8784,1.0
4386,119013.37905448613,8784,1.0
396,118939.06795731252,8784,1.0
3125,118907.27916277449,8784,1.0
2077,118876.26528266574,8784,1.0
9730,118845.13443936376,8784,1.0
6989,118828.13872378919,8784,1.0
1436,118710.80987629072,8784,1.0
6614,118702.59068992923,8784,1.0
7926,118654.97563880695,8784,1.0
4589,118651.79966653627,8784,1.0
2811,118649.46843866195,8784,1.0
4388,118637.45263914055,8784,1.0
5116,118595.41915436203,8784,1.0
569,118500.78352679673,8784,1.0
6435,118460.25269563163,8784,1.0
6208,118440.95208196362,8784,1.0
4810,118374.09609875576,8784,1.0
4487,118329.37162684486,8784,1.0
1912,118256.28793312672,8784,1.0
2010,118256.28793312672,8784,1.0
2012,118256.28793312672,8784,1.0
2110,118256.28793312672,8784,1.0
2212,118256.28793312672,8784,1.0
3126,118133.55004220204,8784,1.0
2013,118116.5553053268,8784,1.0
9915,118037.42388195016,8784,1.0
4387,117994.03240830563,8784,1.0
1383,117882.26392060325,8784,1.0
2112,117815.54620780004,8784,1.0
2627,117782.10537662015,8784,1.0
2111,117667.66569266298,8784,1.0
4514,117642.28120885947,8784,1.0
7529,117490.86564825803,8784,1.0
2211,117463.84327721935,8784,1.0
712,117421.13002757111,8784,1.0
2676,117378.23964516101,8784,1.0
2526,117307.92343089792,8784,1.0
2772,117303.98883906077,8784,1.0
144,117192.14072182997,8784,1.0
2009,117119.20643574694,8784,1.0
6408,117107.70349387405,8784,1.0
2518,117067.12723254728,8784,1.0
2712,117061.0468613571,8784,1.0
2511,117034.05418631595,8784,1.0
6911,117018.76475871129,8784,1.0
2944,117002.20908404533,8784,1.0
5196,116920.82245414777,8784,1.0
2011,116912.0832336469,8784,1.0
6608,116853.46216637161,8784,1.0
6206,116651.21485962883,8784,1.0
6207,116651.21485962883,8784,1.0
6307,116651.21485962883,8784,1.0
6308,116651.21485962883,8784,1.0
6508,116651.21485962883,8784,1.0
9938,116608.89574144066,8784,1.0
1374,116591.91811714608,8784,1.0
6306,116579.51709814761,8784,1.0
9832,116535.37665970126,8784,1.0
2524,116403.72465601482,8784,1.0
7331,116382.67238223333,8784,1.0
2109,116304.3241561609,8784,1.0
5791,116169.0599515908,8784,1.0
4286,116166.1247970371,8784,1.0
4287,116166.1247970371,8784,1.0
6410,116145.38363825809,8784,1.0
1376,116128.38370760446,8784,1.0
5383,116101.56982308604,8784,1.0
996,116054.83423179896,8784,1.0
5912,116037.20796925182,8784,1.0
2180,115946.82632453054,8784,1.0
5076,115943.35305807927,5576,0.6347905282331512
398,115769.16917689338,8402,0.956511839708561
180,115748.47858346123,8784,1.0
5187,115671.86982857152,8784,1.0
6407,115662.12483298812,8784,1.0
2312,115640.92388465405,8784,1.0
1814,115614.90226891983,8784,1.0
5733,115558.87270495467,8784,1.0
1483,115537.09752928003,8784,1.0
7016,115474.09783948858,8784,1.0
1680,115391.84654734973,8784,1.0
2404,115251.44626781721,8784,1.0
1234,115214.5296830344,8784,1.0
9431,115192.94562371557,8784,1.0
4807,115184.21227584116,8784,1.0
4610,115163.8564713201,8784,1.0
2409,115136.06521151401,8784,1.0
4486,114993.47570543674,8784,1.0
860,114956.55016803567,8784,1.0
6211,114819.45603947273,8784,1.0
1911,114796.10257841519,8784,1.0
8025,114715.42840621316,8784,1.0
54,114670.38714415637,8784,1.0
2210,114645.87821687381,8784,1.0
6436,114641.46352331383,8784,1.0
6336,114636.80575435318,8784,1.0
6337,114636.80575435318,8784,1.0
2510,114561.80579841943,8784,1.0
474,114530.69196559746,8784,1.0
6725,114505.3740857242,8784,1.0
2398,114452.1899511566,8784,1.0
6334,114441.3283105126,8784,1.0
4613,114439.67875749864,8784,1.0
3224,114280.98360756389,8784,1.0
444,114266.21809915356,8784,1.0
561,114215.5151677718,8784,1.0
9435,114182.88734298045,8784,1.0
6335,114039.33081826971,8784,1.0
9432,113865.33203296877,8784,1.0
9532,113838.64727808026,8784,1.0
9530,113835.98055207646,8784,1.0
9533,113835.98055207646,8784,1.0
9630,113835.98055207646,8784,1.0
9632,113835.98055207646,8784,1.0
9633,113835.98055207646,8784,1.0
9731,113835.98055207646,8784,1.0
9732,113835.98055207646,8784,1.0
9733,113835.98055207646,8784,1.0
9734,113835.98055207646,8784,1.0
9833,113835.98055207646,8784,1.0
9834,113835.98055207646,8784,1.0
9531,113834.75474090147,8784,1.0
9334,113832.60440194664,8784,1.0
9631,113832.60440194611,8784,1.0
9433,113822.18474989665,8784,1.0
9634,113819.24530657947,8784,1.0
9434,113819.14693000545,8784,1.0
9635,113809.51526267338,8784,1.0
9735,113805.00417474566,8784,1.0
2113,113798.18744685226,8784,1.0
9534,113792.54210381953,8784,1.0
6411,113755.64014004613,8784,1.0
2310,113730.03388318827,8784,1.0
3712,113614.27123630347,8784,1.0
4909,113600.04729179175,8784,1.0
3721,113593.68564021088,8784,1.0
2422,113578.47899467552,8784,1.0
2703,113514.35512529491,8784,1.0
2311,113349.75679492501,8784,1.0
2710,113311.87564145483,8784,1.0
2209,113276.53706379561,8784,1.0
6111,113119.86053853636,8784,1.0
5185,113059.05361786018,8784,1.0
2309,113013.07475139122,8784,1.0
4712,112802.32207548345,8784,1.0
475,112793.33583742798,8784,1.0
2015,112760.64071316138,8784,1.0
6209,112747.82340811023,8784,1.0
2809,112686.00066859803,8784,1.0
5792,112539.2598464529,8784,1.0
3557,112481.00753370239,8784,1.0
6829,112300.18720185978,8784,1.0
4975,112270.40218425822,6464,0.7358834244080146
1395,112116.51432564139,8784,1.0
6507,112038.97593237991,8784,1.0
7122,111856.43328730793,8784,1.0
1475,111826.77172621131,8784,1.0
2723,111808.35659920872,8784,1.0
762,111782.19863515013,8784,1.0
364,111719.75120671699,8784,1.0
5430,111647.79807982492,8784,1.0
781,111429.14101772063,8784,1.0
1464,111077.36467934502,8784,1.0
295,110950.33724262443,8784,1.0
5213,110907.2058621465,8784,1.0
859,110907.11199349503,8784,1.0
9535,110888.3887400261,8784,1.0
6210,110857.64574291193,8784,1.0
6425,110852.65260215869,8784,1.0
2629,110789.26354890743,8784,1.0
3820,110786.57228188626,8784,1.0
3619,110733.64456188776,8784,1.0
4588,110678.26357303251,8784,1.0
4688,110674.53056959942,8784,1.0
2163,110575.43049155449,8784,1.0
4515,110498.89330799619,8784,1.0
4117,110476.20221549165,8784,1.0
4616,110412.30941619648,8784,1.0
8125,110405.85069457105,8784,1.0
4516,110394.43701667954,8784,1.0
4216,110393.99117191533,8784,1.0
4217,110393.99117191533,8784,1.0
4315,110393.99117191533,8784,1.0
4316,110393.99117191533,8784,1.0
4317,110393.99117191533,8784,1.0
4415,110393.99117191533,8784,1.0
4416,110393.99117191533,8784,1.0
4417,110393.99117191533,8784,1.0
4517,110393.99117191533,8784,1.0
4518,110393.99117191533,8784,1.0
4617,110393.99117191533,8784,1.0
4618,110393.99117191533,8784,1.0
4619,110393.99117191533,8784,1.0
4718,110393.99117191533,8784,1.0
4719,110393.99117191533,8784,1.0
8879,110384.1482711088,8784,1.0
1898,110371.74920568363,8784,1.0
1261,110303.16913062693,8784,1.0
782,110272.56338088667,8784,1.0
4584,110146.27899611651,8784,1.0
4585,110146.27899611651,8784,1.0
4586,110146.27899611651,8784,1.0
4587,110146.27899611651,8784,1.0
4684,110146.27899611651,8784,1.0
4685,110146.27899611651,8784,1.0
4686,110146.27899611651,8784,1.0
4687,110146.27899611651,8784,1.0
4785,110146.27899611651,8784,1.0
4786,110146.27899611651,8784,1.0
4717,110027.37949172455,8784,1.0
5621,109759.98235984487,8784,1.0
6017,109570.673178903,8784,1.0
2771,109460.32877854933,8784,1.0
3114,109257.29172149397,8784,1.0
6117,109255.62314547338,8784,1.0
2412,109066.54324514771,8784,1.0
6622,108882.92726106246,8784,1.0
6011,108843.75280271945,8784,1.0
6914,108841.51484853058,8784,1.0
2961,108839.59124088605,8784,1.0
536,108776.48722890246,8784,1.0
2168,108775.27953789069,8784,1.0
80,108692.63244789366,8784,1.0
6423,108637.6553479754,8784,1.0
9538,108633.43078321537,8784,1.0
4211,108616.19746656845,8784,1.0
2319,108572.06351181761,8784,1.0
6522,108543.51089887366,8784,1.0
1913,108421.06449058963,8784,1.0
343,108402.16063976301,8784,1.0
1382,108392.6576575842,8784,1.0
2410,108313.96714134299,8784,1.0
479,108191.4942141538,8784,1.0
4116,108109.6352253353,8784,1.0
3641,107982.65438713491,8784,1.0
2861,107733.57863963924,8784,1.0
2725,107631.419877173,8784,1.0
473,107595.92089438277,8784,1.0
2213,107579.24151836432,8784,1.0
5812,107562.1734877542,8784,1.0
476,107556.34760385366,8784,1.0
5917,107417.36817301315,8784,1.0
959,107413.94833134224,8784,1.0
6424,107377.8250429442,8784,1.0
4709,107356.55944459426,8784,1.0
6406,107305.45598755627,8784,1.0
242,107243.76946788131,8784,1.0
6018,107151.14664671298,8784,1.0
9308,107069.02770555681,8784,1.0
1072,106948.93885466673,8784,1.0
6234,106931.8417023344,8784,1.0
3521,106881.17595036235,8784,1.0
5585,106873.64930853572,8784,1.0
882,106799.90221593421,8784,1.0
56,106799.35770289213,8784,1.0
2162,106707.60115632942,8784,1.0
4400,106689.59682007319,8784,1.0
6412,106653.37675770318,8784,1.0
2770,106639.76581493983,8784,1.0
7429,106617.28113969571,8784,1.0
6109,106567.66559559084,8784,1.0
2133,106543.02765063515,8784,1.0
6205,106491.4770261081,8784,1.0
52,106481.65238126267,8784,1.0
6524,106463.45461645673,8784,1.0
5823,106436.75747853184,8784,1.0
883,106387.73010935086,8784,1.0
4017,106338.29566575134,8784,1.0
3621,106316.32219851825,8784,1.0
6010,106313.87850668638,8784,1.0
5910,106305.72045911128,8784,1.0
5911,106305.72045911128,8784,1.0
3720,106280.02536861063,8784,1.0
3520,106264.55509831797,8784,1.0
3620,106264.55509831797,8784,1.0
3719,106264.55509831797,8784,1.0
3819,106264.55509831797,8784,1.0
763,106255.63075363885,8784,1.0
5811,106254.88958301692,8784,1.0
669,106196.52441076378,8784,1.0
6523,106171.73740500913,8784,1.0
1813,106113.98115083441,8784,1.0
5916,105991.16289779883,8784,1.0
6110,105970.5648929821,8784,1.0
8426,105897.23322275563,8784,1.0
4215,105882.99300016726,8784,1.0
7531,105874.8911389526,8784,1.0
7430,105873.33365493537,8784,1.0
7431,105873.33365493537,8784,1.0
7530,105873.33365493537,8784,1.0
2925,105856.25024592367,8784,1.0
5711,105841.28210160644,8784,1.0
2610,105709.22994942783,8784,1.0
6525,105618.25133687185,8784,1.0
5813,105600.61332348488,8784,1.0
9536,105471.48573341903,8784,1.0
6526,105324.84477259521,8784,1.0
8400,105265.72861755123,8784,1.0
6192,105241.24131916158,8784,1.0
6624,105118.06378882585,8784,1.0
6625,105118.06378882585,8784,1.0
6626,105118.06378882585,8784,1.0
2321,105101.37767931118,8784,1.0
6623,105063.1520829655,8784,1.0
3008,104865.72408110689,8784,1.0
6889,104831.20513422594,8784,1.0
2623,104806.13923753412,8784,1.0
1262,104570.32398680283,8784,1.0
3061,104536.44450321404,8784,1.0
2624,104394.60581848797,8784,1.0
9812,104188.58867663686,8784,1.0
72,104168.27910124013,8784,1.0
2810,104114.86473918302,8784,1.0
5588,104050.78488762073,8784,1.0
5017,103946.80787286136,8784,1.0
9637,103777.18153281874,8784,1.0
2512,103680.67532277909,8784,1.0
2479,103511.86660786875,8784,1.0
280,103497.52547186312,8784,1.0
5484,103469.20719609129,8784,1.0
472,103468.33788474792,8784,1.0
9835,103443.4498430326,8784,1.0
571,103439.97083242105,8784,1.0
2724,103356.19215413538,8784,1.0
2825,103244.54212922529,8784,1.0
337,103171.75951353763,8784,1.0
4305,103151.73710317675,8784,1.0
51,103034.84436726171,8784,1.0
6609,102978.98583129008,8784,1.0
6912,102882.05978310527,8784,1.0
53,102787.47469304803,8784,1.0
2418,102680.00532347751,8784,1.0
5712,102626.89666262793,8784,1.0
5438,102604.66020208121,8784,1.0
1273,102433.50416763073,8784,1.0
478,102362.09652473478,8784,1.0
2612,102348.14953032933,8784,1.0
4508,102145.20194772717,8784,1.0
4205,102127.57413142067,8784,1.0
3060,102078.56070901101,8784,1.0
3160,102072.09808149599,8784,1.0
3260,102072.09808149599,8784,1.0
3161,102072.09808149598,8784,1.0
3261,102072.09808149598,8784,1.0
1375,101973.84015634925,8784,1.0
239,101955.99240623623,8784,1.0
2562,101722.28708633137,8784,1.0
399,101624.19665400032,8463,0.9634562841530054
1377,101484.99392770385,8784,1.0
7119,101479.74139027827,8784,1.0
1859,101431.49470623572,8784,1.0
2611,101395.59457422697,8784,1.0
1076,101366.18716529354,8784,1.0
2711,101328.4995784143,8784,1.0
9411,101267.90696649843,8784,1.0
2271,101258.15232796773,8784,1.0
2578,101119.72092922704,8784,1.0
3919,101119.13965848475,8784,1.0
6426,101025.24191006557,8784,1.0
1173,100920.17147845717,8784,1.0
2233,100881.54414069404,8784,1.0
1335,100833.59504217964,8784,1.0
6722,100788.3505286525,8784,1.0
1816,100707.36374176471,8784,1.0
6315,100546.5517565496,8784,1.0
4105,100522.4087978606,8784,1.0
670,100519.09319434706,8784,1.0
9305,100397.29472706978,8784,1.0
2313,100365.68537919769,8784,1.0
6709,100343.86590778081,8784,1.0
1490,100299.93482573472,8784,1.0
1174,100265.18430507282,8784,1.0
2824,100265.10886243166,8784,1.0
4706,100256.23407910277,8784,1.0
4306,100161.85341165558,8784,1.0
1812,100108.4637159831,8784,1.0
5195,100069.37108705321,8784,1.0
4206,100034.02629038549,8784,1.0
5816,99987.93721120874,8784,1.0
5722,99907.12443676864,8784,1.0
1172,99886.82757943752,8784,1.0
4407,99844.82206683063,8784,1.0
4204,99816.66341463136,8784,1.0
477,99740.42386945356,8784,1.0
5485,99676.71395437804,8784,1.0
1714,99673.53295481978,8784,1.0
6822,99653.3601518144,8784,1.0
4309,99329.4908403551,8784,1.0
4893,99281.06370896171,8784,1.0
6915,99119.36911220114,8784,1.0
2909,99091.65323598334,8784,1.0
4106,99018.05511773229,8784,1.0
5587,98902.10169829681,8784,1.0
6817,98755.79174856904,8784,1.0
6916,98755.79174856904,8784,1.0
6917,98755.79174856904,8784,1.0
6918,98755.79174856904,8784,1.0
2617,98708.9348074484,8784,1.0
6818,98609.61461458367,8784,1.0
6510,98571.02751526775,8784,1.0
4018,98456.08540338727,8784,1.0
2414,98454.58860271308,8784,1.0
344,98401.0143829535,8784,1.0
4005,98301.91677866262,8784,1.0
5701,98210.23000654338,8784,1.0
2008,98148.665546468,8784,1.0
2615,98135.59520851391,8784,1.0
4210,98098.54481653821,8784,1.0
4773,98062.05726698307,5068,0.5769581056466302
2218,98015.52457471674,8784,1.0
2017,97995.52332735102,8784,1.0
2115,97995.52332735102,8784,1.0
2116,97995.52332735102,8784,1.0
2214,97995.52332735102,8784,1.0
2215,97995.52332735102,8784,1.0
2216,97995.52332735102,8784,1.0
2314,97995.52332735102,8784,1.0
2315,97995.52332735102,8784,1.0
2316,97995.52332735102,8784,1.0
2317,97995.52332735102,8784,1.0
2318,97995.52332735102,8784,1.0
2416,97995.52332735102,8784,1.0
2516,97982.02396179021,8784,1.0
2960,97979.62134205816,8784,1.0
2417,97885.5743338093,8784,1.0
6816,97880.45317596306,8784,1.0
2517,97868.11545430978,8784,1.0
4104,97812.04223190117,8784,1.0
2114,97796.39929234948,8784,1.0
3707,97709.94608980467,8784,1.0
3806,97709.94608980467,8784,1.0
3807,97709.94608980467,8784,1.0
4304,97709.94608980467,8784,1.0
4404,97709.94608980467,8784,1.0
4405,97709.94608980467,8784,1.0
4504,97709.94608980467,8784,1.0
4505,97709.94608980467,8784,1.0
3808,97709.63506584513,8784,1.0
6819,97685.88868606363,8784,1.0
4605,97676.5246094616,8784,1.0
3708,97663.66971816692,8784,1.0
3906,97608.87487338872,8784,1.0
4107,97582.70783939767,8784,1.0
3908,97579.36006098673,8784,1.0
4109,97571.22727631663,8784,1.0
2217,97539.5864752124,8784,1.0
3905,97524.81945180219,8784,1.0
9537,97493.99439688992,8784,1.0
3907,97424.80817859342,8784,1.0
4108,97416.36904629412,8784,1.0
7018,97410.86039530707,8784,1.0
5741,97368.48412222262,8784,1.0
4209,97360.539249939,8784,1.0
677,97345.46399013059,8784,1.0
4408,97308.10397614192,8784,1.0
4008,97211.80700715628,8784,1.0
2513,97170.41210365013,8784,1.0
2616,97128.15265536841,8784,1.0
2119,97055.34845550364,8784,1.0
1275,96988.69560813792,8784,1.0
380,96970.94049263392,8784,1.0
578,96952.54965264066,8784,1.0
4007,96929.93600653886,8784,1.0
1274,96809.78495454491,8784,1.0
1175,96795.76438836653,8784,1.0
4375,96773.53000884285,8784,1.0
4203,96764.44524467713,8784,1.0
2515,96699.35368931602,8784,1.0
70,96684.055770403,8784,1.0
6016,96635.05612292119,8784,1.0
4606,96601.86800966201,8784,1.0
577,96591.91726001141,8784,1.0
3909,96502.58327979819,8784,1.0
6009,96489.94311490616,8784,1.0
4208,96455.02074865026,8784,1.0
4308,96443.91771772687,8784,1.0
6809,96402.74720962516,8784,1.0
2415,96383.68202726608,8784,1.0
4307,96382.00438587807,8784,1.0
4006,96372.52976837872,8784,1.0
6919,96301.15133192744,8784,1.0
2425,96260.8169458429,8784,1.0
576,96237.14424637337,8784,1.0
6106,96152.28969859157,8784,1.0
1910,96145.14008036094,8784,1.0
2018,96057.71850386802,8784,1.0
7017,96037.27303346287,8784,1.0
4406,96012.72410855211,8784,1.0
9935,95945.23315563059,8784,1.0
4110,95903.59720258304,8784,1.0
579,95855.86440414273,8784,1.0
3145,95793.85015234195,8784,1.0
264,95771.30333796483,8784,1.0
2106,95698.63520357544,8784,1.0
2118,95652.56968611576,8784,1.0
2529,95554.75138968937,8784,1.0
2613,95531.40973573919,8784,1.0
1580,95509.30128531295,8784,1.0
1482,95475.64716305915,8784,1.0
4009,95410.32213229199,8784,1.0
3025,95396.89683602827,8784,1.0
2219,95280.47944373422,8784,1.0
1389,95266.32320719362,8784,1.0
2904,95155.04955502797,8784,1.0
5288,95110.76248914213,8784,1.0
4274,95039.5065214999,8784,1.0
4303,95019.79218417338,8784,1.0
6289,94975.73466917526,8784,1.0
7002,94955.81838134881,8784,1.0
4506,94921.12251262409,8784,1.0
5824,94911.81217275972,8784,1.0
6104,94897.34104692971,8784,1.0
1539,94821.66521807974,8784,1.0
5827,94813.39075287394,8784,1.0
896,94785.72226143882,8784,1.0
5828,94777.75682154627,8784,1.0
4212,94740.87692720193,8784,1.0
5586,94740.3763781367,8784,1.0
8500,94716.52607488328,8784,1.0
8600,94706.69671343981,8784,1.0
459,94637.36365625163,8784,1.0
6710,94621.2450418782,8784,1.0
678,94563.73786795794,8784,1.0
8401,94410.00728325648,8784,1.0
5803,94367.21698210314,8784,1.0
5918,94329.75738870715,8784,1.0
3006,94308.54011844765,8784,1.0
4599,94258.84831052225,8784,1.0
4207,94210.42674981618,8784,1.0
5727,94157.71240686785,8784,1.0
3410,93982.75494831406,8784,1.0
1074,93916.35241772678,8784,1.0
6120,93855.63066231275,8784,1.0
2514,93765.07916297698,8784,1.0
6607,93647.9618394481,8784,1.0
245,93643.67846993619,8784,1.0
461,93613.69152277547,8784,1.0
5928,93597.93934888647,8784,1.0
2375,93453.81070705323,8784,1.0
975,93399.75685216997,8784,1.0
5294,93395.7460088954,8784,1.0
305,93347.86540271709,8784,1.0
3706,93310.08960402131,8784,1.0
6105,93294.29551178512,8784,1.0
460,93252.72937602332,8784,1.0
5913,93231.29157647422,8784,1.0
9404,93177.21255603973,8784,1.0
2380,93112.90617187829,8784,1.0
2478,93069.00586280206,8784,1.0
2280,93014.20428061731,8784,1.0
2379,93014.20428061731,8784,1.0
2278,92983.65143225828,8784,1.0
2614,92930.80288176378,8784,1.0
304,92911.47833976809,8784,1.0
2413,92904.22446098756,8784,1.0
572,92899.6134838257,8784,1.0
2178,92895.71328959937,8784,1.0
2279,92890.25677238332,8784,1.0
6116,92884.79890830674,8784,1.0
194,92829.24304683962,8784,1.0
2179,92826.3514704114,8784,1.0
306,92807.43441096328,8784,1.0
4608,92679.97657019684,8784,1.0
671,92658.56703978508,8784,1.0
3007,92657.92524826952,8784,1.0
3805,92577.84856230834,8784,1.0
307,92388.78893952697,8784,1.0
3809,92324.54698009294,8784,1.0
4604,92267.47351842315,8784,1.0
308,92247.49919831721,8784,1.0
205,92229.59700853509,8784,1.0
203,92225.82977849375,8784,1.0
3,92225.12884037875,8784,1.0
6,92225.12884037875,8784,1.0
7,92225.12884037875,8784,1.0
8,92225.12884037875,8784,1.0
9,92225.12884037875,8784,1.0
103,92225.12884037875,8784,1.0
104,92225.12884037875,8784,1.0
105,92225.12884037875,8784,1.0
106,92225.12884037875,8784,1.0
107,92225.12884037875,8784,1.0
108,92225.12884037875,8784,1.0
109,92225.12884037875,8784,1.0
204,92225.12884037875,8784,1.0
206,92225.12884037875,8784,1.0
207,92225.12884037875,8784,1.0
208,92225.12884037875,8784,1.0
209,92225.12884037875,8784,1.0
309,92225.12884037875,8784,1.0
5487,92182.1301254437,8784,1.0
201,91985.97459998832,8784,1.0
1284,91855.4688185389,8784,1.0
2,91830.67194982822,8784,1.0
1073,91808.50908780044,8784,1.0
2571,91792.67026095313,8784,1.0
2378,91640.17864542762,8784,1.0
101,91640.11355130185,8784,1.0
4812,91497.71520152953,8784,1.0
4004,91480.00214562983,8784,1.0
1,91460.10215162301,8784,1.0
1627,91425.13324445981,8784,1.0
5101,91331.53029951165,8784,1.0
6113,91297.4671907063,8784,1.0
7120,91106.5397114911,8784,1.0
6108,91081.13039608432,8784,1.0
3409,91060.88087435607,8784,1.0
1460,91029.35439319543,8784,1.0
5488,90965.38377138779,8784,1.0
71,90909.28638305844,8784,1.0
776,90809.95577154147,8784,1.0
3314,90519.33400975479,8784,1.0
3608,90493.20944586802,8784,1.0
2910,90464.27120478454,8784,1.0
143,90438.95127242316,8784,1.0
303,90423.7064766884,8784,1.0
4,90386.7400518881,8784,1.0
6107,90299.15366439174,8784,1.0
8764,90187.15540559188,8784,1.0
3043,89922.21816288082,8784,1.0
142,89897.5620367333,8784,1.0
244,89897.5620367333,8784,1.0
5728,89860.30204762913,8784,1.0
3211,89740.40934621415,8784,1.0
5384,89675.40276305153,8784,1.0
6512,89642.25129040252,8784,1.0
1360,89393.18002418785,8784,1.0
6305,89342.68884011619,8784,1.0
5486,89262.81660433019,8784,1.0
4475,89020.69461906479,8784,1.0
58,88997.00579429392,8784,1.0
5186,88972.23011655512,8784,1.0
5286,88957.32126717754,8784,1.0
5387,88957.32126717754,8784,1.0
9839,88927.67070271613,8784,1.0
5386,88820.96813450695,8784,1.0
5993,88818.80496693184,8784,1.0
5385,88802.92269990935,8784,1.0
6019,88794.56264202426,8784,1.0
7001,88706.35209649685,8784,1.0
6820,88666.45405897073,8784,1.0
202,88557.44978520549,8784,1.0
2117,88551.15463346518,8784,1.0
5501,88514.54006847499,8784,1.0
5601,88514.54006847499,8784,1.0
5602,88514.54006847499,8784,1.0
5402,88514.54006847498,8784,1.0
5502,88514.54006847498,8784,1.0
1033,88431.83747858417,8784,1.0
6704,88419.43827530557,8784,1.0
6414,88416.87891802703,8784,1.0
3310,88395.14984962888,8784,1.0
6803,88394.33680033333,8784,1.0
6804,88394.33680033333,8784,1.0
6903,88394.33680033333,8784,1.0
6703,88370.86312666966,8784,1.0
6902,88358.14175312054,8784,1.0
4615,88356.37079673329,8784,1.0
9913,88287.09879353964,8784,1.0
4716,88202.99988469169,8784,1.0
5889,88154.4810957833,8784,1.0
2430,88112.46609468696,8784,1.0
2669,88071.37165027717,8784,1.0
2911,88040.47224491935,8784,1.0
4373,87963.61275379272,8784,1.0
4817,87854.03649507774,8784,1.0
2908,87847.14710878526,8784,1.0
9737,87819.25301077463,8784,1.0
2277,87817.4345706365,8784,1.0
302,87805.7901376273,8784,1.0
3215,87802.8698355693,8784,1.0
57,87801.52986977063,8784,1.0
783,87754.22024149468,8784,1.0
563,87608.26165991349,8784,1.0
5817,87570.21145359799,8784,1.0
3309,87511.9092496696,8784,1.0
3009,87506.93299108009,8784,1.0
3010,87506.93299108009,8784,1.0
3011,87506.93299108009,8784,1.0
3107,87506.93299108009,8784,1.0
3108,87506.93299108009,8784,1.0
3109,87506.93299108009,8784,1.0
3110,87506.93299108009,8784,1.0
3208,87506.93299108009,8784,1.0
3209,87506.93299108009,8784,1.0
3210,87506.93299108009,8784,1.0
3308,87506.93299108009,8784,1.0
3111,87503.2588896763,8784,1.0
5287,87494.0600857407,8784,1.0
6802,87429.83868032917,8784,1.0
42,87429.72994239951,8784,1.0
158,87344.08619772224,8784,1.0
360,87317.93120810838,8784,1.0
7019,87302.27941002543,8784,1.0
3012,87280.84109207903,8784,1.0
983,87253.44932111747,8784,1.0
3214,87249.90763107175,8784,1.0
3408,87245.17568237042,8784,1.0
2433,87239.31382397976,8784,1.0
676,87237.1567041081,8784,1.0
3112,87225.15302095693,8784,1.0
2177,87124.4942393486,8784,1.0
5529,87097.37973005838,8784,1.0
6333,87057.44421991744,8784,1.0
1479,87002.91759937115,8784,1.0
3213,86986.61220808917,8784,1.0
6815,86955.59029716425,8784,1.0
575,86804.58135503058,8784,1.0
141,86802.50351306057,8784,1.0
6013,86781.8060175254,8784,1.0
3512,86617.55962753025,8784,1.0
1581,86589.55663264105,8784,1.0
4908,86588.50946210408,8784,1.0
3113,86586.68303542412,8784,1.0
931,86549.75888923995,8784,1.0
663,86516.66204425742,8784,1.0
3212,86479.9697986141,8784,1.0
3013,86452.310554018,8784,1.0
2304,86432.51658788005,8784,1.0
310,86378.99873871471,8784,1.0
9738,86286.30712097633,8784,1.0
9838,86286.30712097633,8784,1.0
9939,86286.30712097633,8784,1.0
9940,86286.30712097633,8784,1.0
881,86271.54153405593,8784,1.0
7101,86261.4268583408,8784,1.0
2261,86251.8714432479,8784,1.0
5810,86090.07462888854,8784,1.0
2161,86080.07749862252,8784,1.0
3207,86029.8239787774,8784,1.0
5201,86027.3711662722,8784,1.0
462,85940.63971901755,8784,1.0
9837,85818.81525201997,8784,1.0
5927,85788.77488994184,8784,1.0
1681,85630.17049894204,8784,1.0
1391,85510.65551241633,8784,1.0
1283,85486.16281292264,8784,1.0
358,85470.27026816996,8784,1.0
243,85443.99764357711,8784,1.0
400,85370.33511698799,8463,0.9634562841530054
5829,85300.1330385642,8784,1.0
4713,85272.75532410976,8784,1.0
2220,85238.79741200323,8784,1.0
933,85117.74500023082,8784,1.0
5890,85066.69154658142,8784,1.0
4698,84991.9949878017,8784,1.0
5891,84982.42675011532,8784,1.0
6213,84916.80395404172,8784,1.0
1363,84914.39610618989,8784,1.0
5826,84880.27749733535,8784,1.0
9914,84791.85965384937,8784,1.0
1959,84776.39454757475,8784,1.0
573,84765.85812495866,8784,1.0
681,84763.951953971,8784,1.0
3542,84701.76088605863,8784,1.0
2176,84695.99613059114,8784,1.0
1392,84602.96325580527,8784,1.0
4609,84591.03618618613,8784,1.0
5014,84591.03618618613,8784,1.0
1096,84556.44437060007,8784,1.0
1291,84552.89446723543,8784,1.0
361,84452.20453556198,8784,1.0
6511,84356.70567533019,8784,1.0
1390,84288.43589894351,8784,1.0
1811,84254.67081474411,8784,1.0
59,84223.86430152867,8784,1.0
5401,83961.80871555742,8784,1.0
6705,83935.67694274003,8784,1.0
1582,83921.81046465033,8784,1.0
662,83835.60552676868,8784,1.0
1292,83821.47460119949,8784,1.0
1276,83814.92936855146,8784,1.0
4813,83800.37771444561,8784,1.0
2333,83795.725808916,8784,1.0
4403,83774.53709610345,8784,1.0
6506,83695.02716020287,8784,1.0
4673,83688.30172581741,4866,0.5539617486338798
1909,83687.69242376485,8784,1.0
6930,83678.86006739522,8784,1.0
6529,83559.77313653204,8784,1.0
1682,83516.08439268426,8784,1.0
1434,83498.28348241768,8784,1.0
5432,83467.07396664598,8784,1.0
6035,83456.55797189672,8784,1.0
5388,83397.0610218873,8784,1.0
5830,83356.38607791698,8784,1.0
4917,83176.92065427659,8784,1.0
4103,83129.87316115026,8784,1.0
4500,83042.1108092652,8784,1.0
6920,82964.13780143627,8784,1.0
5611,82803.80424210656,8784,1.0
4607,82798.84579150146,8784,1.0
5302,82757.84317627652,8784,1.0
5016,82575.48880492477,8784,1.0
7701,82568.68149649548,8784,1.0
672,82550.25843569374,8784,1.0
673,82550.25843569374,8784,1.0
674,82550.25843569374,8784,1.0
675,82550.25843569374,8784,1.0
772,82550.25843569374,8784,1.0
773,82550.25843569374,8784,1.0
774,82550.25843569374,8784,1.0
775,82550.25843569374,8784,1.0
872,82550.25843569374,8784,1.0
873,82550.25843569374,8784,1.0
874,82550.25843569374,8784,1.0
875,82550.25843569374,8784,1.0
973,82550.25843569374,8784,1.0
974,82550.25843569374,8784,1.0
972,82529.76870025335,8784,1.0
6830,82523.06604628317,8784,1.0
6931,82522.73402840814,8784,1.0
1636,82516.19414244837,8784,1.0
834,82391.79105363271,8784,1.0
574,82327.5678406097,8784,1.0
102,82306.2512124336,8784,1.0
4913,82306.2122661399,8784,1.0
463,82300.49965623328,8784,1.0
5,82254.80391226153,8784,1.0
562,82221.15733283848,8784,1.0
5530,82111.1716254487,8784,1.0
5531,82111.1716254487,8784,1.0
5532,82111.1716254487,8784,1.0
5630,82111.1716254487,8784,1.0
5631,82111.1716254487,8784,1.0
5632,82111.1716254487,8784,1.0
5731,82111.1716254487,8784,1.0
5629,82111.15872448143,8784,1.0
5730,82110.89177715003,8784,1.0
5729,82110.79622233743,8784,1.0
4600,82084.4338177388,8784,1.0
4800,82083.38687407486,8784,1.0
4700,82062.51772738116,8784,1.0
4900,82060.13710931901,8784,1.0
5915,82059.46346820256,8784,1.0
4699,82036.56062880364,8784,1.0
4794,82027.01423692005,8784,1.0
4910,81969.28400542478,8784,1.0
41,81887.59168635197,8784,1.0
5013,81869.8761989178,8784,1.0
5113,81867.21928905095,8784,1.0
5431,81830.10430873453,8784,1.0
9836,81820.55364147703,8784,1.0
2076,81804.97353359101,8784,1.0
6821,81752.08102079255,8784,1.0
5211,81698.87873553627,8784,1.0
5111,81677.70810665611,8784,1.0
1393,81635.10985313707,8784,1.0
6313,81601.30214381618,8784,1.0
64,81523.63366017686,8784,1.0
2377,81510.1069323205,8784,1.0
2169,81442.30128170285,8784,1.0
1713,81424.37447976775,8784,1.0
4705,81286.04247102894,8784,1.0
1282,81225.4179293363,8784,1.0
4695,81129.27424453825,8784,1.0
6513,81124.14734482327,8784,1.0
5301,81120.82094499162,8784,1.0
301,81045.00602353105,8784,1.0
258,81035.67278850346,8784,1.0
5989,80989.09631420833,8784,1.0
4799,80849.05473182634,8784,1.0
480,80818.58121904513,8784,1.0
6204,80804.50254846789,8784,1.0
33,80781.5572038659,8784,1.0
3607,80728.84521969009,8784,1.0
900,80722.63148973967,8784,1.0
6604,80598.89706437038,8784,1.0
157,80496.35510838337,8784,1.0
1196,80460.49972363203,8784,1.0
777,80365.37529076058,8784,1.0
359,80298.80625391216,8784,1.0
795,80210.11929131395,8784,1.0
895,80197.0681429775,8784,1.0
6606,80090.2154674908,8784,1.0
6413,80079.46708201905,8784,1.0
6304,80077.19905421858,8784,1.0
6404,80067.459794048,8784,1.0
6503,80067.459794048,8784,1.0
6504,80067.459794048,8784,1.0
6505,80067.459794048,8784,1.0
6605,80067.459794048,8784,1.0
2170,80032.83958488397,8784,1.0
7121,79972.19606678198,8784,1.0
9638,79952.67872631189,8784,1.0
6831,79914.0639324029,8784,1.0
5738,79742.47380773994,8784,1.0
6303,79731.99335109968,8784,1.0
2065,79694.70678157396,8784,1.0
1481,79685.91250817261,8784,1.0
5114,79665.39949419438,8784,1.0
9601,79658.51125464085,8784,1.0
2675,79606.06263804747,8784,1.0
2659,79531.03394791769,8784,1.0
6215,79523.98426661453,8784,1.0
4507,79500.71302397101,8784,1.0
6403,79491.52228787824,8784,1.0
1935,79484.88826202333,8784,1.0
5935,79449.87903953779,8784,1.0
5939,79436.3836078917,8784,1.0
2603,79133.52766620557,8784,1.0
6405,79108.29900393674,8784,1.0
6901,79096.18005582422,8784,1.0
406,79094.99996720694,8784,1.0
683,78989.30005388464,8784,1.0
6717,78943.30516035558,8784,1.0
4914,78897.08767690726,8784,1.0
4899,78770.95814236403,8784,1.0
5112,78721.88482813265,8784,1.0
257,78721.14239186996,8784,1.0
1712,78640.98516131738,8784,1.0
1810,78640.98516131738,8784,1.0
1710,78612.96811532858,8784,1.0
584,78539.86603790165,8784,1.0
5834,78476.4382474828,8784,1.0
3411,78446.998212587,8784,1.0
4614,78264.73451746609,8784,1.0
1183,78117.91182816733,8784,1.0
4696,78101.77818867845,8784,1.0
4697,78101.77818867845,8784,1.0
2276,78091.6932821981,8784,1.0
362,78066.69404450296,8784,1.0
6603,78019.24885087497,8784,1.0
6015,78010.75952496253,8784,1.0
6115,77688.63692001296,8784,1.0
1184,77619.96521364574,8784,1.0
3313,77597.82076755812,8784,1.0
1280,77502.77166918889,8784,1.0
5920,77207.44200615375,8784,1.0
6612,77112.82163275148,8784,1.0
260,77100.41814218454,8784,1.0
159,77094.87649445065,8784,1.0
160,77014.9951791821,8784,1.0
6134,76970.69948846307,8784,1.0
5892,76960.14664066386,8784,1.0
484,76910.1141123095,8784,1.0
1182,76902.31892811139,8784,1.0
259,76845.35576284237,8784,1.0
5929,76842.80813224023,8784,1.0
3541,76808.74410052894,8784,1.0
4912,76566.7501214084,8784,1.0
2761,76499.3093245151,8784,1.0
6921,76488.83014299234,8784,1.0
5285,76434.8545188802,8784,1.0
6014,76349.624821949,8784,1.0
682,76335.50428657679,8784,1.0
4714,76180.34315984174,8784,1.0
4814,76180.34315984174,8784,1.0
4916,76144.88639142641,8784,1.0
261,75842.37751548662,8784,1.0
7021,75811.01756662608,8784,1.0
385,75752.17658444226,8784,1.0
6114,75721.8304199601,8784,1.0
1083,75660.6177952448,8784,1.0
5115,75657.46353464226,8784,1.0
2371,75647.72368804977,8784,1.0
407,75602.71317233559,8784,1.0
5097,75527.2727337859,8784,1.0
1281,75520.87505579085,8784,1.0
6810,75472.54888208509,8784,1.0
583,75444.28083767033,8784,1.0
60,75438.86594767956,8784,1.0
982,75412.93842472279,8784,1.0
7022,75341.90246994045,8784,1.0
3106,75151.2686088368,8784,1.0
2019,75127.38965411582,8784,1.0
6922,75048.33412628528,8784,1.0
831,75044.69148392286,8784,1.0
2060,75028.1692969577,8784,1.0
6812,74987.62455450979,8784,1.0
6005,74912.90707417027,8784,1.0
4010,74863.45891945629,8784,1.0
4213,74674.92970145444,8784,1.0
9817,74665.61385892538,8784,1.0
6214,74642.81232463672,8784,1.0
5732,74557.43297719647,8784,1.0
5926,74527.44847305304,8784,1.0
9937,74490.10748368525,8784,1.0
2568,74447.06600904734,8784,1.0
6811,74409.55606104666,8784,1.0
1082,74307.94069244068,8784,1.0
34,74301.56491805102,8784,1.0
1809,74291.09647737419,8784,1.0
4715,74270.5705423589,8784,1.0
4815,74270.5705423589,8784,1.0
4816,74270.5705423589,8784,1.0
1181,74243.5174350715,8784,1.0
981,74208.9913596852,8784,1.0
1081,74208.9913596852,8784,1.0
1179,74208.9913596852,8784,1.0
1180,74208.9913596852,8784,1.0
1277,74208.9913596852,8784,1.0
1278,74208.9913596852,8784,1.0
1279,74208.9913596852,8784,1.0
1080,74208.58815600409,8784,1.0
1178,74185.17622776578,8784,1.0
4774,74168.4706530501,5389,0.6135018214936248
1079,74160.7749912337,8784,1.0
2059,74156.30321026471,8784,1.0
1192,74104.08304699612,8784,1.0
4795,74047.8216204543,8784,1.0
4796,74047.8216204543,8784,1.0
4895,74047.8216204543,8784,1.0
4896,74047.8216204543,8784,1.0
4996,74047.8216204543,8784,1.0
4997,74047.8216204543,8784,1.0
5096,74047.8216204543,8784,1.0
4897,74045.23284161549,8784,1.0
4898,74042.86571701939,8784,1.0
4797,74038.5564111636,8784,1.0
4998,74035.38835739618,8784,1.0
1917,74010.39968174887,8784,1.0
4798,73993.54928487698,8784,1.0
4915,73972.07933372595,8784,1.0
32,73955.35160127973,8784,1.0
3412,73876.86657343735,8784,1.0
7020,73859.23138794,8784,1.0
6402,73808.53424926479,8784,1.0
6613,73789.65691716723,8784,1.0
634,73774.5459939816,8784,1.0
980,73690.24579288869,8784,1.0
3709,73670.96638905717,8784,1.0
4995,73535.70165132232,8784,1.0
6610,73531.10003326689,8784,1.0
880,73443.81812397589,8784,1.0
4374,73322.48260514444,4583,0.5217440801457195
5202,73318.14668230039,8784,1.0
5814,73288.56937835694,8784,1.0
9814,73276.47196077494,8784,1.0
534,73253.3891541939,8784,1.0
979,73189.46180437585,8784,1.0
6006,73188.10093673297,8784,1.0
5919,73167.77445510609,8784,1.0
6712,73155.66828172051,8784,1.0
635,72976.96171883326,8784,1.0
5837,72823.31485963173,8784,1.0
1535,72815.53931253406,8784,1.0
4894,72751.04216958817,8784,1.0
93,72743.18059424596,8784,1.0
780,72720.09129329461,8784,1.0
6616,72711.95816663584,8784,1.0
5012,72690.04262347434,8784,1.0
684,72615.2078438235,8784,1.0
5990,72578.20548452773,8784,1.0
4214,72560.08640504119,8784,1.0
1176,72414.28729960881,8784,1.0
2257,72385.95534420197,8784,1.0
232,72362.88212800388,8784,1.0
5713,72248.31543453177,8784,1.0
5914,72224.75463699899,8784,1.0
1078,72215.80368856975,8784,1.0
3345,72149.42231592668,8784,1.0
1378,72039.11659224448,8784,1.0
5938,71931.29774629838,8784,1.0
5618,71907.10410158173,8784,1.0
5909,71871.2502279018,8784,1.0
436,71849.91035531381,8784,1.0
5619,71770.26555387737,8784,1.0
6731,71739.5892873637,8784,1.0
6432,71733.57747501541,8784,1.0
3711,71711.65591581415,8784,1.0
497,71700.26079150548,8463,0.9634562841530054
496,71680.265661534,8784,1.0
2160,71600.79494898752,8784,1.0
131,71530.58986597971,8784,1.0
4016,71498.31916512662,8784,1.0
2803,71279.625463745,8784,1.0
3026,71241.32832220821,8784,1.0
238,71221.12213093584,8784,1.0
1381,71136.91326314304,8784,1.0
5839,71121.41434882463,8784,1.0
2860,71095.15785106127,8784,1.0
140,71030.4343039641,8784,1.0
5822,71025.10724768198,8784,1.0
4811,70966.96019804648,8784,1.0
3904,70965.33587861895,8784,1.0
679,70925.70333529831,8784,1.0
1177,70924.1284481134,8784,1.0
408,70785.8271360811,8784,1.0
3311,70733.28546752436,8784,1.0
1379,70711.61286949298,8784,1.0
5095,70696.03909948315,8784,1.0
533,70654.65677029052,8784,1.0
1380,70457.12667000644,8784,1.0
164,70105.86309563277,8784,1.0
1480,70079.44308962965,8784,1.0
798,69984.8392352394,8784,1.0
3044,69711.57741310087,8784,1.0
6427,69654.12462551054,8784,1.0
5515,69590.74382692271,8784,1.0
2232,69563.38880749892,8784,1.0
2331,69563.38880749892,8784,1.0
2332,69563.38880749892,8784,1.0
2431,69563.38880749892,8784,1.0
2432,69563.38880749892,8784,1.0
6711,69493.5810046551,8784,1.0
2270,69490.40493158037,8784,1.0
2370,69490.40493158037,8784,1.0
2470,69490.40493158037,8784,1.0
2471,69490.40493158037,8784,1.0
39,69428.96708871618,8784,1.0
4115,69422.15222373314,8784,1.0
1362,69391.48508412666,8784,1.0
6020,69342.60549878358,8784,1.0
132,69335.11546309655,8784,1.0
3509,69331.0912507608,8784,1.0
377,69247.68307873898,8784,1.0
210,69145.12177063379,8784,1.0
2570,69124.34268621884,8784,1.0
5284,69120.70251664262,8784,1.0
3916,69096.59484532876,8784,1.0
3910,68976.77657111641,8784,1.0
6091,68883.0132082035,8784,1.0
5815,68836.85326209893,8784,1.0
5820,68811.80688193736,8784,1.0
3714,68805.1445188072,8784,1.0
1084,68741.76455119958,8784,1.0
5194,68730.24791996459,8784,1.0
5720,68634.37692194998,8784,1.0
3511,68507.97655413995,8784,1.0
40,68506.74217480008,8784,1.0
4994,68491.48825232834,8784,1.0
5617,68414.29588467386,8784,1.0
5821,68290.73210526608,8784,1.0
3142,68191.92378551657,8784,1.0
4111,68171.81239890488,8784,1.0
1711,68161.36203856392,8784,1.0
879,67920.76883662012,8784,1.0
794,67821.07399832645,8784,1.0
433,67624.48778483506,8784,1.0
1612,67608.65622344005,8784,1.0
6713,67565.94504666663,8784,1.0
5905,67548.5969446178,8784,1.0
2376,67544.23882293429,8784,1.0
2367,67397.31457688115,8784,1.0
734,67220.1957118486,8784,1.0
830,67141.38157668817,8784,1.0
5719,67004.18038795813,8784,1.0
4911,66987.39082872719,8784,1.0
928,66975.66511052995,8784,1.0
231,66975.32036048327,8784,1.0
825,66958.74239598263,8784,1.0
31,66955.90435782654,8784,1.0
129,66955.90435782654,8784,1.0
130,66955.90435782654,8784,1.0
228,66955.90435782654,8784,1.0
229,66955.90435782654,8784,1.0
230,66955.90435782654,8784,1.0
327,66955.90435782654,8784,1.0
328,66955.90435782654,8784,1.0
329,66955.90435782654,8784,1.0
330,66955.90435782654,8784,1.0
425,66955.90435782654,8784,1.0
426,66955.90435782654,8784,1.0
427,66955.90435782654,8784,1.0
428,66955.90435782654,8784,1.0
429,66955.90435782654,8784,1.0
430,66955.90435782654,8784,1.0
528,66955.90435782654,8784,1.0
529,66955.90435782654,8784,1.0
530,66955.90435782654,8784,1.0
629,66955.90435782654,8784,1.0
527,66955.83281227863,8784,1.0
431,66955.42970972882,8784,1.0
531,66954.87763992806,8784,1.0
435,66954.33582036226,8784,1.0
628,66954.14764559998,8784,1.0
630,66952.7235863241,8784,1.0
331,66951.73383031222,8784,1.0
526,66949.83952177048,8784,1.0
826,66947.72017235206,8784,1.0
335,66947.40922835597,8784,1.0
631,66947.1685581439,8784,1.0
525,66943.48636607356,8784,1.0
336,66942.60236755364,8784,1.0
729,66941.42289755304,8784,1.0
627,66940.64158140878,8784,1.0
332,66940.40366458725,8784,1.0
827,66939.39770554526,8784,1.0
235,66939.29719007827,8784,1.0
234,66934.70138670987,8784,1.0
632,66934.42573216725,8784,1.0
334,66933.54466133927,8784,1.0
434,66932.78472805994,8784,1.0
725,66931.85063865883,8784,1.0
728,66931.84589244402,8784,1.0
732,66931.36486873539,8784,1.0
726,66931.29856885808,8784,1.0
524,66930.75799370804,8784,1.0
731,66930.62984829723,8784,1.0
730,66930.601561238,8784,1.0
233,66930.52913510201,8784,1.0
828,66930.43798998561,8784,1.0
824,66929.36944548968,8784,1.0
633,66929.33041570487,8784,1.0
333,66928.77220329198,8784,1.0
532,66928.77220329198,8784,1.0
622,66928.77220329198,8784,1.0
623,66928.77220329198,8784,1.0
624,66928.77220329198,8784,1.0
625,66928.77220329198,8784,1.0
626,66928.77220329198,8784,1.0
721,66928.77220329198,8784,1.0
722,66928.77220329198,8784,1.0
723,66928.77220329198,8784,1.0
724,66928.77220329198,8784,1.0
727,66928.77220329198,8784,1.0
733,66928.77220329198,8784,1.0
821,66928.77220329198,8784,1.0
822,66928.77220329198,8784,1.0
823,66928.77220329198,8784,1.0
829,66928.77220329198,8784,1.0
832,66928.77220329198,8784,1.0
833,66928.77220329198,8784,1.0
921,66928.77220329198,8784,1.0
922,66928.77220329198,8784,1.0
930,66928.77220329198,8784,1.0
932,66928.77220329198,8784,1.0
923,66890.85022168905,8784,1.0
820,66881.25658067835,8784,1.0
404,66857.60584624272,8784,1.0
326,66841.04062736851,8784,1.0
128,66793.04142028092,8784,1.0
6814,66756.41859222035,8784,1.0
927,66752.13812875145,8784,1.0
4704,66615.17291847744,8784,1.0
925,66599.91199039416,8784,1.0
926,66584.08859252367,8784,1.0
2269,66561.3584727278,8784,1.0
924,66542.47654894747,8784,1.0
5102,66522.75133802232,8784,1.0
2670,66488.18251195365,8784,1.0
30,66476.99950185574,8784,1.0
929,66431.80987753769,8784,1.0
5818,66413.03816782293,8784,1.0
6034,66371.91174386353,8784,1.0
3510,66318.78417824856,8784,1.0
227,66313.19640935476,8784,1.0
920,66252.68876099752,8784,1.0
6429,66234.23429125648,8784,1.0
403,66182.05683664598,8784,1.0
286,66123.42308287843,8784,1.0
978,66111.18888494742,8784,1.0
236,66093.96490599519,8784,1.0
2322,66064.31441706711,8784,1.0
6631,65913.4114136079,8784,1.0
6314,65864.96820677,8784,1.0
523,65820.78305497672,8784,1.0
894,65746.99372831397,8784,1.0
6323,65718.33839341157,8784,1.0
5716,65705.57875023426,8784,1.0
5718,65651.38223788625,8784,1.0
1185,65572.27191386983,8784,1.0
3710,65532.695910683,8784,1.0
6730,65509.08829470361,8784,1.0
2361,65435.63432932893,8784,1.0
135,65289.01850631633,8784,1.0
778,65231.275030801975,8784,1.0
81,65218.071307116916,8784,1.0
3814,64933.06181294329,8784,1.0
3307,64932.93065661825,8784,1.0
1463,64848.563279345704,8784,1.0
237,64806.752024816364,8784,1.0
5612,64771.27470244778,8784,1.0
1230,64746.974330130986,8784,1.0
136,64627.133323190916,8784,1.0
35,64625.21442982972,8784,1.0
36,64625.21442982972,8784,1.0
37,64625.21442982972,8784,1.0
38,64625.21442982972,8784,1.0
139,64625.21442982972,8784,1.0
138,64623.60081289842,8784,1.0
5717,64618.34167311613,8784,1.0
1077,64614.244968253515,8784,1.0
137,64613.31724097195,8784,1.0
5616,64612.33028399031,8784,1.0
424,64592.092356520334,8784,1.0
2324,64556.42328885113,8784,1.0
720,64476.31048760588,8784,1.0
5819,64458.06094201181,8784,1.0
3245,64347.304618229886,8784,1.0
2369,64284.795609776396,8784,1.0
5015,64187.34522744217,8784,1.0
29,64155.653799440195,8784,1.0
877,63995.03506837732,8784,1.0
5620,63897.789401453956,8784,1.0
133,63880.332148545596,8784,1.0
779,63856.25140021375,8784,1.0
878,63856.25140021375,8784,1.0
977,63856.25140021375,8784,1.0
5094,63701.31326038797,8784,1.0
5838,63656.623626337445,8784,1.0
3444,63540.47862075569,8784,1.0
9410,63483.87586946642,8784,1.0
2672,63439.88219390503,8784,1.0
3609,63418.67115924529,8784,1.0
5293,63378.86623307922,8784,1.0
1032,63327.50919498682,8784,1.0
2022,63325.11735332736,8784,1.0
6531,63222.54495113955,8784,1.0
680,63179.11092943428,8784,1.0
6291,63154.37369471376,8784,1.0
2569,63054.062971128566,8784,1.0
1716,63051.07890369344,8784,1.0
3143,62900.69575969831,8784,1.0
3144,62900.69575969831,8784,1.0
3242,62900.69575969831,8784,1.0
3243,62900.69575969831,8784,1.0
3244,62900.69575969831,8784,1.0
3342,62900.69575969831,8784,1.0
3343,62900.69575969831,8784,1.0
3344,62900.69575969831,8784,1.0
3442,62900.69575969831,8784,1.0
3443,62900.69575969831,8784,1.0
1212,62884.67236766809,8784,1.0
2120,62813.271587659736,8784,1.0
784,62707.19201888206,8784,1.0
621,62689.52280419484,8784,1.0
713,62630.92745606172,8784,1.0
5721,62504.34624255395,8784,1.0
1908,62383.42204752155,8784,1.0
1506,62336.868451269205,8784,1.0
2323,62263.28972676149,8784,1.0
432,62253.53894579675,8784,1.0
498,62251.25979566286,8463,0.9634562841530054
485,62240.02483925822,8784,1.0
4993,62185.056002982536,8774,0.9988615664845173
5092,62185.056002982536,8774,0.9988615664845173
5093,62185.056002982536,8774,0.9988615664845173
5192,62185.056002982536,8774,0.9988615664845173
5193,62185.056002982536,8774,0.9988615664845173
405,62129.14837547511,8784,1.0
1633,62124.07989951401,8784,1.0
9917,62113.39948736126,8784,1.0
2572,62102.366050294295,8784,1.0
134,62099.892504212025,8784,1.0
5991,62089.67533394926,8784,1.0
1799,62058.774075287896,8784,1.0
325,62008.16515640678,8784,1.0
6813,61891.07648823557,8784,1.0
127,61876.78411186099,8784,1.0
6121,61838.676192666084,8784,1.0
3610,61773.17350129696,8784,1.0
3611,61762.00088198475,8784,1.0
2469,61758.64387510372,8784,1.0
6028,61720.653528091636,8784,1.0
3815,61636.2925975091,8784,1.0
1191,61629.696384768686,8784,1.0
2298,61595.79805783931,8784,1.0
6530,61565.67556958949,8784,1.0
5925,61391.959985444686,8784,1.0
3911,61252.05403757986,8784,1.0
3915,61235.95247502628,8784,1.0
5714,61234.7011567485,8784,1.0
4473,61215.47404790499,4815,0.548155737704918
6630,61116.49424529718,8784,1.0
1536,61079.93943931451,8784,1.0
4113,60965.71145012763,8784,1.0
522,60857.029994066856,8784,1.0
4112,60840.67932640247,8784,1.0
4015,60834.36999159769,8784,1.0
4114,60834.36999159769,8784,1.0
4014,60833.896575400555,8784,1.0
4011,60794.7827712406,8784,1.0
9910,60784.35641534433,8784,1.0
3713,60776.33421969147,8784,1.0
1031,60773.524178216394,8784,1.0
1907,60772.35948306879,8784,1.0
3914,60696.868088121344,8784,1.0
3810,60546.44376457769,8784,1.0
1611,60453.171275670895,8784,1.0
4013,60429.54758233028,8784,1.0
4012,60350.35092235583,8784,1.0
226,60197.613577255106,8784,1.0
2221,59823.024938576265,8784,1.0
2671,59821.81535243268,8784,1.0
161,59775.926876456106,8784,1.0
3612,59760.23859584745,8784,1.0
2467,59739.97586414799,8784,1.0
5831,59583.36861999371,8784,1.0
1435,59526.9807337617,8784,1.0
6325,59441.221142869916,8784,1.0
2500,59432.986499826024,8784,1.0
1334,59383.980832005815,8784,1.0
6702,59345.73845318436,8784,1.0
1411,59314.764181086124,8784,1.0
423,59240.97050336703,8784,1.0
3912,59226.73915532015,8784,1.0
6428,59223.79246542194,8784,1.0
2268,58991.84053428556,8784,1.0
181,58981.981046213165,8784,1.0
5934,58877.77155045808,8784,1.0
324,58860.176374326446,8784,1.0
500,58850.28838223411,8333,0.9486566484517304
499,58841.57554413381,8333,0.9486566484517304
9602,58836.28486818427,8784,1.0
225,58819.022003489976,8784,1.0
600,58816.63323473735,8333,0.9486566484517304
323,58801.03636988871,8784,1.0
599,58794.71793314589,8333,0.9486566484517304
698,58790.48986857139,8333,0.9486566484517304
699,58790.48986857139,8333,0.9486566484517304
799,58790.48986857139,8333,0.9486566484517304
598,58790.489868571385,8333,0.9486566484517304
3312,58784.50425802256,8784,1.0
700,58767.47767069476,8333,0.9486566484517304
535,58766.491894471525,8784,1.0
800,58741.58344456585,8333,0.9486566484517304
422,58677.70272901585,8784,1.0
819,58619.33259078109,8784,1.0
5710,58551.78032050342,8784,1.0
5414,58482.06105000854,8784,1.0
28,58436.62170916563,8784,1.0
2499,58387.69530838301,8784,1.0
5212,58361.72875223488,8784,1.0
1934,58288.69161422107,8784,1.0
2674,58264.50144862532,8784,1.0
2061,57646.97326892755,8784,1.0
1507,57600.00471536966,8784,1.0
1709,57578.37955738123,8784,1.0
6716,57528.57513105849,8784,1.0
224,57364.76625536331,8784,1.0
3005,57327.87782799545,8784,1.0
1613,57222.47850624418,8784,1.0
126,57143.91580066718,8784,1.0
262,57112.191629102126,8784,1.0
9705,57078.55146293827,8784,1.0
2368,56987.62374075063,8784,1.0
2468,56987.62374075063,8784,1.0
294,56906.24214243883,8784,1.0
1610,56881.37172455884,8784,1.0
1133,56816.95207563847,8784,1.0
4503,56797.264485786895,8784,1.0
3613,56766.92303471056,8784,1.0
2122,56629.45387378715,8784,1.0
409,56559.549809767705,8784,1.0
3812,56533.96774949673,8784,1.0
9504,56406.14617564113,8784,1.0
9905,56353.496935730356,8784,1.0
6431,56344.34080885462,8784,1.0
4302,56297.35466198965,8784,1.0
389,56268.8786487734,8784,1.0
3913,56167.405832402044,8784,1.0
1311,56154.82424911954,8784,1.0
1511,56083.34452143973,8784,1.0
919,56076.448309269035,8784,1.0
5906,56009.381153296286,8784,1.0
363,56007.40781117506,8784,1.0
9805,55961.15192489605,8784,1.0
9904,55910.90038557713,8784,1.0
395,55864.36719491255,8784,1.0
1825,55857.894647752066,8784,1.0
3705,55814.05700518191,8784,1.0
9804,55787.958502095404,8784,1.0
9702,55770.57130576119,8784,1.0
9803,55770.57130576119,8784,1.0
9903,55769.13561163872,8784,1.0
9802,55764.72539524588,8784,1.0
1835,55694.3144032917,8784,1.0
9902,55614.41826067043,8784,1.0
6326,55543.112545007025,8784,1.0
483,55473.66653771565,8784,1.0
2477,55413.65897716405,8784,1.0
6290,55409.404759865225,8784,1.0
6090,55396.28256080938,8784,1.0
10,55282.902256868394,8784,1.0
5439,55226.47998558896,4384,0.4990892531876138
6714,55180.31983815231,8784,1.0
63,55144.74358653022,8784,1.0
9407,55118.05833127272,8784,1.0
110,55016.32321153712,8784,1.0
2231,54824.481630850496,8784,1.0
9901,54756.200212760166,8784,1.0
695,54625.59081551894,8784,1.0
9604,54625.290929991526,8784,1.0
6089,54459.74696514965,8784,1.0
1564,54447.36755580573,8784,1.0
797,54444.73677902324,8784,1.0
9704,54318.06184463882,8784,1.0
6328,54302.498880880696,8784,1.0
223,54203.59688798488,8784,1.0
6007,54201.31933866225,8784,1.0
9715,54158.91505255835,8784,1.0
2204,54078.29721534874,8784,1.0
1333,53994.98418918776,8784,1.0
9603,53957.80426231235,8784,1.0
1918,53905.618868514255,8784,1.0
620,53850.23138399557,8784,1.0
3813,53797.227369610366,8784,1.0
521,53600.44702879283,8784,1.0
61,53497.68753321751,8784,1.0
62,53497.68753321751,8784,1.0
162,53497.68753321751,8784,1.0
163,53497.68753321751,8784,1.0
263,53497.68753321751,8784,1.0
125,53370.5947888772,8784,1.0
1718,53325.38588831598,8784,1.0
9703,53268.1499581257,8784,1.0
4202,53158.60887501416,8784,1.0
1660,53077.826438445496,8784,1.0
1899,53076.60792684923,8784,1.0
2007,53060.43875458212,8784,1.0
5715,52893.76392649059,8784,1.0
5413,52770.043605279956,8784,1.0
5514,52770.03772633211,8784,1.0
3508,52765.7431143736,8784,1.0
5512,52712.11316390031,8784,1.0
5513,52690.55586374402,8784,1.0
984,52664.5584926021,8784,1.0
9716,52649.863494379264,8784,1.0
2661,52626.44980524926,8784,1.0
27,52527.316097815514,8784,1.0
6715,52514.57307222233,8784,1.0
6008,52410.062743175375,8784,1.0
5613,52362.54064925029,8784,1.0
9801,52238.957553434426,8784,1.0
5615,52228.73156180537,8784,1.0
5614,52157.93865405388,8784,1.0
402,52101.820105463776,8784,1.0
1462,51989.055052214,8784,1.0
2105,51970.9623675659,8784,1.0
597,51915.564386195234,8784,1.0
6617,51905.740426390825,8784,1.0
5412,51815.04939578537,8784,1.0
1394,51811.54749481477,8784,1.0
612,51795.974029425335,8784,1.0
6611,51789.64008816579,8784,1.0
6430,51754.92363323212,8784,1.0
1361,51731.21639479056,8784,1.0
2429,51571.520863759615,8784,1.0
9409,51466.91734925515,8784,1.0
5011,51420.786550719175,8784,1.0
1293,51389.61298073757,8784,1.0
884,51373.570835553495,8784,1.0
1560,51341.753864618884,8784,1.0
193,51268.44665675724,8784,1.0
1008,51223.295984309574,8784,1.0
5806,51168.31088995289,8784,1.0
5809,51159.157753735,8784,1.0
5511,51153.345552849256,8784,1.0
3206,51086.04758836537,8784,1.0
1735,50993.222197102026,8784,1.0
92,50926.303649342306,8784,1.0
192,50926.303649342306,8784,1.0
293,50926.303649342306,8784,1.0
191,50903.762587005804,8784,1.0
292,50840.81294124345,8784,1.0
4806,50744.499790142894,8784,1.0
322,50737.347754606766,8784,1.0
5010,50690.5448573904,8784,1.0
5908,50667.279462481056,8784,1.0
5708,50666.98648983385,8784,1.0
5709,50666.84079752559,8784,1.0
6128,50649.6679837045,8784,1.0
9408,50553.1652528771,8784,1.0
1727,50537.52268684562,8784,1.0
394,50468.88267550302,8784,1.0
6330,50449.72835710656,8784,1.0
5807,50376.45036683281,8784,1.0
393,50341.56902192259,8784,1.0
2577,50280.545860391634,8784,1.0
384,50171.405059465906,8784,1.0
188,50085.42849437679,8784,1.0
2020,50054.90537457751,8784,1.0
5907,49904.39018333182,8784,1.0
6027,49887.98949097311,8784,1.0
5610,49704.854638927776,8784,1.0
1518,49619.9596296876,8784,1.0
1616,49619.9596296876,8784,1.0
1619,49619.9596296876,8784,1.0
1719,49619.9596296876,8784,1.0
1817,49619.9596296876,8784,1.0
1818,49619.9596296876,8784,1.0
1819,49619.9596296876,8784,1.0
1919,49619.9596296876,8784,1.0
1617,49581.8413496295,8784,1.0
6228,49529.86256219166,8784,1.0
1618,49526.43026690762,8784,1.0
1517,49458.21687925036,8784,1.0
281,49417.9684940071,8784,1.0
5808,49368.68029968215,8784,1.0
25,49281.49651874658,8784,1.0
26,49281.49651874658,8784,1.0
9701,49267.539438596825,8784,1.0
6502,49263.6277849904,8784,1.0
582,49245.75554224528,8784,1.0
6233,49088.66479305234,8784,1.0
124,49054.29667104945,8784,1.0
1614,49027.70077391535,8784,1.0
24,48856.97708613163,8784,1.0
1418,48796.37586683735,8784,1.0
5609,48477.20983530373,8784,1.0
697,48414.91115808249,8784,1.0
6331,48207.81006673058,8784,1.0
5411,48186.538320394044,8784,1.0
1808,48072.519854087666,8784,1.0
1211,48051.383684469736,8784,1.0
5313,47799.89996804785,8784,1.0
9605,47765.10077886203,8784,1.0
5930,47707.362064095185,8784,1.0
1717,47645.721265552056,8784,1.0
6329,47605.01840088879,8784,1.0
5707,47600.36856710441,8784,1.0
91,47483.86016409916,8784,1.0
1515,47463.80522550161,8784,1.0
2461,47454.479854324876,8784,1.0
495,47437.571809041685,8784,1.0
3606,47426.971209415795,8784,1.0
2033,47390.41376647567,8784,1.0
6229,47340.433207968395,8784,1.0
1519,47181.646320017244,8784,1.0
421,47122.82360328901,8784,1.0
1514,47045.71515966019,8784,1.0
6127,46719.684442584854,8784,1.0
6129,46684.75631547332,8784,1.0
2132,46636.474583504496,8784,1.0
719,46621.14816239966,8784,1.0
6327,46614.33585159763,8784,1.0
1516,46521.78158951114,8784,1.0
494,46487.86179721058,8784,1.0
2561,46409.9306587082,8784,1.0
6230,46382.62263832749,8784,1.0
2062,46370.4820988801,8784,1.0
2198,46362.09890164862,8784,1.0
6324,46308.847547387755,8784,1.0
1290,46299.5149875566,8784,1.0
6227,46235.96469606381,8784,1.0
5921,46184.67737388607,8784,1.0
2557,45951.40662846314,8784,1.0
1415,45949.96121830563,8784,1.0
5923,45895.57609639816,8784,1.0
5924,45895.57609639816,8784,1.0
2456,45858.29622529512,8784,1.0
6226,45792.644689371096,8784,1.0
2474,45770.635964429704,8784,1.0
2660,45693.27730362788,8784,1.0
6133,45603.89866323254,8784,1.0
1205,45599.857133862155,8784,1.0
1419,45484.23933799374,8784,1.0
1233,45456.7898500054,8784,1.0
1029,45455.19124580029,8784,1.0
5922,45453.363812879696,8784,1.0
6026,45409.47631686724,8784,1.0
5312,45376.33065933898,8784,1.0
5805,45270.59838408238,8784,1.0
2260,45098.38482629199,8784,1.0
1113,45056.471378883594,8784,1.0
1209,45056.471378883594,8784,1.0
1213,45056.471378883594,8784,1.0
1214,45056.471378883594,8784,1.0
1305,45056.471378883594,8784,1.0
1309,45056.471378883594,8784,1.0
1312,45056.471378883594,8784,1.0
1313,45056.471378883594,8784,1.0
1314,45056.471378883594,8784,1.0
1315,45056.471378883594,8784,1.0
1405,45056.471378883594,8784,1.0
1408,45056.471378883594,8784,1.0
1409,45056.471378883594,8784,1.0
1410,45056.471378883594,8784,1.0
1412,45056.471378883594,8784,1.0
1413,45056.471378883594,8784,1.0
1502,45056.471378883594,8784,1.0
1505,45056.471378883594,8784,1.0
1508,45056.471378883594,8784,1.0
1509,45056.471378883594,8784,1.0
1510,45056.471378883594,8784,1.0
1512,45056.471378883594,8784,1.0
1513,45056.471378883594,8784,1.0
1602,45056.471378883594,8784,1.0
1603,45056.471378883594,8784,1.0
1604,45056.471378883594,8784,1.0
1608,45056.471378883594,8784,1.0
1609,45056.471378883594,8784,1.0
1708,45056.471378883594,8784,1.0
88,45040.30621046673,8784,1.0
89,45040.306210466726,8784,1.0
90,45040.306210466726,8784,1.0
1414,45035.569300255294,8784,1.0
596,45019.88449417859,8784,1.0
1707,45012.420302409424,8784,1.0
6033,45002.13944811992,8784,1.0
1112,44991.15943974184,8784,1.0
1304,44985.132896850504,8784,1.0
1706,44955.31617208444,8784,1.0
1704,44759.84459487978,8784,1.0
1806,44749.32719821967,8784,1.0
5804,44711.93988819543,8784,1.0
9405,44661.158381707144,8784,1.0
4474,44606.48899527608,4729,0.5383652094717668
3811,44598.65313619131,8784,1.0
2760,44590.81170573261,8784,1.0
1021,44508.94562774376,8784,1.0
2426,44493.66411652721,8784,1.0
1111,44474.245445553206,8784,1.0
1605,44420.983985465304,8784,1.0
1702,44368.06248096357,8784,1.0
1110,44359.466541292015,8784,1.0
1601,44300.86655657672,8784,1.0
2330,44299.94504385867,8784,1.0
1210,44297.23663195178,8784,1.0
1030,44257.48465917576,8784,1.0
2064,44248.09449844689,8784,1.0
1404,43991.0819257223,8784,1.0
5510,43921.043422862254,8784,1.0
4676,43830.49457189077,8782,0.9997723132969034
1109,43754.319970245044,8784,1.0
1114,43751.43452816855,8784,1.0
1288,43736.10226415489,8784,1.0
87,43677.4461249814,8784,1.0
595,43669.91006129686,8784,1.0
1402,43635.17499672049,8784,1.0
1705,43582.74570466654,8784,1.0
1504,43530.84802804146,8784,1.0
1607,43455.38783459243,8784,1.0
187,43448.67834790854,8784,1.0
1920,43435.285326178826,8784,1.0
1215,43401.35094529046,8784,1.0
9916,43394.451862384805,8784,1.0
1620,43125.31266478107,8784,1.0
2558,43089.99822615243,8784,1.0
1820,43079.767052232135,8784,1.0
1703,42966.471868136665,8784,1.0
1563,42963.213133323894,8784,1.0
1665,42948.1816650689,8784,1.0
1802,42941.919594738756,8784,1.0
2023,42897.07061720871,8784,1.0
1960,42777.841567416675,8784,1.0
1012,42771.88999274163,8784,1.0
818,42767.74586148143,8784,1.0
2628,42612.21890455415,8784,1.0
1664,42595.15258399178,8784,1.0
1763,42595.15258399178,8784,1.0
1764,42595.15258399178,8784,1.0
1861,42595.15258399178,8784,1.0
1863,42595.15258399178,8784,1.0
1961,42595.15258399178,8784,1.0
1962,42595.15258399178,8784,1.0
1965,42595.15258399178,8784,1.0
2063,42595.15258399178,8784,1.0
1662,42595.152583991774,8784,1.0
1663,42595.152583991774,8784,1.0
1762,42595.152583991774,8784,1.0
1862,42595.152583991774,8784,1.0
1864,42595.152583991774,8784,1.0
1963,42595.152583991774,8784,1.0
1964,42595.152583991774,8784,1.0
4003,42592.396154138725,8784,1.0
1865,42591.263040727696,8784,1.0
1765,42590.13704061697,8784,1.0
1761,42589.51529356109,8784,1.0
1562,42578.646096610275,8784,1.0
1805,42575.88034724866,8784,1.0
1803,42573.98263515267,8784,1.0
1661,42521.32174102147,8784,1.0
1860,42478.99388462903,8784,1.0
1022,42449.58852954132,8784,1.0
1760,42426.42060330076,8784,1.0
1461,42426.24848805298,8784,1.0
1561,42405.37792893269,8784,1.0
2159,42397.65436958305,8784,1.0
6126,42326.687764126145,8784,1.0
1807,42293.73406843512,8784,1.0
1296,42205.777876412845,8784,1.0
1606,42184.53783914048,8784,1.0
1204,42180.97591989422,8784,1.0
520,42083.561355326914,8784,1.0
1013,42067.102599290185,8784,1.0
2503,42067.04114622211,8784,1.0
4674,42031.0929759483,5361,0.6103142076502732
1501,42005.87773169626,8784,1.0
1303,41886.4722345728,8784,1.0
1720,41869.84785992516,8784,1.0
311,41832.07130347182,8784,1.0
5002,41748.352951098175,8784,1.0
2360,41659.37564794052,8784,1.0
2258,41630.557721087804,8784,1.0
2259,41630.557721087804,8784,1.0
2357,41630.557721087804,8784,1.0
2358,41630.557721087804,8784,1.0
2359,41630.557721087804,8784,1.0
2457,41630.557721087804,8784,1.0
2458,41630.557721087804,8784,1.0
2459,41630.557721087804,8784,1.0
2460,41630.557721087804,8784,1.0
2559,41630.557721087804,8784,1.0
2560,41630.557721087804,8784,1.0
6029,41612.61334612899,8784,1.0
2158,41595.46526728438,8784,1.0
718,41455.319032555264,8784,1.0
1904,41454.11415589873,8784,1.0
419,41430.08352306938,8784,1.0
420,41430.08352306938,8784,1.0
518,41430.08352306938,8784,1.0
519,41430.08352306938,8784,1.0
618,41430.08352306938,8784,1.0
619,41430.08352306938,8784,1.0
1804,41404.581478971835,8784,1.0
9505,41390.60899836124,8784,1.0
893,41152.221978169386,8784,1.0
1011,41084.77332284675,8784,1.0
1903,41068.577991221086,8784,1.0
289,41041.779817091694,8784,1.0
1725,41037.794742957616,8784,1.0
517,41034.07206424392,8784,1.0
2004,40945.33803548305,8784,1.0
6801,40916.40520860581,8784,1.0
918,40891.58632480585,8784,1.0
1503,40879.55269470993,8784,1.0
410,40865.22660126319,8784,1.0
6025,40850.156722490865,8784,1.0
321,40845.62775282587,8784,1.0
2005,40754.37127723281,8784,1.0
1308,40730.553858382984,8784,1.0
1010,40457.906049204714,8784,1.0
1115,40396.16062000321,8784,1.0
6332,40343.668942224234,8784,1.0
1406,40288.40002101209,8784,1.0
6024,40217.16195945114,8784,1.0
5603,40215.235727040694,8784,1.0
1905,40209.969968843114,8784,1.0
617,40124.641548626874,8784,1.0
418,40121.62306987115,8784,1.0
2223,40110.49254101454,8784,1.0
5009,40110.2338045413,8784,1.0
1014,39983.90352066377,8784,1.0
5832,39957.8653401999,8784,1.0
1028,39913.72897478985,8784,1.0
9406,39854.046398950624,8784,1.0
2673,39833.11525289625,8784,1.0
1906,39813.25819714809,8784,1.0
1417,39796.50405054126,8784,1.0
694,39770.3417642038,8784,1.0
1116,39668.42767374178,8784,1.0
6231,39656.44273401047,8784,1.0
1015,39653.798682689936,8784,1.0
1701,39620.228254396876,8784,1.0
2573,39461.763522840716,8784,1.0
1520,39452.19200065682,8784,1.0
1216,39425.64580145488,8784,1.0
2224,39424.11798505346,8784,1.0
1020,39336.026675000445,8784,1.0
9816,39300.146624181536,8784,1.0
2476,39275.98297774433,8784,1.0
2123,39253.40611675992,8784,1.0
123,39215.69631596989,8784,1.0
1009,39207.83951260663,8784,1.0
914,39176.534824209244,8784,1.0
5933,39059.13683261373,8784,1.0
2576,39034.720772509296,8784,1.0
1092,39033.74800336674,8784,1.0
915,38958.23379976926,8784,1.0
907,38938.47698984517,8784,1.0
1998,38826.49200036481,8784,1.0
2527,38786.65248596746,8784,1.0
2222,38744.28148039623,8784,1.0
1104,38739.59169802741,8784,1.0
2475,38734.8602719217,8784,1.0
2574,38734.8602719217,8784,1.0
2575,38734.8602719217,8784,1.0
6122,38497.0076377299,8784,1.0
5503,38484.19967828971,8784,1.0
6130,38406.78111063392,8784,1.0
1403,38403.32313319086,8784,1.0
5833,38396.61036379079,8784,1.0
5931,38396.61036379079,8784,1.0
5932,38396.61036379079,8784,1.0
6032,38396.61036379079,8784,1.0
6031,38396.44258349084,8784,1.0
6132,38394.30652692242,8784,1.0
6131,38393.75031742959,8784,1.0
6232,38393.648709249595,8784,1.0
1108,38391.94397125617,8784,1.0
6030,38391.69589083376,8784,1.0
908,38336.394799414964,8784,1.0
190,38257.21684798168,8784,1.0
2104,38176.96953843299,8784,1.0
189,38108.50588065994,8784,1.0
392,38000.6544846066,8784,1.0
5703,37936.76815647772,8784,1.0
1004,37932.68828978615,8784,1.0
1622,37898.78116635091,8784,1.0
6023,37888.08455490336,8784,1.0
2225,37883.61469071584,8784,1.0
2226,37883.61469071584,8784,1.0
2325,37883.61469071584,8784,1.0
2326,37883.61469071584,8784,1.0
386,37869.657236989035,8784,1.0
2227,37865.783604432814,8784,1.0
1203,37796.72089730145,8784,1.0
9510,37767.383471810004,8784,1.0
285,37606.30817014344,8784,1.0
906,37535.9081807226,8784,1.0
717,37497.80064998126,8784,1.0
808,37452.19261607757,8784,1.0
222,37448.82456040802,8784,1.0
1728,37410.27405083994,8784,1.0
291,37398.3206847935,8784,1.0
320,37298.39677631876,8784,1.0
1401,37210.76852714553,8784,1.0
2021,37200.56693564436,8784,1.0
1407,37149.2838348437,8784,1.0
401,37147.31085309287,8784,1.0
1521,37129.10637424943,8784,1.0
9815,37044.224691123,8784,1.0
1202,37030.62301154097,8784,1.0
1117,36981.172945502185,8784,1.0
585,36965.66334879465,8784,1.0
1102,36944.91251946958,8784,1.0
2127,36942.641532629226,8784,1.0
6223,36920.27779432255,8784,1.0
801,36914.247172920026,8784,1.0
1721,36891.137583064905,8784,1.0
807,36866.279154506126,8784,1.0
1319,36849.77128570871,8784,1.0
1316,36834.60745384313,8784,1.0
411,36812.54565343682,8784,1.0
904,36799.53113002112,8784,1.0
1421,36796.57047433765,8784,1.0
1829,36790.2042988992,8784,1.0
1927,36790.2042988992,8784,1.0
1928,36790.2042988992,8784,1.0
2027,36790.2042988992,8784,1.0
2028,36790.2042988992,8784,1.0
2128,36790.2042988992,8784,1.0
1729,36790.20429889919,8784,1.0
1827,36790.20429889919,8784,1.0
1828,36790.20429889919,8784,1.0
1926,36790.20429889919,8784,1.0
702,36770.6296313936,8784,1.0
905,36734.29202953376,8784,1.0
1621,36692.31227962058,8784,1.0
1018,36636.73666842489,8784,1.0
9909,36627.11223843692,8784,1.0
1302,36620.471840054786,8784,1.0
1929,36616.16720475541,8784,1.0
1103,36615.75300754861,8784,1.0
806,36611.08748547746,8784,1.0
607,36609.442555560716,8784,1.0
1101,36572.75523694588,8784,1.0
2025,36562.78323709335,8784,1.0
817,36526.05922898244,8784,1.0
2006,36523.05913598131,8784,1.0
903,36482.88799569002,8784,1.0
707,36446.808871018875,8784,1.0
803,36440.01707882966,8784,1.0
804,36436.2327756172,8784,1.0
512,36432.81843930715,8784,1.0
501,36416.18759385364,8784,1.0
502,36416.18759385364,8784,1.0
503,36416.18759385364,8784,1.0
504,36416.18759385364,8784,1.0
505,36416.18759385364,8784,1.0
506,36416.18759385364,8784,1.0
601,36416.18759385364,8784,1.0
602,36416.18759385364,8784,1.0
603,36416.18759385364,8784,1.0
604,36416.18759385364,8784,1.0
605,36416.18759385364,8784,1.0
606,36416.18759385364,8784,1.0
701,36416.18759385364,8784,1.0
703,36416.18759385364,8784,1.0
704,36416.18759385364,8784,1.0
705,36416.18759385364,8784,1.0
706,36416.18759385364,8784,1.0
805,36416.18759385364,8784,1.0
901,36416.18759385364,8784,1.0
902,36416.18759385364,8784,1.0
1001,36416.18759385364,8784,1.0
1201,36416.18759385364,8784,1.0
1301,36416.18759385364,8784,1.0
186,36362.009808867275,8784,1.0
1320,36347.54183303211,8784,1.0
1220,36344.41028285426,8784,1.0
2125,36339.06699690068,8784,1.0
1321,36314.41955481881,8784,1.0
1186,36290.133169231776,8784,1.0
912,36270.235578988264,8784,1.0
913,36266.87869258686,8784,1.0
1120,36266.00296551237,8784,1.0
1019,36261.1096260775,8784,1.0
1119,36261.1096260775,8784,1.0
802,36229.57195729892,8784,1.0
507,36212.97457297055,8784,1.0
2228,36170.854751812796,8784,1.0
1002,36145.71665669826,8784,1.0
1219,36016.78052133413,8784,1.0
1730,35956.58334628875,8784,1.0
1921,35939.96859871143,8784,1.0
1221,35850.61354549606,8784,1.0
2327,35838.99991816794,8784,1.0
1105,35802.77359232285,8784,1.0
6189,35731.19509773478,8773,0.998747723132969
1826,35723.21017661678,8784,1.0
708,35697.43550567882,8784,1.0
1023,35696.826790765976,8784,1.0
1533,35681.272306005056,8784,1.0
3105,35666.43342333313,8784,1.0
4907,35628.756857618784,8784,1.0
2029,35621.37959531379,8784,1.0
1003,35524.406443739135,8784,1.0
1208,35421.74278257611,8784,1.0
417,35407.418694324675,8784,1.0
608,35377.34265579076,8784,1.0
513,35271.43177816071,8784,1.0
613,35237.51769758789,8784,1.0
1830,35203.73349763355,8784,1.0
508,35177.52304849238,8784,1.0
2124,35170.09084239252,8784,1.0
509,35098.69559486876,8784,1.0
510,35098.69559486876,8784,1.0
609,35098.69559486876,8784,1.0
610,35098.69559486876,8784,1.0
709,35076.10395277081,8784,1.0
611,35066.073648060854,8784,1.0
6225,35048.904771547546,8784,1.0
511,35035.561176462485,8784,1.0
1821,35034.88853567453,8784,1.0
715,35022.38241726209,8784,1.0
313,35004.06183894521,8784,1.0
813,34971.45567625632,8784,1.0
710,34929.3471319644,8784,1.0
9608,34870.41870043788,8784,1.0
412,34855.00055675496,8784,1.0
413,34855.00055675496,8784,1.0
414,34854.00457866184,8784,1.0
514,34815.58679321979,8784,1.0
809,34815.08152953221,8784,1.0
711,34773.102376681476,8784,1.0
910,34769.17681364089,8784,1.0
714,34765.864423877545,8784,1.0
911,34757.15376996732,8784,1.0
312,34749.580512066634,8784,1.0
810,34745.13072629471,8784,1.0
811,34745.13072629471,8784,1.0
812,34745.13072629471,8784,1.0
909,34745.13072629471,8784,1.0
1017,34715.03524529445,8784,1.0
917,34666.50204561281,8784,1.0
1420,34612.04002665885,8784,1.0
9908,34578.80452911581,8784,1.0
614,34574.28515823576,8784,1.0
916,34562.689685430596,8784,1.0
515,34548.20815244705,8784,1.0
816,34542.56121088816,8784,1.0
319,34522.07515298928,8784,1.0
716,34514.93505374166,8784,1.0
615,34501.4356881809,8784,1.0
5311,34461.79353553265,8784,1.0
1922,34424.5772831014,8784,1.0
1217,34397.20781583608,8784,1.0
1016,34363.40872968419,8784,1.0
1925,34299.6566083723,8784,1.0
4775,34291.61779517936,5824,0.663023679417122
493,34231.287159424784,8784,1.0
2427,34176.03508709071,8784,1.0
415,34083.94087128226,8784,1.0
616,34074.002560521374,8784,1.0
6022,34045.061925414135,8784,1.0
6191,34014.61690066948,8784,1.0
23,33977.25538386009,8784,1.0
6123,33968.74894128087,8784,1.0
6124,33968.74894128087,8784,1.0
6125,33968.74894128087,8784,1.0
6224,33968.74894128087,8784,1.0
6021,33968.082920611545,8784,1.0
516,33892.084308179976,8784,1.0
1416,33875.68899186794,8784,1.0
2126,33854.94605320745,8784,1.0
1306,33815.551289375726,8784,1.0
1318,33726.657892786134,8784,1.0
796,33690.02102160118,8784,1.0
6190,33678.692621795286,8773,0.998747723132969
2129,33599.347494464426,8784,1.0
5706,33560.387436451914,8784,1.0
3804,33471.227267385046,8784,1.0
1317,33459.79320378022,8784,1.0
315,33287.579583814564,8784,1.0
416,33137.564111991145,8784,1.0
2802,33131.5570518068,8784,1.0
1722,33068.831273982294,8784,1.0
1629,33058.668443057555,8784,1.0
381,33027.90498864523,8784,1.0
221,33008.309190959655,8784,1.0
211,32978.46921015145,8784,1.0
1218,32973.23843258136,8784,1.0
1121,32919.03192298305,8784,1.0
388,32806.067692947094,8784,1.0
318,32605.42652586083,8784,1.0
314,32586.405595120053,8784,1.0
1522,32385.104300493094,8784,1.0
2026,32342.401422834493,8784,1.0
111,32254.230292381802,8784,1.0
1726,32206.152683513315,8784,1.0
1822,32182.74189516663,8784,1.0
2229,32176.003162118923,8784,1.0
1130,32077.005463129328,8784,1.0
287,32047.387225179955,8784,1.0
316,32016.98387674625,8784,1.0
22,31919.690192860508,8784,1.0
122,31916.15053766789,8784,1.0
1027,31909.000059534672,8784,1.0
21,31906.123244261576,8784,1.0
20,31895.917289927536,8784,1.0
19,31894.924875268563,8784,1.0
121,31893.206686871396,8784,1.0
18,31892.624549043627,8784,1.0
17,31892.60015805871,8784,1.0
117,31892.558038325937,8784,1.0
118,31892.558038325937,8784,1.0
119,31892.558038325937,8784,1.0
120,31892.558038325937,8784,1.0
216,31892.558038325937,8784,1.0
217,31892.558038325937,8784,1.0
218,31892.558038325937,8784,1.0
219,31892.558038325937,8784,1.0
220,31892.558038325937,8784,1.0
317,31892.558038325937,8784,1.0
1118,31892.310093187123,8784,1.0
1731,31781.53120899454,8784,1.0
9906,31734.448229712514,8784,1.0
5403,31721.754138010918,8784,1.0
1930,31646.379497598267,8784,1.0
2003,31537.16042002095,8784,1.0
86,31452.745665002785,8784,1.0
116,31441.54068962935,8784,1.0
594,31340.783256574876,8784,1.0
5608,31247.11372846401,8784,1.0
1422,31205.75551060414,8784,1.0
1006,31171.38683734097,8784,1.0
4573,30935.550963484427,4910,0.5589708561020036
1831,30898.54260957592,8784,1.0
3407,30843.63875768499,8784,1.0
6602,30773.962368954835,8784,1.0
215,30674.3711955255,8784,1.0
288,30574.893073726915,8784,1.0
9506,30409.00217381161,8784,1.0
2328,30336.412352164054,8784,1.0
5001,30268.321406744722,8784,1.0
1630,30230.23193259823,8784,1.0
1187,30218.88940579279,8784,1.0
2428,30120.151347946485,8784,1.0
2528,30104.947235152045,8784,1.0
2702,30052.461016223042,8784,1.0
383,29977.630806552996,8784,1.0
1189,29975.706879110086,8784,1.0
4805,29922.320312119125,8784,1.0
1329,29916.87938001334,8784,1.0
2024,29830.13329591753,8784,1.0
685,29816.828560274877,8784,1.0
1289,29778.661686217027,8784,1.0
2098,29774.298720374434,8784,1.0
2299,29774.298720374434,8784,1.0
2399,29774.298720374434,8784,1.0
2400,29774.298720374434,8784,1.0
1085,29759.118257436483,8784,1.0
1005,29686.328044888298,8784,1.0
2329,29659.087518908193,8784,1.0
1228,29650.622490882015,8784,1.0
2199,29641.947288765336,8784,1.0
696,29634.295821408065,8784,1.0
5103,29619.96507184663,8784,1.0
1089,29603.727162314564,8784,1.0
1086,29588.375703220547,8784,1.0
486,29587.19502739842,8784,1.0
487,29587.19502739842,8784,1.0
488,29587.19502739842,8784,1.0
489,29587.19502739842,8784,1.0
490,29587.19502739842,8784,1.0
586,29587.19502739842,8784,1.0
587,29587.19502739842,8784,1.0
588,29587.19502739842,8784,1.0
589,29587.19502739842,8784,1.0
590,29587.19502739842,8784,1.0
686,29587.19502739842,8784,1.0
687,29587.19502739842,8784,1.0
688,29587.19502739842,8784,1.0
689,29587.19502739842,8784,1.0
690,29587.19502739842,8784,1.0
785,29587.19502739842,8784,1.0
786,29587.19502739842,8784,1.0
789,29587.19502739842,8784,1.0
885,29587.19502739842,8784,1.0
886,29587.19502739842,8784,1.0
889,29587.19502739842,8784,1.0
986,29587.19502739842,8784,1.0
987,29587.19502739842,8784,1.0
988,29587.19502739842,8784,1.0
989,29587.19502739842,8784,1.0
1087,29587.19502739842,8784,1.0
1088,29587.19502739842,8784,1.0
1188,29587.19502739842,8784,1.0
491,29585.588337955443,8784,1.0
790,29576.365391554333,8784,1.0
788,29542.121835246176,8784,1.0
387,29538.894811926144,8784,1.0
787,29523.453185830243,8784,1.0
985,29494.147338159775,8784,1.0
1310,29464.475672967743,8784,1.0
1626,29389.716541101476,8784,1.0
888,29263.85857527743,8784,1.0
9809,29259.694304950965,8784,1.0
390,29259.24094721686,8784,1.0
887,29246.543065641778,8784,1.0
11,29196.1540402167,8784,1.0
890,29133.36662841667,8784,1.0
591,29099.02342983315,8784,1.0
1523,28965.246312580373,8784,1.0
1524,28965.246312580373,8784,1.0
1525,28965.246312580373,8784,1.0
1526,28965.246312580373,8784,1.0
1623,28965.246312580373,8784,1.0
1624,28965.246312580373,8784,1.0
1625,28965.246312580373,8784,1.0
1723,28965.246312580373,8784,1.0
1132,28961.22844589351,8784,1.0
1527,28957.170099168787,8784,1.0
1528,28895.40822803904,8784,1.0
1529,28878.814105625763,8784,1.0
1530,28878.814105625763,8784,1.0
1328,28878.529077098636,8784,1.0
1427,28864.677626306988,8784,1.0
391,28852.415495313537,8784,1.0
1322,28833.823197115806,8784,1.0
1428,28776.665657782887,8784,1.0
1327,28701.92235337238,8784,1.0
1425,28634.293425678894,8784,1.0
814,28624.555556045987,8784,1.0
290,28586.57700216895,8784,1.0
2099,28556.85846294849,8784,1.0
1430,28547.861218724272,8784,1.0
1924,28547.112889325923,8784,1.0
1424,28532.60809389485,8784,1.0
1423,28523.375554813854,8784,1.0
1429,28499.326687600937,8784,1.0
1426,28490.249854512353,8784,1.0
990,28313.19609958042,8784,1.0
1227,28300.870493941646,8784,1.0
1127,28225.594427284796,8784,1.0
2300,28220.666770699994,8784,1.0
1025,28182.512188309018,8784,1.0
1026,28182.512188309018,8784,1.0
1323,28182.512188309018,8784,1.0
9806,28180.349649902586,8784,1.0
1324,28173.339039279457,8784,1.0
9808,28170.521342642558,8784,1.0
1222,28150.200935406996,8784,1.0
1431,28147.10983262693,8784,1.0
1325,28139.292244555356,8784,1.0
1126,28137.43404700797,8784,1.0
1125,28113.788925135686,8784,1.0
1326,28105.43120230446,8784,1.0
1223,28101.155358832326,8784,1.0
1224,28096.687742606402,8784,1.0
1124,28096.40035378552,8784,1.0
1122,28096.079981354396,8784,1.0
1123,28096.079981354396,8784,1.0
1225,28096.079981354396,8784,1.0
1226,28096.079981354396,8784,1.0
1231,28096.079981354396,8784,1.0
1232,28096.079981354396,8784,1.0
1330,28096.079981354396,8784,1.0
1331,28096.079981354396,8784,1.0
1332,27988.38813575222,8784,1.0
1229,27943.507745442075,8784,1.0
492,27917.533190367758,8784,1.0
1824,27858.283766356293,8784,1.0
1628,27855.780213088117,8784,1.0
1823,27757.192983652287,8784,1.0
82,27724.064882700535,8784,1.0
6401,27720.09303415733,8784,1.0
1724,27712.620485230716,8784,1.0
1634,27695.982733770434,8784,1.0
3504,27656.607256433184,8784,1.0
1531,27626.26659481711,8784,1.0
9713,27500.086501184545,8784,1.0
5604,27460.529434313852,8784,1.0
581,27451.99498592388,8784,1.0
1923,27396.50885706514,8784,1.0
1090,27340.930134986294,8784,1.0
9712,27324.596344785896,8784,1.0
2230,27314.812914854036,8784,1.0
1902,27305.062962822314,8784,1.0
1999,27268.83099879538,8784,1.0
691,27229.566801340738,8784,1.0
1128,27091.026103638582,8784,1.0
2030,27065.992490417742,8784,1.0
83,27046.85535971718,8784,1.0
84,27046.85535971718,8784,1.0
85,27046.85535971718,8784,1.0
183,27046.85535971718,8784,1.0
184,27046.85535971718,8784,1.0
185,27046.85535971718,8784,1.0
282,27046.85535971718,8784,1.0
283,27046.85535971718,8784,1.0
284,27046.85535971718,8784,1.0
382,27046.85535971718,8784,1.0
482,27046.85535971718,8784,1.0
481,27045.405484326166,8784,1.0
182,26953.86182860954,8784,1.0
1832,26921.95193388002,8784,1.0
1190,26862.198608501196,8784,1.0
1933,26823.663291736855,8784,1.0
5303,26821.46945104332,8784,1.0
1631,26607.718560117417,8784,1.0
2131,26600.558942407384,8784,1.0
1432,26593.511413762404,8784,1.0
1801,26584.898101092476,8784,1.0
1931,26573.0229387936,8784,1.0
1932,26573.0229387936,8784,1.0
2031,26573.0229387936,8784,1.0
2032,26573.0229387936,8784,1.0
16,26555.31762083247,8784,1.0
1833,26513.964891533116,8784,1.0
212,26497.691184404488,8784,1.0
1732,26494.157502038448,8784,1.0
1433,26482.226522508663,8784,1.0
1532,26482.226522508663,8784,1.0
1632,26482.226522508663,8784,1.0
1635,26482.226522508663,8784,1.0
1733,26482.226522508663,8784,1.0
1734,26482.226522508663,8784,1.0
1834,26482.226522508663,8784,1.0
2130,26434.067305719054,8784,1.0
995,26366.603784158222,8784,1.0
791,26279.149780225856,8784,1.0
5003,26157.21715258243,8784,1.0
592,25738.77190124523,8784,1.0
9811,25244.178350276194,8784,1.0
6501,25134.55656590553,8784,1.0
6601,25134.55656590553,8784,1.0
6701,25134.55656590553,8784,1.0
891,25067.90332377109,8784,1.0
9509,24968.10657907241,8784,1.0
9512,24799.634822754313,8784,1.0
593,24793.492552369833,8784,1.0
213,24780.00785528314,8784,1.0
4603,24758.410294967794,8784,1.0
1007,24737.36369647976,8784,1.0
792,24666.14961653541,8784,1.0
692,24666.149616535407,8784,1.0
693,24666.149616535407,8784,1.0
892,24666.149616535407,8784,1.0
991,24666.149616535407,8784,1.0
1091,24666.149616535407,8784,1.0
9714,24578.628526518372,8784,1.0
115,24467.655982640696,8784,1.0
5203,24354.276397411668,8784,1.0
2403,24322.224063163085,8784,1.0
992,24195.774869672226,8784,1.0
793,24082.504137397944,8784,1.0
3104,24029.890596047415,8784,1.0
1193,23980.151935897782,8784,1.0
9706,23530.866553217074,8784,1.0
2103,23313.733038392,8784,1.0
9609,23143.417556249744,8784,1.0
1106,22969.78405156979,8784,1.0
4804,22841.690175547905,8784,1.0
4903,22830.974468303953,8784,1.0
2200,22807.060005642365,8784,1.0
214,22736.707626134914,8784,1.0
9936,22725.369689075742,8784,1.0
5509,22717.613463561072,8784,1.0
2203,22595.04442821953,8784,1.0
114,22426.41363286685,8784,1.0
3205,22412.63328766837,8784,1.0
5110,22284.023884915812,8784,1.0
9508,22196.080355126654,8784,1.0
5607,22136.590401966627,8784,1.0
815,22123.784670487155,8784,1.0
15,22088.505700855283,8784,1.0
2002,22037.91730367921,8784,1.0
4102,22016.389308311096,8784,1.0
2001,21918.070179147297,8784,1.0
1901,21871.23436367424,8784,1.0
2102,21871.23436367424,8784,1.0
2303,21871.23436367424,8784,1.0
2401,21871.23436367424,8784,1.0
2402,21871.23436367424,8784,1.0
2501,21871.23436367424,8784,1.0
2502,21871.23436367424,8784,1.0
2601,21871.23436367424,8784,1.0
2602,21871.23436367424,8784,1.0
4402,21827.163286539453,8784,1.0
2302,21772.005362727443,8784,1.0
2201,21749.139931460963,8784,1.0
2301,21692.478816023955,8784,1.0
2902,21689.21701801833,8784,1.0
993,21666.068179318914,8784,1.0
9606,21649.255010993205,8784,1.0
9610,21630.92545797233,8784,1.0
12,21545.737314973103,8784,1.0
2101,21519.642500546608,8784,1.0
9607,21436.36559665325,8784,1.0
1093,21383.048155726774,8784,1.0
1095,21383.048155726774,8784,1.0
1195,21383.048155726774,8784,1.0
1294,21383.048155726774,8784,1.0
1295,21383.048155726774,8784,1.0
1194,21381.395071443072,8784,1.0
994,21378.320147776034,8784,1.0
1094,21374.70365049802,8784,1.0
9511,21322.068509252065,8784,1.0
2202,21302.014295623005,8784,1.0
14,21148.071085246364,8784,1.0
1129,21133.670777440002,8784,1.0
9507,21112.778337481872,8784,1.0
4902,21032.056691059763,8784,1.0
9708,21032.01930343834,8784,1.0
2100,21026.04846001823,8784,1.0
2701,20953.138988726136,8784,1.0
2000,20922.243552486525,8784,1.0
9709,20885.21049564462,8784,1.0
4703,20852.612810917773,8784,1.0
9707,20803.211531757035,8784,1.0
9807,20690.22495273323,8784,1.0
9611,20685.15972617659,8784,1.0
9710,20667.23791061655,8784,1.0
9612,20664.405602276016,8784,1.0
9711,20664.405602276016,8784,1.0
9810,20664.405602276016,8784,1.0
9907,20664.405602276016,8784,1.0
3306,20471.442949226766,8784,1.0
1900,20310.65280428527,8784,1.0
9613,20304.075888352854,8784,1.0
4574,20226.860890569355,4139,0.4711976320582878
4803,20035.664924529763,8784,1.0
4575,19990.80970781339,4853,0.5524817850637522
4675,19875.997943027312,4745,0.5401867030965392
1206,19712.99046995923,8784,1.0
1800,19711.22734515359,8784,1.0
3204,19630.57057113117,8784,1.0
3507,19474.919223701727,8784,1.0
5104,19413.26629365323,8784,1.0
2903,19279.89497534607,8784,1.0
3604,19148.73583902829,8784,1.0
5205,19097.657774025247,8784,1.0
5105,18772.80450126432,8784,1.0
5004,18665.71228634247,8784,1.0
3704,18604.59521812465,8784,1.0
3903,18456.67259017865,8784,1.0
4002,18422.05353394858,8784,1.0
3502,18400.059439338933,8784,1.0
3503,18400.059439338933,8784,1.0
3601,18400.059439338933,8784,1.0
3602,18400.059439338933,8784,1.0
3603,18400.059439338933,8784,1.0
3605,18400.059439338933,8784,1.0
3701,18400.059439338933,8784,1.0
3702,18400.059439338933,8784,1.0
3703,18400.059439338933,8784,1.0
3801,18400.059439338933,8784,1.0
3802,18400.059439338933,8784,1.0
3803,18400.059439338933,8784,1.0
3901,18400.059439338933,8784,1.0
3902,18400.059439338933,8784,1.0
4001,18400.059439338933,8784,1.0
4101,18400.059439338933,8784,1.0
3402,18386.147324367485,8784,1.0
3301,18365.961108957836,8784,1.0
3401,18329.46186747592,8784,1.0
5504,18314.81805173593,8784,1.0
3403,18314.682958634523,8784,1.0
3505,18291.88372890206,8784,1.0
3302,18290.501883875353,8784,1.0
3404,18281.660146350012,8784,1.0
3506,18279.78518333434,8784,1.0
3201,18278.12367438958,8784,1.0
3002,18277.929024069774,8784,1.0
3003,18277.929024069774,8784,1.0
3004,18277.929024069774,8784,1.0
3101,18277.929024069774,8784,1.0
3102,18277.929024069774,8784,1.0
3103,18277.929024069774,8784,1.0
3202,18277.929024069774,8784,1.0
3203,18277.929024069774,8784,1.0
3303,18277.929024069774,8784,1.0
3304,18277.929024069774,8784,1.0
3305,18277.929024069774,8784,1.0
3405,18277.929024069774,8784,1.0
3406,18277.929024069774,8784,1.0
3001,18240.191911862763,8784,1.0
3501,18165.846245721124,8784,1.0
4801,17946.68630707062,8784,1.0
5705,17766.396839258166,8784,1.0
4802,17635.159837544794,8784,1.0
4901,17635.159837544794,8784,1.0
4701,17545.50900760884,8784,1.0
4904,17212.046680630567,8784,1.0
5704,17111.705459934692,8784,1.0
5605,17110.481622453015,8784,1.0
5606,17109.247833338148,8784,1.0
5005,17106.65834853702,8784,1.0
5106,17106.65834853702,8784,1.0
5304,17106.65834853702,8784,1.0
5305,17106.65834853702,8784,1.0
5307,17106.65834853702,8784,1.0
5404,17106.65834853702,8784,1.0
5405,17106.65834853702,8784,1.0
5406,17106.65834853702,8784,1.0
5505,17106.65834853702,8784,1.0
5506,17106.65834853702,8784,1.0
5507,17106.65834853702,8784,1.0
5204,17046.020448080544,8784,1.0
5207,17007.178172586595,8784,1.0
5306,16845.527287583656,8784,1.0
5206,16631.00588871724,8784,1.0
5107,16402.716600655313,8784,1.0
5407,16270.394651772558,8784,1.0
5408,16189.55683564123,8784,1.0
5208,15989.84515477002,8784,1.0
4201,15941.438539009021,8784,1.0
5008,15907.329669641045,8784,1.0
5006,15538.244767026557,8784,1.0
1307,15412.750440593816,8784,1.0
5508,15406.322596792614,8784,1.0
5109,15171.976039661635,8784,1.0
4702,14854.303326686268,8784,1.0
4905,14819.39517489394,8784,1.0
5108,14800.577297858987,8784,1.0
5410,14753.300562773504,8784,1.0
5308,14694.548647427431,8784,1.0
4601,14664.97703205305,8784,1.0
5409,13845.44548551051,8784,1.0
5309,13569.059353712937,8784,1.0
13,13331.429260395631,8784,1.0
5209,13260.337566908807,8784,1.0
4301,13225.054721960469,8784,1.0
4401,13160.788935647359,8784,1.0
4502,13160.788935647359,8784,1.0
4602,13160.788935647359,8784,1.0
113,13033.901908729023,8784,1.0
4501,12964.2191750797,8784,1.0
5007,12948.902601133253,8784,1.0
1534,12920.580395026682,8784,1.0
1107,12788.52367328502,8784,1.0
4906,12643.383648606796,8784,1.0
5210,12632.28744663959,8784,1.0
5310,12604.329348747886,8784,1.0
2901,11516.43736316458,8784,1.0
5338,7195.580901380988,8784,1.0
1207,5286.745501223779,8784,1.0
112,3424.6761414647267,8784,1.0
5238,3026.255107940239,8784,1.0
2801,2670.573678446936,8784,1.0
5339,691.206812469342,3342,0.38046448087431695
5239,213.62653467298065,742,0.08447176684881604
