timestamp_ms,5161,5059,5259,4159,4556
1383260400000,379.9729291917139,537.5705632731568,827.3596686993851,224.80852830674795,1134.638940027693
1383261000000,371.12271251065295,646.5690609927263,910.6937199109072,183.50499929976112,983.8562750129745
1383261600000,429.2979113328572,569.7823894149008,956.4217814879389,204.4313037101788,998.1107290175296
1383262200000,350.1842235347713,800.5995938110166,963.7445554803165,212.37404792990992,962.9542487565352
1383262800000,268.586832125916,517.0684617439194,1111.3769213432931,195.76800548369354,935.7821674616828
1383263400000,326.7263460349055,477.7613667059388,1012.7862256375226,211.86059442100296,982.6595843051794
1383264000000,212.33277565883307,379.63204718954523,1245.4918888155196,218.1139469043621,1101.1824801811952
1383264600000,231.6425468029764,397.060331368628,1413.1166087276113,261.6892720272926,833.3837128355423
1383265200000,187.80206647684258,476.52263690898167,1266.9305530569347,175.9337486761738,886.5670675638752
1383265800000,234.23739641221422,374.66136312416774,1525.6466653018233,204.93506434449225,871.991632425194
1383266400000,174.65264236154763,434.9129749786182,1521.9749629884748,175.95896999559642,823.791835003527
1383267000000,163.1664985975237,448.42147103960747,1688.7419751504144,188.50415024481177,678.2002623790554
1383267600000,146.73100119500438,484.00492380934475,1575.9579621390176,185.85257061167098,656.9649905379333
1383268200000,160.21447356819374,422.2342062692794,1762.911531460264,210.17011577574,611.1990669210435
1383268800000,131.28262078002348,288.6711755082396,1648.003218943381,193.3480266664141,559.6663723076556
1383269400000,140.6781084266994,348.65748178083845,1608.8467150560489,181.34714894709504,482.2321707438439
1383270000000,172.02359591669088,323.8992313793861,1589.5709162145831,193.03419015019605,471.7717690872756
1383270600000,166.286928434897,313.33117140819934,1569.25467206619,179.21008087587057,498.20412692955426
1383271200000,126.67621472437378,332.443667700323,1389.656017039424,178.50422483152323,431.7433220236258
1383271800000,137.79110640129556,292.0334901000074,1268.3901039844445,213.55556591794704,385.0247728116806
1383272400000,160.20483955500328,301.4626013547085,1217.521477172186,206.81059565516483,366.2133722128141
1383273000000,128.46296777718828,272.7839161523222,1211.9305491231155,175.171556128166,366.9894998265232
1383273600000,125.33731147010089,318.35784400579917,1166.6082899475011,197.0337810853563,335.1528882997679
1383274200000,135.88808959270202,340.5721061353228,881.8939250159701,168.9722653708675,369.9798349947114
1383274800000,116.5369580988993,369.6454951916883,1009.5593911860208,164.46248493091508,388.4383870546635
1383275400000,111.605622657214,374.7992471089032,844.233096578645,159.40231739365186,471.3931160615992
1383276000000,130.7571766711171,319.53135501859765,676.7103591642522,169.21748032280618,528.7848098279388
1383276600000,104.8800312873827,333.40399520513444,604.2096915754598,149.31512228591387,341.8715630712652
1383277200000,123.73363103735524,423.83398648157896,532.7076497379562,168.9284409194055,313.7340574360422
1383277800000,133.8250283793001,390.142972300135,388.7337927213569,155.4542545646556,322.8674603960002
1383278400000,115.54979032786247,359.74017737543454,377.35848186062503,155.57454674244843,267.0725547234573
1383279000000,144.48618746517806,537.681777433354,354.4374033283017,199.3812159972121,289.00075201749735
1383279600000,169.00013975308477,393.0927404371733,282.0601173036665,148.11186800787155,272.8438267800327
1383280200000,107.00769885772549,310.29719995432475,329.7596461853419,144.12644903179634,258.15278986632165
1383280800000,122.13528102933856,359.421464482135,305.13315722768954,159.81219572620466,268.25167789836183
1383281400000,134.75922606375954,305.1925342255755,245.49110937755503,138.16702676112914,357.46078889817494
1383282000000,173.82527561601705,256.59503879331885,303.6920272787049,137.1156885064915,276.9675492232674
1383282600000,147.94203121438306,309.86120985868865,305.65522892552366,148.21375423674272,313.5608813568017
1383283200000,169.00838707612735,321.78777576936494,291.6763066501305,141.27867029184154,271.55116112694714
1383283800000,165.7058096656143,281.580359131854,340.0435593212783,125.01498495377064,219.0280255683988
1383284400000,186.68496448811916,404.77636954366983,290.4818659230341,165.1919242261988,231.2591771946689
1383285000000,201.17187495348233,385.59056660007747,253.12098170122803,122.05549579481914,256.45449611861756
1383285600000,167.5836312630628,337.1804307353507,311.1192150703353,126.15568938604328,237.1268414333497
1383286200000,168.1304041012753,423.5797133599112,276.5036709820314,130.98770091058577,257.8877692564804
1383286800000,200.6680487544855,342.8567569556068,274.3388633325495,127.05453993437531,239.2689601660921
1383287400000,167.8662968823141,335.73320906541556,344.76418933859827,136.4910446722749,263.23045150601143
1383288000000,238.3429399183679,381.9016728454743,304.405664391781,128.79323792226856,256.3289666526016
1383288600000,249.75130138675252,472.89987180962567,307.05287453313866,122.93590160321992,238.8011352443381
1383289200000,213.69227616066053,329.746776446057,367.63687035388295,120.78218154490494,236.35064010769383
1383289800000,190.54874794102577,586.0889411560966,348.60141500752565,128.9883047923542,254.98524903678467
1383290400000,187.94546493464304,350.8416066632614,327.2531672723047,147.39430947555798,256.96996765359626
1383291000000,240.9163997750647,386.42944623339315,395.89734002184645,134.18337613275207,278.4198833705724
1383291600000,279.9439120031856,476.6365233825536,371.1432095275173,131.78538395078715,311.12326841298847
1383292200000,240.4326346191232,413.9610803919814,383.7160268880299,134.8739931874313,321.21835657462645
1383292800000,221.8019504786959,442.7057704576065,447.03435764538824,139.11930685640115,309.41809998966284
1383293400000,345.1307678780632,713.6058240360064,385.34406089006836,131.35842218283173,328.5327419642983
1383294000000,372.860488720907,476.8232810313213,393.8728073682598,147.19933492399431,353.39431345999003
1383294600000,319.38910462426674,441.2244032032707,516.5175638714713,139.27962972907565,312.78586892445594
1383295200000,392.9983775819267,577.6403479275313,407.8069946542023,153.12152214440798,363.09974026051384
1383295800000,638.4057158248958,690.4192593579231,446.68171572834706,148.70712933288644,410.04503090406814
1383296400000,548.570737889031,544.6684829469795,529.4836438393527,175.84049058188327,459.8394205937166
1383297000000,666.204575193382,672.8502671337566,469.87892566287246,219.75518095525285,577.6692338575823
1383297600000,697.6888099256175,780.472272774077,361.9683065161039,136.86684025479562,536.707295920266
1383298200000,1243.952189965434,971.0475890399317,491.75814858979095,142.26684106400432,510.8029081799441
1383298800000,1068.3010920031124,952.6301265391737,456.5615557004841,142.7029117244981,552.4120486507856
1383299400000,1035.5773846242341,933.7699701119617,398.7239020525886,127.4021723310014,507.72070460564726
1383300000000,1538.4137829883953,1161.3164940375407,545.8695286947801,159.06220377053893,460.1858096081712
1383300600000,1318.7714627107387,1695.2256989138225,451.5184215080377,207.25901086951475,478.87440112644555
1383301200000,1688.3177517405081,1426.2942203844198,683.1184772234059,177.9711285283767,367.3245641013063
1383301800000,2154.8177155790345,1730.5566234988125,521.7628263873527,180.69073968972376,422.99635286488916
1383302400000,1835.0948407082533,1492.6036455706067,555.8096040222009,184.7086844167224,421.20089411899585
1383303000000,2024.5666850315247,1582.818670664101,482.8245468307384,127.59932134566508,510.4486387168365
1383303600000,2093.19340501236,1334.9827855610838,505.3029807193781,142.4048551762136,548.705159898055
1383304200000,2302.4646390231255,1543.8357828961841,518.798410940122,158.0183199240097,535.850377543233
1383304800000,2747.3379998398827,1556.7363188610316,423.17882643213653,172.79819368825028,542.4751962381815
1383305400000,2892.3588086580353,1526.7461590773278,498.8306062572605,194.51517281658084,512.2653542981024
1383306000000,2671.4068895039086,1782.5421026334093,589.4478594588692,175.64897847548016,640.8707866872128
1383306600000,3363.7951767819713,2221.302559980565,465.09916000514664,139.47574338531928,586.5440388761854
1383307200000,2833.5620265825764,2049.561807821271,465.21330806884475,181.07514050929802,507.3251017894696
1383307800000,3148.7489032828817,2391.064904096264,571.7191164810218,165.60515320686955,645.210044966171
1383308400000,3313.64738098863,1884.7521414998273,533.7508137149839,158.21770062937887,616.071190882816
1383309000000,3291.4317480344725,2091.807846006751,524.5918540470627,132.50661010025206,557.3208250303989
1383309600000,3249.7117730782,2086.3394430476133,512.5706923788159,147.85143493087156,573.9925097181247
1383310200000,3519.0245542247326,2082.7411372447255,631.7961111291721,151.09845953495076,588.0265258157715
1383310800000,3561.2698958188666,2227.2221324649,485.6665821504929,148.91452654815814,604.7973003552222
1383311400000,3521.8183745525575,2343.361828796591,551.7224270743259,140.8624281719228,623.5380828929841
1383312000000,3331.071715138275,2055.5512615031516,483.03072472308446,157.93304607895342,597.8562952745389
1383312600000,3673.1159075584555,2882.571528302987,564.7368941319693,203.51265557666704,565.2737446227404
1383313200000,3526.9603308792416,2055.095164173007,488.1847980414363,196.218063513447,614.5254535921621
1383313800000,3566.7763543170613,2093.0663724534406,439.86651650351115,189.4374802997104,575.0138892522303
1383314400000,4786.595671888568,2274.075175111735,549.2663688606257,151.52653063470032,579.3387848422715
1383315000000,3852.559624792217,2086.773943077597,489.8256191916965,204.0690597438981,676.8810465436435
1383315600000,3553.7414553187473,2022.4912347799532,671.0627516538061,145.47202828228856,561.2112500896983
1383316200000,3984.877133040372,2254.5755818101798,585.9739561222864,165.59970146982357,504.3270444915646
1383316800000,3616.0872745433453,2187.5241553979226,530.9890575354473,184.54574729857944,491.7550714154304
1383317400000,4438.869852618294,1951.4720460834553,451.0084804913777,184.59526661188983,519.6541163584774
1383318000000,4385.461982839941,2250.5843527448355,598.1730292984915,196.1849009549446,502.6471636453084
1383318600000,5012.584446407099,2307.3281628574314,507.8711317806688,176.2397761778216,579.7754479535864
1383319200000,4501.180578461995,2307.2817587887644,509.55026035966387,193.04833548994444,575.8774741495099
1383319800000,4467.243928049314,2265.587768030487,840.8528541263333,168.15840349667758,495.42412210213644
1383320400000,4636.89492946555,2313.473621195093,450.59272103940975,187.02718343731385,468.65352550686254
1383321000000,4601.937308097395,2445.194882165889,499.8312031593441,238.50496334618137,636.6036464361231
1383321600000,4492.390892659428,2139.797553493688,487.7139690218299,233.15717763918846,603.2185642527094
1383322200000,4473.029957989436,2244.0044654734406,503.2281065253858,220.701485852239,591.652220708417
1383322800000,4758.466505121151,2211.9638133937556,482.5208165977009,166.37545253107956,656.3706639879784
1383323400000,4535.981535343758,2141.496518866064,522.313526703776,204.85232444575544,541.1215866278787
1383324000000,5063.972006037141,1920.5543093465776,533.4063522753286,166.419870210634,557.9487097221412
1383324600000,4833.5445682316995,1851.715782128624,462.4471982836047,131.19707385940902,680.0384158304345
1383325200000,4887.704383787268,2055.7912234614987,441.88722933780326,124.10627412181557,583.4141376926365
1383325800000,4562.538554332354,2192.3325475481706,463.62568875856795,134.7695153111733,591.5947687932339
1383326400000,3912.3989210942786,1970.5994499424248,401.10214836094457,124.01503309061258,580.9349616840473
1383327000000,3911.071703093428,1863.4342438617443,390.36764730207074,176.11624089463524,597.1470324428444
1383327600000,4390.847115377257,1895.199580945087,361.65550022232225,160.507445039583,632.7030757951235
1383328200000,3647.776365194384,1785.891666520166,324.6799496526013,148.32321364685788,694.5753842657745
1383328800000,3424.932128011941,2060.747207862771,336.56476682715726,135.54861949700788,659.9272407864396
1383329400000,3459.1235805049873,1708.8986688138505,312.8070154091298,140.46238013625,1040.6173952273414
1383330000000,3064.529579050053,1613.6260396836878,335.87717805731535,164.86468555573572,864.339306375556
1383330600000,3044.185391190256,1722.493313958379,373.5476966138633,147.72121905806293,862.6313644851259
1383331200000,2865.7544340756963,2238.0164680372577,316.82028288349113,176.9206674343134,872.1737575430235
1383331800000,2748.2987606046586,2024.7605171288901,373.27851375989013,132.95478954393644,895.846692164513
1383332400000,2481.1034311509366,2623.4061046851048,420.40370959148635,143.1258208683759,1201.689552112138
1383333000000,2288.49016003369,1374.1339266375812,347.02474018614697,172.85040119751272,925.5031398968301
1383333600000,1869.207123073467,1361.6702550273849,347.7224240403134,145.92494879206953,904.8897570510024
1383334200000,1705.484743150307,1590.2180600587385,344.1789124118936,200.47539077652553,904.4132670436345
1383334800000,1773.2513565750276,953.9884792621457,408.2187167942986,139.78280462195008,826.4824013670723
1383335400000,1818.0270835568817,873.2273552453919,354.2806282823939,148.13389921019254,817.1519795505465
1383336000000,1456.8464737540348,1230.4957940169825,470.6323396890067,137.63098900540123,940.3619716907119
1383336600000,1236.3165945277572,830.3962576701934,343.7314528476516,150.18349508079186,1012.2502488258834
1383337200000,1180.7885959486969,975.613206754422,361.7446286817444,138.398599981901,920.4040067760653
1383337800000,1202.7673822740192,914.4463605913219,494.0341203899585,151.9266069794398,1037.5646745474762
1383338400000,931.0881750964535,848.2860573802188,545.3571309615934,168.35032702324014,1047.3918483287946
1383339000000,1035.5614907264917,762.8588056299513,477.395638053239,140.0459781582595,930.3073856537555
1383339600000,1109.8716738665362,910.4845789466721,387.0027138876653,129.3038358120534,882.8736147697567
1383340200000,1171.1150304690545,898.5270698133686,383.2840806517597,147.39427722218252,1033.8507616095774
1383340800000,1160.5278693838038,750.3644318327281,328.9968443480581,142.45623107925613,946.3781412478882
1383341400000,943.0971387895662,746.7482047377839,391.31565413829765,136.11400069965143,938.9790525710318
1383342000000,694.4545016669016,631.7507869945423,334.792464228012,129.94256599456293,1010.554038250536
1383342600000,676.8163210303968,867.4638787894638,335.03140849221944,140.52789148960932,833.3323671844969
1383343200000,557.1827568598189,692.745610380847,418.7402706255589,145.98947844993745,865.720497902263
1383343800000,654.1043316315333,772.6925104743723,445.08819640868325,208.15216555268324,924.074823071306
1383344400000,671.6373484895237,605.5442678124492,416.8669408947359,162.32778634128343,995.3216645834874
1383345000000,741.8163646668231,691.328154329744,449.7862029103269,147.60649257075576,994.4566566764769
1383345600000,591.1980131409165,535.4247765936142,407.83054970507254,145.56382237847023,806.1698332000192
1383346200000,480.75484883671885,529.4705954401977,404.6700546837032,143.8314043578479,881.0922748609056
1383346800000,300.6439183990641,510.208098743492,358.78577595989714,189.5186286984439,815.0537411713175
1383347400000,542.3051676290962,442.76657358864145,409.9712522880278,144.22231690811577,751.1229118091991
1383348000000,457.23842330480454,692.5216245770306,395.52047460173145,167.56118300296237,751.717382537921
1383348600000,270.8519265018453,382.32617825991315,492.6879713079427,181.3963466307414,885.6194546079248
1383349200000,314.7115372261873,394.0328419739444,598.9575437523914,164.3012016157919,679.4344844839803
1383349800000,232.72881233261924,370.74216864114146,726.0212194488812,141.18533074536026,850.2455472684026
1383350400000,179.01506208195804,287.5095033451322,528.8978185089319,152.1405983043757,1020.3622894032362
1383351000000,187.2410147210997,360.35680421765227,581.6256109452955,146.03005938958214,752.2856672394508
1383351600000,216.45963082465988,342.37575125007726,744.5449089556117,127.6551947007813,629.1615531398006
1383352200000,193.21895763265616,304.09167557947217,601.3381440416463,134.00440236978224,555.973919955789
1383352800000,198.52817803673923,301.3948285658322,1062.168529190167,116.42610536764953,650.0757235435376
1383353400000,165.41631498113202,309.53372532133045,549.1554196393113,112.56752416612905,428.4453464116461
1383354000000,141.30780325250637,339.1011508588582,513.4394278685112,119.7052716949181,628.8967362806193
1383354600000,183.71148538274207,416.40964640299336,484.7370841860731,109.83043453736428,395.1200452531857
1383355200000,161.74927963391212,291.79360619633326,554.7518183189252,107.53996659583404,391.0080019694178
1383355800000,133.47727207948674,248.07449978862152,527.9422296132338,112.0650702110856,429.8879327432323
1383356400000,157.6279796605073,254.75447484627233,498.94182288802244,105.89936738505762,524.6409967268376
1383357000000,145.8234681826377,257.2630857763723,446.8262133751604,101.381057251041,410.95601531757035
1383357600000,136.09992798418943,233.5314114201306,431.1417469442608,105.70190283065628,456.6137266592064
1383358200000,148.99534086310996,204.65442130736568,356.21743974573224,95.3680104307058,293.70455537990205
1383358800000,139.35437415492456,260.0347288439358,348.3432126993293,97.65384349108352,259.09405386573235
1383359400000,128.10012330278678,301.712723258302,271.80949830351796,97.14235468936792,273.3364840264792
1383360000000,147.59357312932,299.13333272825975,286.4006490922248,100.7295475140153,280.82008522063023
1383360600000,143.45059100549244,255.9982782474881,231.0649701737645,92.29674489280863,206.84562391572467
1383361200000,121.6387549982274,237.44712619374863,203.4572689147971,94.79659232524932,249.90082004426705
1383361800000,199.5880092512558,212.6101121400445,197.35545689362857,92.89135358619436,212.91773336687885
1383362400000,186.0715361631648,238.04728973990228,166.25960816127505,90.04638294191734,221.77926167175548
1383363000000,172.52636322385985,223.56295138503654,202.44403698159437,95.19555741087088,240.5608270420479
1383363600000,288.0573405954272,209.24824707362757,184.84290434658453,89.95279372766404,211.2709825306679
1383364200000,215.38378892516155,247.58023581027072,161.01282874715474,89.18650654834545,195.21070746723785
1383364800000,252.4069569566037,202.33458462025015,183.01081405427445,88.49428410004658,209.26850236564462
1383365400000,183.97689164755926,189.1031064970732,200.0312884801058,90.42279081486994,247.86286777896282
1383366000000,183.28823667189252,252.65743235707808,160.92120826122752,80.28643095641569,190.94634068325252
1383366600000,150.17800581462512,193.4155882783969,175.4639553783323,81.28852383687862,197.7348845751633
1383367200000,146.5261447998757,214.85656527241895,195.25710213265876,91.55250454951062,184.43251538046292
1383367800000,143.99265765510626,279.3764975587692,171.8655697968892,88.11791162986323,182.24025078491263
1383368400000,117.47194441228895,300.95054458139595,187.17187393859692,88.75357055990945,191.0385428787753
1383369000000,148.50221268032817,252.47047991392117,185.60011460951847,89.58513029252794,191.59198692320663
1383369600000,154.76052513533276,261.5953299566517,168.8279720286713,92.38250115151912,199.8741225180076
1383370200000,167.16602497221194,239.31726537143467,181.67214449457703,89.79034730930941,171.9576834270098
1383370800000,171.79857910574458,250.9650225252584,202.7203111879782,86.61322254899443,189.8674735374636
1383371400000,189.75456591872825,302.61257742613225,174.23513097010402,87.31299991965582,337.40722385477574
1383372000000,191.74099998587377,392.51850809673607,181.22978189240365,86.89167447209309,197.236746456654
1383372600000,178.83180042924505,247.24115162109464,196.09099734585163,89.90867885688189,311.2582487612826
1383373200000,166.29351041844282,357.1274884308721,173.1084639759279,101.09313934136628,203.341093957984
1383373800000,145.54856418834777,288.79361255166305,184.22050691924082,99.7909469533562,195.3107423603978
1383374400000,183.16137284056256,323.04486702517977,195.48919608627568,116.97413512629944,230.0851403709316
1383375000000,183.97903801133182,324.0693712146829,175.43367249872853,129.5513582003187,229.4353637164029
1383375600000,174.213804959282,370.14946684085163,256.8244125471428,116.48285180559441,225.8259097746676
1383376200000,178.212087052608,409.488253446536,239.9686042899044,116.35504562579015,225.89444257776208
1383376800000,189.96144382577552,386.0320638959217,218.18477884799702,105.05545648928282,332.52358994739996
1383377400000,279.8491507995362,452.6495521419594,224.66461424020437,102.57537738918587,307.6147923204251
1383378000000,237.53706147601537,425.9075803816927,219.3004702132073,125.1330959604896,239.9458516637711
1383378600000,263.7617219481926,448.1855810174945,215.5398328513181,130.57653769637386,276.25637451861775
1383379200000,329.21574562660896,522.6370039518831,223.699877824887,122.80346358812967,317.30858979803617
1383379800000,396.0712572770114,575.0144553856497,294.42855468590903,133.11861685869457,344.4860175212929
1383380400000,852.2458853075971,503.41937069435005,235.7947777883459,227.68887125829397,499.3538798636005
1383381000000,440.0682497636079,589.4028373759946,367.8341923570183,239.46697372708516,405.8577753163787
1383381600000,719.6840260741088,600.9142901930836,284.66097540689634,145.7593731418776,367.0552895282744
1383382200000,652.8582117442528,874.6079522585482,304.02058980331515,132.52505700269143,433.93239916038317
1383382800000,781.9808352643546,658.2692554745867,273.3512051826759,173.8673249584796,456.8289351957691
1383383400000,868.2851149022518,777.5874109220658,388.3522612312841,158.89768304269487,392.8257135882612
1383384000000,1118.428823713597,1074.4098706998939,371.53675651482655,163.370077807032,439.04021359235395
1383384600000,1233.6584832261412,1132.1568706847163,412.0058862990845,161.90661489831575,389.14689121032814
1383385200000,2228.1468135402038,1267.6085767718982,400.70878509648037,158.7362236577642,470.0347279284969
1383385800000,1978.5239513758738,1650.101240190871,461.27974498081363,195.23303292980393,489.52691632319574
1383386400000,1972.9511054827378,2001.4150858522678,434.10621409192413,137.36574568808348,465.8118386764639
1383387000000,2404.334498725826,1566.0499843157186,414.1169115661482,145.3056055000972,689.0599800297914
1383387600000,2215.5563258641228,1558.1188209756283,446.63315292159274,148.94181529301102,570.2763511178565
1383388200000,2565.3038793837936,1776.7358291659702,461.5873422354829,154.95995291621924,584.7909864780877
1383388800000,3273.935354748225,2036.1320231887405,484.70822271856673,155.89906603620577,703.316873712037
1383389400000,3813.401473800705,2022.8996851183622,502.9004374238512,178.37880350040655,542.9974080053536
1383390000000,3483.1327421608225,1938.4105476718007,545.5826189996504,161.48304386003616,642.0060858352144
1383390600000,3296.1573622413434,2020.1410067026977,495.7784065765822,168.52803995216902,559.6950413587238
1383391200000,3808.1340443203753,2281.755071205211,447.82729395698715,173.3223639927993,635.7836145933519
1383391800000,3674.6416125643987,2721.290534250419,516.986473168813,155.21754826040376,631.6396139671417
1383392400000,4698.478828314757,2427.0841642313057,461.1703841267534,135.23856711270082,626.637866980637
1383393000000,4791.585773639097,2148.1553957766137,468.403707684073,133.61466674566879,500.2147107646093
1383393600000,3831.045127230661,2233.9253621734806,516.7427395690382,119.18741296583896,534.2145840464326
1383394200000,4165.233437679031,1929.2877601809012,532.8360568273986,122.66863750809433,663.3637029288017
1383394800000,4648.005008734605,2135.5367544628393,516.2573228735057,116.16540917171473,638.5737313916227
1383395400000,5370.471122091215,2052.639127746188,623.5908333015007,126.92956905129856,544.4981940332252
1383396000000,4754.963851981827,2179.4243232053223,641.4889942104979,112.47041981815799,537.540580601371
1383396600000,8044.070569441476,2533.49889127393,647.5053605760129,115.29925174370243,622.3200920036307
1383397200000,4584.107564002568,2587.5682875005,603.3221381279709,123.12801291550923,601.4835606009249
1383397800000,4547.738926984952,2773.606631261368,615.6213691025067,136.41135249570914,596.8620913149497
1383398400000,5669.576507781157,2398.953013224715,641.3049935507036,143.64927447239583,666.7880294998464
1383399000000,4989.894163746774,2376.2657538402045,738.8482715731355,147.19771798624464,687.1772665913991
1383399600000,4966.207707671349,2359.798921283173,537.1511054155737,189.8016359456896,769.4373339766937
1383400200000,4615.3578176904975,2916.7842258962423,674.9621715736267,161.74796348165341,698.4649627970433
1383400800000,5385.147635206245,2311.2493904061953,573.644241431171,138.46427881832847,700.3260367001595
1383401400000,5358.934609220197,2825.8952043338427,608.5136640472914,138.57553845473183,680.3932856506356
1383402000000,5402.367752767592,2947.5049417480072,492.7873198137674,146.4854171466278,809.4556419488558
1383402600000,5517.307876041661,2289.2679985584577,576.2645943467979,162.49566071034386,705.4835797581233
1383403200000,4773.766390340817,2467.8504421185557,547.0039394194035,197.28084648023093,679.4265011173229
1383403800000,5342.808866060111,2491.8435349202955,547.9515038392973,124.15398903748412,661.4406023383629
1383404400000,5163.385537924869,2232.609534272515,677.8640485761573,184.09259861308834,858.2468818854528
1383405000000,5341.35337068261,2573.490146351634,504.47347716256576,166.232565601336,703.9987539734283
1383405600000,5764.281318611252,2537.3767166419534,601.8522068803579,147.4963490327968,609.6479236298621
1383406200000,5493.440038347161,2809.4463367127432,828.6707927674587,201.02344843142336,582.873403615685
1383406800000,5338.887388997127,2693.588554905249,856.1811657966979,134.3690106670692,616.0798191124564
1383407400000,5332.321445315934,2542.6923233305174,643.34169529563,135.29810861012868,673.497498400414
1383408000000,5176.32873534877,2222.201126234506,559.408901140122,153.41235255927802,588.8000902032892
1383408600000,4976.517486487463,2460.0410999337,483.989705273882,151.82491462470588,511.75621224887027
1383409200000,4890.354000352655,2761.272606478328,453.68004306353225,150.470044768557,585.0948553316997
1383409800000,5400.148700047877,2366.68934467766,399.2116989125933,188.3806325363268,611.5981249232821
1383410400000,4645.894611880307,2087.4570946483636,768.8274745695803,163.32013994353613,594.9151653323236
1383411000000,5158.738801143303,2190.7812499903152,653.1655609183399,143.55709979648773,646.973944135644
1383411600000,5575.569224290459,2400.2446776322827,400.3912441964628,159.08668750187954,719.7950976473345
1383412200000,4172.482931872142,1954.1613352034685,574.8440245808054,164.3036460249335,891.7794114588297
1383412800000,4605.8688575861315,2279.4659104854227,491.2632330673069,155.13006056307236,668.1126026588203
1383413400000,4813.236504217697,2518.1407761474065,831.1692566805955,164.84015610993652,823.7580633755844
1383414000000,4005.797529123041,2645.0806010641395,563.7557292788817,246.79555579143633,742.6107140402718
1383414600000,3622.973935480302,2146.807381686166,715.7206353995326,160.2342493254107,825.8427204576894
1383415200000,3803.415327823354,1805.7979275297823,634.8668158936337,191.71900893789726,808.1967013322853
1383415800000,3460.0878205316426,1751.1641227408988,419.10942176493734,184.49774617296154,848.3325489134785
1383416400000,3704.570081692846,1627.2307308757859,431.0609578097943,182.29973224743418,808.3447372584654
1383417000000,3607.1429686182105,1873.0353536990647,404.5345963599344,178.13104656163034,872.340533669697
1383417600000,3017.7129943415234,1413.401070249545,399.61570989324525,188.95151158869487,742.7449714089208
1383418200000,3249.0677296849617,1534.4699612309948,377.1707619808288,185.64436806950508,994.6836310649184
1383418800000,2733.3586482899045,1448.797944112617,336.79829213240504,205.48950682714639,906.7377417653859
1383419400000,2702.293539761402,1346.4188377382573,313.3124902025567,183.47433839465,830.5023259027182
1383420000000,2108.2964134465165,1108.1095192869784,348.18624128031684,162.0355441964242,871.9608076494108
1383420600000,1902.9460925991332,1262.1709729950683,360.84512149953827,189.8728188877183,910.5266101748659
1383421200000,1987.6290269310255,988.3496311478468,374.88686602348236,175.27496914187782,927.5666734274025
1383421800000,1673.3527847373828,975.3289442385192,364.0835721036367,148.3300683525193,998.9398237120521
1383422400000,1946.5259705825379,684.3339353843976,286.2895108898432,175.8339117809873,1000.2309080364698
1383423000000,1189.1097667326512,759.4920888555324,389.9057815093291,145.5555624386184,974.9797326659447
1383423600000,1618.3326254396718,726.3055168083055,504.2959061818036,180.83516193387212,978.883872306167
1383424200000,1628.329103095346,815.1784105462491,353.97806820442065,149.85566028776944,1090.6371476111592
1383424800000,1094.3888666395173,878.1094625602376,402.7269596075,160.43665171359217,1031.2428165205638
1383425400000,1547.7049301102606,899.0033601422397,403.2748878214239,153.9258717553728,1026.2212238874254
1383426000000,1402.465267242993,922.0663276283171,658.0877942953952,201.57282172184458,1153.7747565498887
1383426600000,1378.482706955348,774.0163087082524,355.4905741137934,177.26921523961695,1220.0987971876687
1383427200000,1215.7096583394261,871.3040832204788,367.41512208244916,156.7702992890255,1199.247009976547
1383427800000,1171.5893622299254,780.7660920048563,486.90792969457254,195.22802244120712,1180.9715823170873
1383428400000,1593.376398973634,1237.9288409807698,343.72296417274544,175.51595645314296,1314.3868085569945
1383429000000,870.7782643663738,1369.9319850005847,319.53087604301396,143.1128405354808,1007.0215752018377
1383429600000,848.3099819120939,676.2388996583002,282.4531657977196,155.34289011472566,1133.1058899884836
1383430200000,860.266813157288,668.5603284676647,302.8843043986987,192.8659536829533,1120.2290965270897
1383430800000,692.9862963830859,732.9800134601602,444.18693154179107,182.32801906175445,1141.1678554037594
1383431400000,764.5569766375606,659.1976076401888,294.8059453322368,173.37336914847313,1379.0446395830998
1383432000000,674.305447795718,707.8250605369241,323.17952309498105,187.34655164927193,1284.8564788270253
1383432600000,581.3174591110317,673.1364593952584,327.6407584965971,126.91083266053737,1120.6350292049501
1383433200000,424.96426451804376,501.0670262499465,387.4908378323863,149.97096697828613,1026.1386383092793
1383433800000,520.1394490693017,525.4590583855845,483.65613274291326,158.43473719893848,1060.9621168376964
1383434400000,681.0668952613692,515.7181192139637,653.9883269862265,141.62089434017233,1126.7204761011972
1383435000000,595.9181363022033,487.20647277448745,690.0105038106474,178.16417077753152,923.2835295868351
1383435600000,393.60384799586683,517.7047248147401,809.9395402485721,164.91245307273576,1014.6934835753998
1383436200000,481.6374381889803,454.5512880186348,839.3720111514888,152.63830434893086,864.9072062915699
1383436800000,706.9776314408124,434.5753889325344,953.0692932854469,181.0452128001393,933.0754577344516
1383437400000,503.7804687580806,504.03413412643425,992.0677648617057,172.87062366323,830.5721322059971
1383438000000,286.35228111337494,433.98013175670246,1125.7783339800524,153.1652327873904,645.771706493681
1383438600000,246.35281305191242,324.0371506828006,1050.652574852921,250.48335888670383,666.1169635585717
1383439200000,247.29766136167078,328.45882416767694,1378.0468040560077,165.98026028953515,658.405065798985
1383439800000,183.43556202114274,402.6781373085531,1245.27938325142,172.35238732047074,514.0496248332906
1383440400000,247.45800801023603,311.0213620437222,1284.7412104422394,167.6603719018717,561.5997420282952
1383441000000,247.15879829670158,301.60676177282664,1648.335799774805,152.3584304514435,527.0300233466558
1383441600000,604.864550431628,341.20862325316466,1570.8525752014987,154.5185183878831,481.7020027305338
1383442200000,178.28414136665967,267.5719366107235,1505.530933823886,168.6638470253333,403.0537932681648
1383442800000,185.0256491394593,360.92372302697663,1426.4331666613143,152.68050851446574,397.3867873520204
1383443400000,140.05986626909942,404.73305035809807,1305.6568492629026,142.1747865059714,366.2089112538369
1383444000000,199.0256329999035,294.1269305419607,1205.028322806883,160.56306651284507,332.10137621741455
1383444600000,232.2291718877587,295.7702013261438,1244.2731547951753,153.64269871879844,403.0860313183405
1383445200000,216.67759500611416,317.31122246734134,1130.1555584450302,141.85228809094383,328.5294439375852
1383445800000,171.48226920258264,241.85463123680083,1063.0912053629413,138.11003199552724,286.10087847127863
1383446400000,174.4119740768941,237.56517656941753,962.2624258058612,141.2521430827193,313.6003874439059
1383447000000,133.10413450313473,288.4394730664249,1062.4248317962483,137.39909723496103,271.3375598800981
1383447600000,164.00360459567756,225.40412037758313,974.9460831020749,136.9544416312106,269.10198932704134
1383448200000,196.991996107244,235.2044706811805,915.5664057318638,132.6081650768307,256.6137105200486
1383448800000,145.95729890706698,280.0224185298289,945.6928620719142,122.31549173271128,250.9762190235297
1383449400000,183.61461918415375,226.05040408882516,720.7183660507009,128.6949458401818,242.00841627740053
1383450000000,149.65778291505444,247.01995953165115,663.3852511820671,116.82861365303413,266.83768690589693
1383450600000,127.8009328793246,263.8259591991902,456.51275670917903,123.57646441370936,253.7046072275073
1383451200000,143.80553017756537,211.01827520843847,562.2047976087487,125.06671117082797,239.1640459175515
1383451800000,158.6857243613117,245.7509965538331,247.99317332126668,113.14374945372194,221.5174523960998
1383452400000,118.6539904647531,434.58274392895294,206.7988101736728,111.89050784046032,206.33400208770223
1383453000000,157.88054280465994,217.0071316744823,187.1393149947948,113.90644694650646,219.33482180322156
1383453600000,177.6192330114111,238.57852760839125,168.54040279846248,116.58248766408968,211.97112618396025
1383454200000,123.7402633601274,263.14973595360806,164.56118664907166,108.24938336375568,219.0234042049473
1383454800000,178.10054385432952,222.30118113617556,162.69960688089822,110.59537851806904,222.94416517692144
1383455400000,166.04265506274314,211.28908365041673,151.53515414207178,116.29054812570257,216.46501760199797
1383456000000,128.41085612908142,271.9634567214494,135.6275799532524,96.76384199821912,184.13926358663468
1383456600000,192.32262253932484,233.71288295484405,149.13750192589427,97.78314346499585,192.4679294537084
1383457200000,172.41178859084275,241.2391379644925,141.19193099530918,90.94608028114791,202.59970364403395
1383457800000,152.8529504716511,271.8534909235417,137.2009554500414,101.3827025445182,209.5721241222552
1383458400000,191.45726309230648,214.1653956238322,171.3144416402892,100.17104395218055,211.4020524406395
1383459000000,195.3949074651671,317.6742458164877,135.64209243052795,98.05948759543942,202.28134855311868
1383459600000,160.05907185069296,273.934558964102,153.07656073360505,99.35465207589866,181.80459020138753
1383460200000,251.55473571804387,227.35592103946388,144.36579934870377,96.84710430864564,179.60531440124944
1383460800000,209.77280703576005,258.32919783411404,149.67674256317727,95.93254437399172,208.97078961283916
1383461400000,162.3426041296521,289.6044646078621,154.33581100527817,94.45427960213584,172.5306166126257
1383462000000,212.5567242142153,256.40121791847776,155.93127375776243,93.04109632363696,205.9172789651184
1383462600000,231.76978543396893,357.19457817812923,148.74741908676378,97.3542818400204,214.8912605278588
1383463200000,180.64034084758202,301.74538135352657,149.12081364576787,103.38118942098097,221.51164097974956
1383463800000,212.6883248522149,451.10934641306426,161.5638101851075,106.6381816059676,225.7019474971502
1383464400000,233.3608344402858,358.2774547555435,169.2276735094856,99.85608632693136,245.71392212149973
1383465000000,473.4108866753865,316.088441850458,217.20277428157584,106.59425325808832,227.56212944039683
1383465600000,277.5824536566499,380.41693141000565,225.3117598961259,134.53463942848535,365.94746613331563
1383466200000,268.75390584346206,404.70138877366855,457.9026805231721,115.13850123141499,340.95198403885416
1383466800000,259.78412452713815,503.7049246542172,430.25523393750944,132.2574532048628,269.996612486259
1383467400000,342.7649601098305,798.302384439346,457.0327387369813,133.3938370912681,332.29211658441903
1383468000000,713.2872453001731,555.7099488701664,200.94652887862176,116.65032303250828,355.9576227645057
1383468600000,420.64959679655135,662.9048909653992,213.99856895763452,143.0169848235838,323.9849514044779
1383469200000,461.09927731630324,594.3444676726826,259.04565335993254,141.08881128696072,326.01319595516316
1383469800000,530.711334367215,772.2942967045238,261.7744159682795,123.1344629825532,324.84424872771984
1383470400000,960.3457717894413,3344.0647992252666,313.751378691133,122.6240334249667,289.58567543607467
1383471000000,697.8582487530757,973.0160314883377,276.4112038099276,171.6575160251239,448.5821752733825
1383471600000,820.7865415924929,751.398330927777,272.9768625149896,131.70651520626504,418.12654503230607
1383472200000,932.827929209247,939.1151295510634,334.3355818740994,190.08654934406732,483.7332516196181
1383472800000,1033.029521156232,759.9735446317301,247.2207108460161,132.8088446458204,496.77376170222414
1383473400000,1312.8006348599235,778.6872560862901,391.4215823947145,191.91054353429385,444.8575010970476
1383474000000,1601.3823754546788,854.2708569955983,909.9458670979635,156.766474212675,649.0665780942687
1383474600000,1852.5513261107717,926.6025400934532,315.33253858838833,134.13451193341575,791.2450383193313
1383475200000,2090.3450610832997,1549.9432168107387,297.8878874540618,147.45078066267777,630.4307563963596
1383475800000,2313.3487912168507,1600.6579382458783,348.28462781898986,182.08823080126223,513.980921890383
1383476400000,2085.5988612660576,1236.4217912886072,318.569252355116,141.04334128944424,467.6970133488773
1383477000000,1968.0083048537501,1194.9205419948212,330.35139608866876,149.81613136854784,504.2128170493006
1383477600000,2257.217092611992,1492.0776924249028,284.0403940301307,146.47409829192324,491.74330556355113
1383478200000,2456.9465586516567,1404.189947982521,297.97730249840004,159.47776089819334,559.6261780113417
1383478800000,2479.592381346765,1337.8902679612531,295.09655679547024,156.2226832773594,410.5508283352748
1383479400000,2730.4012549101,1480.9738998737944,352.27740461067395,163.255494388839,462.4556156172979
1383480000000,3109.979483113484,1329.7479559832523,414.89046122498024,180.96805828777372,475.5043496733098
1383480600000,3129.103121109836,1363.1524657086509,329.5972549673012,171.8924154586178,491.4444157383125
1383481200000,2793.782516729992,1476.5770342540789,331.5372464706632,174.92577731949126,595.5429123355113
1383481800000,2523.586762646603,1801.6735267532217,404.107976809895,143.68293122810363,456.9430054786853
1383482400000,2822.498260294946,1659.9253818281475,357.7510445624058,150.5938427666659,573.7683792636077
1383483000000,2557.136702521807,1537.1617267880092,448.1365954893788,160.74026299455488,599.337689748681
1383483600000,3297.9169325192934,1337.9198869645402,442.2801248795333,160.22312960639786,604.6346405030691
1383484200000,3068.2689446943236,1609.2237797187038,360.94287423459195,163.84428317423482,799.1413784855664
1383484800000,3314.3147269935416,1940.3261122524011,437.8321229454475,178.8636592514729,608.8903920378796
1383485400000,4450.647645540405,2005.410025927655,443.5564657443136,193.47982750392808,547.7825656323176
1383486000000,3503.3324465664546,1913.8974145838374,389.1740430890574,174.79697055991605,612.0248125927101
1383486600000,3710.735456695978,1655.9725040884646,359.256914110917,180.0906196637484,655.0181338625388
1383487200000,4601.138926567771,1736.8617512432404,355.97079406490764,176.1992679557725,759.6472038888703
1383487800000,3621.219522200112,2174.1515575153285,333.0672874866642,159.6019236214512,860.7951338016293
1383488400000,2964.125462669376,1988.3288688436141,314.39450730344697,149.51595496785376,675.519457971283
1383489000000,3496.4807695265627,1917.4006391624132,376.9226203349509,166.03886040928086,670.2734757322254
1383489600000,3665.153656916412,2162.27463125853,400.5851939219571,136.24293399122897,643.8468892051968
1383490200000,3622.5392411253115,1762.1555181835627,384.65363081147564,190.8948280958959,744.9142353504185
1383490800000,3996.081683317007,1808.8172936844649,403.24248344440804,204.98311578490464,651.4072330356794
1383491400000,3753.0214035409776,1839.07015143674,365.4022353315176,167.92822137403633,594.8340310441316
1383492000000,3634.7719890813687,1920.8786807832355,385.903441000573,149.47506609638984,504.7258359261235
1383492600000,4895.724958869756,1988.6621246717482,563.0522151344269,246.94298329189476,599.6978941765246
1383493200000,3923.03257432404,2069.3847669978945,404.31373074684376,165.88988599041568,558.599235317361
1383493800000,3919.2363694741007,1876.494919243477,413.62582167244364,177.96413015433302,537.726680134131
1383494400000,4008.08175744126,2052.5096427518065,493.8237261217668,196.77544906730384,584.1610566295502
1383495000000,4469.530588377407,2147.4097215006273,478.3165968884924,176.95644135514866,603.9305008785154
1383495600000,3857.176440227377,1831.3752775461105,407.1162835230586,185.6891254345836,559.5771116335125
1383496200000,3907.614329892751,1705.1059826352046,446.7089165201324,175.7641069725852,610.3975889132456
1383496800000,4163.358019240461,1795.5120008604335,405.06091561988626,176.20473578390653,664.3767110656074
1383497400000,3427.4505551391667,2041.1394816068369,391.815992560246,179.74863875769353,841.624842376319
1383498000000,3717.4805179796585,1930.7201613715974,389.98463741579326,214.10098427439294,524.823011276747
1383498600000,3949.079716785442,1931.9606828685612,359.27747913228535,177.4946628926433,610.57094811288
1383499200000,3861.127307480065,1958.742439695527,362.32511178259847,217.03914168099976,715.2263114891972
1383499800000,3430.6808414020106,1928.9976462379043,447.690818826218,198.9427634276233,720.5719243651804
1383500400000,3516.2053469572816,1715.3023119411398,393.9550326545329,193.61800784332544,910.723758144123
1383501000000,3183.0274489429667,1476.0787279942354,418.96781208937495,181.43570482306401,653.8407155648028
1383501600000,3209.656499675315,1625.9651371247019,380.96180395710326,201.19288390551628,828.6315843860422
1383502200000,2963.9329530087716,1533.5743667002105,326.08297860104165,180.99223227567845,717.795204583895
1383502800000,2317.84144641114,1197.9648646109554,401.8462334531716,195.68935195252377,792.0959144087193
1383503400000,2458.3790425183365,1159.860610887015,447.3685071759575,193.65592866537915,652.8578266094308
1383504000000,2189.0731142063078,1102.896419083099,343.2913183618401,220.36495195088952,705.7906870664406
1383504600000,2035.0841075835883,1253.5173540569235,305.82364295534427,185.3581221593066,863.599740082445
1383505200000,1825.858084002995,988.5872951448773,332.1595301894808,214.74390529296912,829.4045407666656
1383505800000,1706.446894530566,839.5255884466744,340.5719578246567,232.42157731728238,690.356017421537
1383506400000,1772.778939811702,887.0124591407383,319.95090897355436,187.4433575796216,898.3192494038718
1383507000000,1624.7126325214185,999.2878181534917,362.49959850096343,205.63119867845558,857.8765460159632
1383507600000,1218.6226757155885,714.113530905617,288.3663062654135,221.31379390872343,831.0151377836395
1383508200000,1139.3282181608895,716.7153498808335,249.6150327600163,261.4491167115549,901.3044982208927
1383508800000,919.6288524459424,810.776324929482,308.71728573452594,204.3039653086184,901.6946971221961
1383509400000,898.0172838154106,639.9611176113241,447.15164522486714,219.3038853070185,922.2390420758828
1383510000000,974.4675346992622,768.3436161381635,336.84042755382205,220.35052336176588,971.3795984082599
1383510600000,963.1223855106858,592.1685301109471,325.5364482524821,353.0041970045111,996.907408645692
1383511200000,1320.8455663328646,936.8931250930873,300.13120296227214,282.13674074716056,972.9602062825128
1383511800000,1798.2066999932838,625.756231566557,318.2206987392862,204.81293919902936,1091.7792987188632
1383512400000,1295.115353078686,601.2442056775959,287.23956580081375,204.04840455925353,1159.4830394922953
1383513000000,1661.5885941483875,641.3908241071183,329.86391634330505,234.2935155704104,829.2466172507148
1383513600000,1145.9376917900229,799.0270924824965,293.77496368390183,183.7817453645952,1019.9218148341661
1383514200000,1107.6380159098499,689.334513410598,309.39831720297883,226.3438370794201,1155.2271882844923
1383514800000,741.0633134876927,787.7090649599502,353.537099945385,234.47255439351792,790.0768161570709
1383515400000,488.65478527332806,546.1073463767252,281.5036780685477,189.83936936537805,688.4383110106336
1383516000000,657.4876528814808,436.2261854068921,330.63681230043846,196.80778837493895,730.2052428731748
1383516600000,514.4264328751173,570.7201974518885,305.0571589344091,205.1181154622305,699.8408588911433
1383517200000,476.5794889911082,733.2138345272672,212.2052619958851,227.9595326458545,593.1536961050869
1383517800000,494.46407522085286,479.80233512785657,262.9860860578205,228.911438437934,597.1803001414447
1383518400000,353.9060851489077,397.2076135163307,234.5278974266487,185.03364470353785,686.3452099787551
1383519000000,535.8968604172405,461.72863311088463,180.48134328861252,164.79441062081517,539.688645193892
1383519600000,416.8061711587535,538.0292691250521,196.45769475933395,200.00068583308408,570.9202827453032
1383520200000,362.24911365780497,504.9442072082275,204.05183638774565,163.94667049067522,537.1141877798453
1383520800000,291.75197226399905,328.837221847334,232.01331248525824,172.96352541275596,522.1228651516835
1383521400000,325.9282963638646,306.10700729665155,239.4409976678778,191.3249234166932,472.5475770516244
1383522000000,231.07690287219197,601.0901231844819,222.18912743684433,173.43068319687544,495.27959235804474
1383522600000,225.4079208777115,305.5303540719678,175.0797117999388,163.72664902005866,492.8297084735366
1383523200000,256.82780651804603,245.0476203006801,192.24353183170118,151.50751023666567,483.0829710357471
1383523800000,217.55632375201395,253.86886237462056,213.91568652027854,173.59183434166422,404.85898684931146
1383524400000,185.21931500440914,262.7203938910848,179.91335923494458,149.70765238819033,436.63422420156905
1383525000000,225.5495144967846,209.28310869152972,208.71009271871452,154.45563855770894,397.86596088895385
1383525600000,376.76948524661145,256.5456732329275,180.6595152000498,146.69982756321735,448.1913043885768
1383526200000,153.9402037970996,233.9214078536207,162.8016996912488,146.12079699935663,379.25616156863606
1383526800000,201.85149474954454,201.08096453106677,185.4365317218451,147.67742100763033,351.494843320353
1383527400000,194.18033157129426,241.9720786771118,166.05647698820877,141.66174506689813,350.22733080090853
1383528000000,152.16160345681766,242.881811163443,160.09835457684164,144.201061740409,310.0211231505402
1383528600000,194.01138931359677,202.97351052229445,212.99108280008068,129.08842955975604,346.7313695009154
1383529200000,182.44773805526253,211.04543789149173,169.7512932693739,136.44135678101804,327.9291986484866
1383529800000,154.64215849865022,240.27669280817997,144.1980032305552,127.66843847561552,307.9657398813118
1383530400000,187.04897766062723,204.6113737966741,162.68253781467075,126.18671880614502,287.763185294432
1383531000000,176.35113450361683,214.59087387581658,161.74581266607026,134.19356444076826,278.61449731992604
1383531600000,151.27951047011487,215.36945555204943,164.58134039338108,134.953653765204,274.9727554915761
1383532200000,190.882051252138,206.35848793656464,176.8013903913447,132.51963206016333,289.86324769445946
1383532800000,183.2777147565327,214.8470330862981,161.1929000553337,147.23923296154533,300.86679714462366
1383533400000,150.39491143667533,219.30836682930578,141.99783629899224,162.89194637823334,262.0301354723423
1383534000000,182.60226022329488,195.03625430870056,176.1402949828255,129.5616671955604,264.11584491879137
1383534600000,171.80192134846797,209.80561062077277,165.0432767449336,128.46683376449383,254.65016204608207
1383535200000,158.29597731290153,223.05696016475065,140.73267059966022,132.98696064796516,237.23638794026928
1383535800000,196.2414418151807,226.7855859762892,156.33494750330402,118.86363735937856,259.61782308606394
1383536400000,175.63349055959932,226.6914675737202,156.52119977271894,120.77556784874275,261.7789161358362
1383537000000,147.73776872308574,259.4070274375034,136.1478804256176,124.60049207425644,228.54189375399545
1383537600000,186.87648617505076,221.93744970888963,156.54226438624931,119.16879764622728,242.48485969345612
1383538200000,195.12633313640904,233.06465256705388,166.12265857356422,121.55251529904032,235.8982844803548
1383538800000,170.66034334788262,229.3230700737411,134.49051265652486,126.22832125590732,227.71853676387667
1383539400000,198.45399145208785,214.92218063699576,157.3304522192617,124.36162542498266,243.17410557923085
1383540000000,179.52138496299716,212.5978744593862,183.14552995506313,123.77181811394168,230.48341698122078
1383540600000,143.909448996058,251.61930872981753,136.74171392842175,128.87484379989294,224.4441936883519
1383541200000,211.67468573927317,218.66951302557143,176.4278526996158,136.63545535916316,241.55242118413355
1383541800000,183.63060354186626,235.50855080199878,158.5677295593987,123.9735138680054,250.1017363587327
1383542400000,156.77697498823767,268.1383234603125,141.36013726331078,139.74677773815336,227.5999079345284
1383543000000,198.20055899967244,253.34499757172637,177.496142106189,148.62020138057696,250.8851461494242
1383543600000,236.30570742464045,267.7717892146477,187.578319618086,143.30975392995353,224.30647997405345
1383544200000,171.0338062613341,302.6110414109025,196.13914689842377,153.45042982431465,260.77957598852566
1383544800000,280.1216787820518,266.80536220365485,258.5109218927357,176.43586073418467,259.6314910755593
1383545400000,268.9634977333783,395.52344669409183,271.40297300961964,183.72351258086388,300.3098112217192
1383546000000,231.497166394385,365.1241332452792,236.78679739077361,197.7942195134416,316.64452092129534
1383546600000,365.0695163313793,473.45971432637424,313.13739266397727,218.18506864087223,344.45973831136104
1383547200000,351.35101717609405,459.6307015779116,404.78119492457415,231.42332869086368,394.9655161918142
1383547800000,305.57193404005557,633.5351786034407,427.50717155433466,267.3203075540493,427.48341735820617
1383548400000,474.3227593529067,818.0876201987779,554.6989566509282,383.3658003578931,377.33392373193533
1383549000000,597.4192227053152,1153.9669969196786,642.2933700794346,284.88012665987304,444.53120274045966
1383549600000,483.6114328702661,1124.9833678403897,874.5842900329493,421.24195838804803,459.4881424885427
1383550200000,613.1345320290624,1069.6371322342748,1054.8277092024553,527.9313666589641,513.3558540119307
1383550800000,626.9923966047925,1416.180033542745,1205.993121921744,431.23536811839017,545.4658619506573
1383551400000,755.3697538252205,1535.242347051727,1507.5045208755043,469.53612884381994,537.8870943237996
1383552000000,912.8480506338503,1251.1701936875993,1798.838010877299,482.5811651146,432.05054963531745
1383552600000,812.4417903814015,1453.9602784992585,2104.5631642840294,339.6300747661137,434.3841706562207
1383553200000,940.132687731051,1441.0195400647979,2062.471999792743,426.06488248919993,563.3054783574561
1383553800000,899.1831925957392,1449.670028390667,2098.589305435312,438.3666947794592,537.8581174443635
1383554400000,925.488029526347,1755.9138123977673,2311.273047532094,417.0982893143593,550.9960894585993
1383555000000,979.4060859335206,1485.7417800594558,2605.491111188239,456.5792768191616,661.2979768174254
1383555600000,1046.6845121242056,1626.3528440317555,2595.338404205369,459.3069838596377,518.5371304389306
1383556200000,1387.072951686987,1694.76298324821,2567.114555834474,501.23809661375947,514.3718664871357
1383556800000,1347.931859889074,1926.4952924392142,2628.080965653427,585.0346077626988,469.38349465327485
1383557400000,1290.004393051391,1739.1227508145348,2880.228794734581,542.6958678875776,509.17492790998796
1383558000000,1435.9699727445657,1941.7604759907647,2860.3672005434796,472.596700199043,570.9079652131808
1383558600000,1425.0753835968856,1849.55500687069,3143.4620865385136,528.8368135800675,501.1528371417812
1383559200000,1736.4284734988328,2425.622627518038,2822.7179621852038,534.0040091458476,693.7906782588639
1383559800000,1545.1697906986872,2126.6680049592114,2889.070975291104,495.0822214985963,656.5575850137878
1383560400000,1632.3801538164812,2636.6205973319607,2834.0675113171874,492.7061652598222,474.2736142796803
1383561000000,1764.2369500542206,2662.6763513156548,2902.008371687104,528.2993464768764,398.9124599458538
1383561600000,1798.989495698684,2804.4608402115064,2938.7261420678374,479.1961309007319,460.69393939427454
1383562200000,1685.4161665636548,2124.5222698687653,3141.298944925788,527.8936819894012,532.523740530027
1383562800000,1959.2864147123466,2361.114768121323,2784.593196699346,640.2912600120477,429.213681428818
1383563400000,2030.4095607766817,2368.0448725463684,3305.6095679279147,592.3666744952086,462.70601670588127
1383564000000,2039.2530904950804,2787.0607311552585,3475.4074584833465,703.8279421581494,523.9572945301452
1383564600000,2401.913916207246,2314.6064879082446,3878.140235026465,696.0407122231368,421.3647938604864
1383565200000,1885.846118012204,2051.556893362753,3243.644499544391,624.524537348434,451.0075974787009
1383565800000,2115.95063681448,2241.077844549099,3626.241537451809,619.5477597320895,466.4675037045315
1383566400000,2866.4311610629024,2721.797714886771,3709.611440152223,663.0654715683916,515.3684732684417
1383567000000,2360.406835334059,2645.7917046194057,3455.7222423179524,598.1290542010369,572.5491148740699
1383567600000,2459.8825469608196,3287.8513664493585,3818.4646740900193,683.8503045616475,491.9750487393382
1383568200000,2819.6449329837474,2951.7876200658557,3533.2682370372804,630.3454246028209,516.661763154129
1383568800000,3109.359555017121,3070.7718005326983,3574.8136839192316,594.3654688820066,563.1137213226077
1383569400000,2755.8278919292375,2618.4197382411876,3999.3706174782465,743.3166920374535,505.2086781351575
1383570000000,3241.9545945030854,2550.779691572836,3583.9603297316035,762.2280238581877,572.0526111657936
1383570600000,2881.505682276599,2600.992033195267,3603.215306514805,668.4058935319625,538.8033178432579
1383571200000,2353.4898739282216,2573.2178531020927,3653.7038566460465,678.1585292727104,542.1512205011517
1383571800000,2891.475002492748,2777.979759694824,3359.4592352405975,644.9909771806747,547.5932862907215
1383572400000,2564.8961160407994,2518.7499289720827,3353.632325875984,603.9824263762845,491.15397426756215
1383573000000,2308.1915718583277,2401.4543721339405,3342.4273437926618,575.5776461106242,529.2616976014441
1383573600000,3062.4870536864587,2965.774039000681,3513.8579951257007,595.6998124338718,534.0666521979606
1383574200000,2655.7905542505264,2513.8586885762606,3617.234522741351,598.2023617157422,493.971229784376
1383574800000,3180.0373585560797,2583.6592365896627,3511.6914259802793,620.8681810571428,470.3391148513905
1383575400000,2731.446609168635,2379.0607147908026,3303.605203491717,528.8659935192761,510.0659853152245
1383576000000,3104.418826892188,2276.866427284508,3159.312632859156,509.62514673780527,530.2207827209593
1383576600000,2556.1233686213154,2133.834939037633,3632.0367339395616,571.143014482512,560.8538940004944
1383577200000,3011.5141664993857,2399.560786663634,3065.1166384522953,613.1434026002325,493.3654440513216
1383577800000,2394.6396687842903,2242.8703218918668,2869.134799319249,707.6839732463708,560.7322239767739
1383578400000,3255.646713866244,2217.46063703295,3036.4532983498693,570.5777306934236,631.674943048244
1383579000000,2377.282659211458,2669.4525016371895,2716.509922052657,566.7175402494496,552.0091940232714
1383579600000,2103.0438232906226,2568.6604891500683,2851.318494245611,505.53756076444506,543.3527363230583
1383580200000,2179.4211994531042,3151.760217613143,3069.848882497318,479.4853091571854,631.1801539524752
1383580800000,2517.8852708828363,2308.8709259082743,2704.641234772921,521.2384955398016,540.0059001695624
1383581400000,2475.3795656271413,2910.8959783722466,3481.674650209847,491.45090361132293,543.948626816385
1383582000000,2274.0917954840565,2266.7288843472234,3389.3117600997743,474.4564303091293,568.7182269878484
1383582600000,2392.110212465288,2614.4339318274874,2739.5393102263065,516.8742729521568,548.3742195477494
1383583200000,2351.158688316256,2145.2257293025523,2813.931562107398,567.3686123634424,604.4461328179683
1383583800000,2147.672261475945,2079.0797963920477,3083.4530817530076,523.1268304031352,616.0870676787072
1383584400000,2162.083081128938,2126.1400841938403,2693.789281615961,488.1342472897185,751.6900704344382
1383585000000,2027.671290028356,1854.506091597342,2822.6740132140276,851.0514631431606,584.219196754058
1383585600000,2480.315483389348,1955.2987458320208,2745.5086103454264,516.0998554520546,747.2812464588344
1383586200000,3408.6340895698895,1798.1394797338614,2579.0794142745413,422.8407176741771,931.9111926019409
1383586800000,1993.5709336003438,2134.918745190621,2611.265096538425,444.83182810220893,665.1347465868173
1383587400000,2131.8431024584497,2154.3891532763823,2249.287965838697,499.8380520658942,850.7951545864584
1383588000000,2136.749672305194,2070.7380683401057,2210.435835683247,505.1279660385509,722.5924966225879
1383588600000,1592.6692085803793,2359.5029361856655,1997.602251697868,633.8589740058143,575.5448300817393
1383589200000,1638.1287169479394,1567.0939650273165,1741.325504016956,464.27813571261674,605.6844711975289
1383589800000,1614.3597691387251,1951.9945242458743,1677.9213819071433,388.2386052438998,797.380193211305
1383590400000,1980.3520195609958,1698.958578333179,1647.453812693754,362.57577305528537,779.4352712801967
1383591000000,1388.1441221401196,1576.5986095610845,1643.4005563217202,421.26210665239364,801.2943212738795
1383591600000,1318.9363621177924,1283.0183465370467,1455.8890970863326,414.2975232504179,837.6924650618975
1383592200000,1252.4990756809793,1241.8820291368781,1370.5707025385227,358.4215080948543,709.0777389498567
1383592800000,1504.1176487289206,1047.8975773440934,1265.3802647055657,270.3681111568442,721.2496514959627
1383593400000,1448.1388498330782,1271.8736673081817,1067.170240053873,318.4114486161129,793.9173554311449
1383594000000,1237.7542229795836,1498.4085395338504,1159.416343705266,276.51584454150594,779.4286318805849
1383594600000,1345.4756061594705,1015.6690970866989,1156.88251111839,337.7120688520822,737.9071079381994
1383595200000,1003.5634660260106,945.6035428482136,1174.5051348318498,417.6610993020376,864.8714968297413
1383595800000,1028.4019485882513,1245.0082193380867,1200.5776965277691,308.96557600394135,786.9506791475395
1383596400000,1053.0249818284167,1078.113131849459,1212.8924894703728,240.640323479393,904.9337252566725
1383597000000,858.1692313757011,1137.2999445393853,1126.4826617783665,342.6898986546551,755.1827835442723
1383597600000,1068.6102106787346,988.9511507222012,990.9835096343606,314.84751790568293,979.1908083150415
1383598200000,863.0050387942675,1366.6512176274994,820.5373332521112,386.51811225725515,960.9138644631112
1383598800000,759.3199671383276,792.4980255671198,920.1825170158725,348.469705950088,860.3916039454865
1383599400000,701.4949963026929,917.6868656376994,795.5847813627025,325.03047082450377,743.8287645014027
1383600000000,625.1568783797055,874.7287399967622,793.5420230703205,278.9046535541301,866.3482460649238
1383600600000,627.2700293347308,852.727478624009,1155.0348681059734,297.31017780104156,843.6987989513543
1383601200000,547.3839813935217,722.372778788088,759.9921150029807,333.9998376309404,832.7425384494928
1383601800000,502.81146045352324,865.5800245177069,758.9905506018472,306.9815620240187,679.1582724183073
1383602400000,477.46766156969966,725.8878837079836,617.0513881414188,283.0398302299232,586.6914635502294
1383603000000,507.28894421281285,650.3643575173239,765.715114232989,230.5452794074503,643.1816801121113
1383603600000,444.79749478449475,893.0126323414878,618.1869739844417,241.23695384081995,551.7034881683545
1383604200000,456.318915583592,991.0258512576223,574.2936217745842,277.81435384746516,582.556549651163
1383604800000,353.6080641265796,705.8977015498782,723.1869056725416,238.39340992087241,561.481778692237
1383605400000,386.58643042741295,663.2891017772458,659.8111739550324,238.72285119993055,538.976625120685
1383606000000,331.48800712092145,686.1350003233401,648.0419797567255,207.49418597987264,501.5828337329649
1383606600000,377.41967284613696,620.557826446098,721.1426594814847,201.09172022004762,512.5153511304514
1383607200000,392.4629329558207,613.6264144649164,818.5681104020991,192.69548079313114,480.9055037511095
1383607800000,317.24616801161835,475.5404145163724,444.2298127158035,215.41267110644057,526.3264581181496
1383608400000,259.73030164993037,407.8049594128132,473.010506123735,160.99560010440888,432.93200664872893
1383609000000,246.07923622992078,421.4211072318722,478.5936448652432,165.63309922453263,472.62092847861817
1383609600000,276.29775340634734,370.0308147289445,401.1675591281969,176.49175470114494,466.1937378067612
1383610200000,253.56109337603186,348.104767073401,465.4997717283653,155.02510245951618,449.4122497797751
1383610800000,209.066446138644,411.59983790352976,417.2327017549992,143.60737797626564,521.4155000527751
1383611400000,211.88385266507393,473.6513451555596,366.94308694145985,158.78154451683554,602.1290812067248
1383612000000,230.03862795802232,363.6977036790223,382.7305281127671,146.05715534975843,340.2877677382196
1383612600000,236.58414413043403,470.24376585757454,415.5867930673234,143.97032423974545,346.4712379817936
1383613200000,219.0986234526268,523.7609303247434,404.1492748554304,149.1742428994201,302.3252841474939
1383613800000,205.95491190444739,304.79457858722145,380.9101021753568,144.89600347425826,296.18331855650666
1383614400000,163.11825530243536,335.29294679082625,388.8870302676694,130.89310255925193,280.04616316807517
1383615000000,185.03091127177063,314.92342158693407,377.1070051879029,141.03330113708677,252.63776717065332
1383615600000,186.5989142107367,310.25939481237543,407.09944997416846,137.18209639025997,266.28030970722364
1383616200000,165.18272894996915,323.79493638301045,421.29265233994596,134.7731463169525,262.55350043643955
1383616800000,177.56500566979292,317.93441638222487,426.1894269792089,143.93423665192597,269.7608255881945
1383617400000,166.03579930202025,364.5082581258298,385.40920343179226,128.6938929238269,247.4656240622247
1383618000000,168.65090459982645,356.79084218157675,398.1952248590701,121.9642271884248,231.9820213233313
1383618600000,195.0047369856122,364.29963116819295,362.80768678530563,148.09070453397962,330.2654663428668
1383619200000,185.85889807399442,342.15675549433143,362.595742861958,124.54468855251905,216.9947315225196
1383619800000,162.20941503567292,387.2478934141662,372.66132543453926,121.03723459535928,223.2661868543992
1383620400000,190.50972105490357,386.85089377564316,369.06673377013846,134.76687774634928,220.45863905220412
1383621000000,184.32270037164176,515.7519328046287,369.234786038475,118.26775942034885,214.37201624311243
1383621600000,175.76337895551603,427.9666759008854,378.19720169165436,121.85186249403613,207.89757347892623
1383622200000,193.21041587240862,314.8260043226014,342.55485085740537,136.82386180175686,224.39811750886756
1383622800000,181.834522530475,333.7094734660362,368.6001689059784,120.48938952002611,204.45760631406463
1383623400000,176.36313645934177,333.17110275329924,384.07748475684906,125.86822903828642,206.81180569646972
1383624000000,206.07947130494267,362.4190904040025,362.458180347597,139.35817933084698,204.32485540243255
1383624600000,185.78725535849057,327.45249083119734,371.5938906420725,132.80034731201232,211.21269938698148
1383625200000,169.2993653611511,322.8864005035193,361.940261263197,120.84960966525573,194.37695779841727
1383625800000,184.83440658636738,382.2984859479773,384.4673680393318,139.06038203992233,206.6041491498108
1383626400000,186.95767893110488,375.3511798848116,371.9489003823261,304.20022545026615,211.59366529672067
1383627000000,173.23690775010414,372.71325700549284,350.70512756208103,161.47588081419184,204.28859750548725
1383627600000,207.56897332574977,376.53580230692336,362.0066463938455,146.8934834002858,219.03242695548315
1383628200000,211.81393317148235,378.937114175214,489.9911853065044,137.06723419384215,220.65126741665577
1383628800000,201.59056295539148,409.33720426468165,380.9264636153782,140.91834017634199,226.5473937106181
1383629400000,242.4815076783535,400.48440268588024,424.78066617411827,157.81391058445902,228.4027331544575
1383630000000,280.1130244780095,455.33731639030464,388.36976155240984,159.48073326857508,278.6275399172314
1383630600000,250.68408239131594,455.7836535836161,465.77072324432976,159.17072434485314,253.8299426782021
1383631200000,267.545209714903,494.83782528190403,495.7248269456961,217.18982654908436,325.10491894650414
1383631800000,250.66577004797088,482.1828509550383,478.74003722524026,184.39588558548505,341.1243645860915
1383632400000,334.38551177410983,589.1500544114805,511.13231405416275,241.60108720759595,313.8193958508708
1383633000000,490.120965373905,653.4843240144587,579.146444899884,241.13053425804637,352.95263121908624
1383633600000,402.98522871688675,719.5984168969455,730.9737319972281,244.47376421938665,475.7957644657183
1383634200000,430.3460533727934,1065.8949984887433,696.5063936276724,313.4290032624419,444.4252361275751
1383634800000,552.0560332813933,1100.966733328365,818.1614879899447,337.50175790293696,499.8892719166326
1383635400000,488.27379306786025,1180.3426488159414,1317.2056244739722,296.14359775384,521.2887100670401
1383636000000,530.7823485888033,1461.7209779577202,1524.3397460051528,293.33338773263586,493.73378460057046
1383636600000,627.5331443501652,1319.3254827928022,2140.8188187173555,357.94792505597337,478.556243295978
1383637200000,889.6847640422851,1562.1443871293693,1557.1482990131824,385.6192772272538,475.06585929591387
1383637800000,1207.0678998187316,2111.2914961566044,1846.7812005278163,498.78743629390056,515.2302686053814
1383638400000,870.059391872735,1880.77544909943,1968.7305304851368,474.1317592382273,487.9563749880724
1383639000000,993.4785634621002,2104.6778449938943,1989.873291039977,470.73844925713394,648.2495104886815
1383639600000,1025.6703572647837,2127.978816978688,2360.567384575698,516.1683134535303,471.3360857878308
1383640200000,1051.978160862352,2273.648696999749,2807.6398822511214,438.67087035120966,574.3901122592582
1383640800000,1277.807408497182,2237.122619621967,2881.9495122972817,455.7121377929179,529.6848065364258
1383641400000,1240.6349907283243,2350.0957762726052,2590.3830427955945,438.64276432840023,925.7167022019371
1383642000000,1625.2514949622512,2129.3368858777267,2668.1743592984235,467.58005257574126,664.7430574540888
1383642600000,1856.0638547720866,2314.0001970648723,2569.9826666934737,524.9468554572194,469.81403202965924
1383643200000,1608.9184768680238,2856.0229764956885,2806.808629719772,576.4598443310113,495.2300772182067
1383643800000,1559.710158642015,2317.855291866286,3075.275251511924,542.6952347131312,505.40352620093233
1383644400000,1572.5527384203876,2616.6889881548104,2915.9170688722684,530.9602388939064,499.5399316454598
1383645000000,1636.0369079339262,2947.6863443177044,3220.575442687172,544.0896174622563,448.9444410837283
1383645600000,1973.360420627597,2582.932185119335,3082.3081696295467,494.6249581799356,581.3846717973827
1383646200000,1875.3458623734257,2427.15226446568,3153.8087599248665,492.12426238185526,608.6585902161492
1383646800000,1978.210770807261,2361.9332197328913,3281.400807376681,572.357049850642,504.3251868598787
1383647400000,2003.6007069008003,2830.812650030068,3230.8201004654125,534.9585482492605,560.4411170127333
1383648000000,2134.1291513395986,2758.5247033911,3121.3062136466406,562.6119762661751,520.4222443798625
1383648600000,1924.6627051603275,2952.6952093376376,3336.5085161375805,628.172551629656,488.54502340551664
1383649200000,2426.9316053096054,2796.990219366899,3148.0158903985366,673.8364946434127,516.2945020898586
1383649800000,2069.6689909800293,3429.3205157337047,3292.287140921545,625.8295352725155,477.5682679894389
1383650400000,2094.8959238640114,2604.2241907360517,3195.1700963372464,591.7769095254438,516.8578879653298
1383651000000,2320.239951728721,2754.325121556106,3391.8716808096,567.5448890038083,526.3603294190851
1383651600000,2586.4781044278534,2902.606828845381,3390.2249066413756,565.3278430269775,594.4611449290312
1383652200000,2562.1137969971414,3215.397217626608,3349.1388404942286,563.0111051522922,558.3602403302375
1383652800000,2940.540758993897,3256.492508774572,3485.941837531809,600.8240551629134,667.7125291482114
1383653400000,3197.801864907053,2912.095736747792,3468.233296713076,561.304220957581,581.5405501565388
1383654000000,3481.8946217271846,2760.747679655898,3395.435177228132,540.8249833977815,666.658126926854
1383654600000,3561.807924700541,2843.83146849136,3360.936416280447,527.1556140903617,559.1064460229602
1383655200000,3286.9728351154067,2983.301650238932,3341.0809820511495,538.2495092768432,558.7159056824419
1383655800000,2924.7506250726397,3446.4163467107774,3303.9852510683936,609.9399040567943,709.0355395978479
1383656400000,3253.1053593611964,2702.228395890124,3469.944482526597,624.330742908748,586.0902157333408
1383657000000,3505.89183068907,3027.043816229926,3322.876494795607,611.4132803026325,648.3615117394099
1383657600000,3011.4127839798016,2760.506931857221,3391.0938600425384,701.5909489922301,642.6656601421312
1383658200000,2790.780522946262,2965.3538933650975,3481.2664794041434,561.2812225003323,579.5990909059213
1383658800000,2832.1855492319073,2984.986716362346,3452.0444263763843,607.6915453413139,597.7956364297702
1383659400000,2794.9835104014564,2648.8182600612713,3613.9707792529175,526.4994322779575,607.2732564538755
1383660000000,2958.9487953857865,2787.731932417915,3203.8020467597335,596.7617568035388,791.3613684047859
1383660600000,2836.5943159441545,2672.7872289133597,3139.738659550814,559.7440317197252,757.1301647791602
1383661200000,2673.060895573033,2455.8938003927583,3114.1412766374933,482.74415705911906,530.831093389599
1383661800000,2447.467859579511,2413.800476282697,3661.7185364129127,503.59362534012456,552.2839733438742
1383662400000,2811.973732312484,2537.724600927388,3024.1277492276217,513.4529829774295,529.1716770916825
1383663000000,2628.2308999698016,2396.6831427571965,3254.173320905947,505.79333409773534,534.5900041815923
1383663600000,2494.861447936209,2652.46249179376,3069.8373568442794,632.5607193819159,581.2918442096699
1383664200000,2748.021431181412,2836.2845049531948,2965.5127365172707,621.1360152145271,610.3310709012256
1383664800000,2525.5725114892643,2267.229283566441,3505.1381147404477,527.4236222916022,559.1904611010502
1383665400000,3001.812516837919,2498.8248942749074,3007.730816206551,502.73429111184316,514.4878117870336
1383666000000,2891.5745307543903,2197.07571257755,3262.6050217185866,581.0426338522519,602.0631408359941
1383666600000,2551.500147186561,2424.5848648170345,3718.4364558690804,524.460805072579,548.7450139147425
1383667200000,3129.240051919636,2284.887300792705,3253.5269933785175,582.6457515737999,596.2062496567416
1383667800000,2912.7941451333845,2390.7942661168317,3099.4451052807794,615.5106559625729,591.107348566975
1383668400000,2375.2424221641154,2312.402888278337,3213.112010923224,595.817749876184,512.4995913928489
1383669000000,2676.748289517895,2337.3009500619455,2896.2083773300546,604.2855825545563,751.8043618533102
1383669600000,2570.0801043601887,2423.7470777769586,2832.7774330776,568.0461115286778,667.2543750851028
1383670200000,2893.763991234844,2267.0411953212806,2869.710659677666,582.5680757848388,686.3491897244654
1383670800000,2480.3521990925947,2751.847418301236,2710.0160463368275,662.5053800639063,735.9098603891094
1383671400000,2375.60930844182,2225.7519661219826,2643.762614377847,529.7037901879025,720.1814143904234
1383672000000,2620.416671015341,2304.51215451053,2419.5468390768146,504.18302313699843,691.9902068738655
1383672600000,2251.4294439398836,2213.2383195516163,2763.3131527451364,474.3322399095261,783.4544035289659
1383673200000,2078.485004080419,2608.6742485581494,2191.9978270315746,492.953238707863,728.7013083281367
1383673800000,2142.1905003898114,2264.0497916460554,2223.788612726126,532.5454903224281,746.8361989696393
1383674400000,2497.084180718945,2080.4147008458717,2144.9656942507686,450.1412277469351,654.0639540594502
1383675000000,2543.763797336474,2194.0260101889025,1923.4328131701764,436.74151039186273,778.9727429506381
1383675600000,2545.1324037506065,2082.6817369473647,1918.7359248739751,384.47291395178587,610.6134488030443
1383676200000,2147.0602792667564,1729.3141800809383,1947.1888205802866,373.4114777733925,650.4371428258527
1383676800000,2029.1540588510604,1499.2403070884384,1797.1966764522274,327.0495665306597,782.8793818403286
1383677400000,2163.7978294211416,1744.9993406854828,1788.0586601042437,323.7520551066646,596.4742280136696
1383678000000,1815.9437393476323,1434.1634893486846,1809.758415462258,355.2388026280552,964.5948944878514
1383678600000,1919.2092863828964,1508.4610105098905,1593.3598509451651,298.3706680283805,698.020223136216
1383679200000,1750.9588882499713,1801.278420351703,1654.6746896909901,294.5519113105492,772.8553062605754
1383679800000,1512.1974322883166,1377.5792260488809,1680.4676899396682,289.3920611554627,947.5064757826144
1383680400000,1541.8611223313783,1055.3800805866422,1645.8999762002588,255.22028295973243,966.2139419448107
1383681000000,1417.9284594125345,1037.636156515903,1618.9487609741127,271.5968637147299,876.4478223061735
1383681600000,1628.7251124233148,1225.696796436709,1883.606696717096,358.0898179990371,1022.6164075348081
1383682200000,1267.4572697238473,1089.6986868098088,1570.1538303193715,257.263771426608,803.858375114412
1383682800000,1179.2079583831028,1031.0383733504784,1386.323353732191,280.1672901430502,999.5619739448631
1383683400000,1336.9029275223934,1009.346548313968,1319.3307400450394,322.1716790321321,1063.5187118711801
1383684000000,1446.564024640947,787.699090918868,1233.4813986141887,357.6385767142873,1172.9308955271538
1383684600000,914.5186701567961,810.728595187947,1192.4868459804893,281.3640693972882,935.1209696395014
1383685200000,1101.359671155165,1015.5826183752849,939.8993646268713,261.29375620396195,1156.336421708717
1383685800000,879.3462998866634,870.951231317756,995.710403115811,276.2613256422295,1083.9719287835835
1383686400000,976.3085113281073,952.4837636850383,823.8221455441716,306.6390637518448,1192.94168450332
1383687000000,984.3354156651926,898.7832094041246,876.8278681260907,415.63920052961527,1225.478229442454
1383687600000,676.470120503321,790.8246706822719,941.7420950228302,301.28084270829925,948.1196781360794
1383688200000,853.0184293372816,652.3237726162396,838.9042598589078,282.28251445062165,808.5252594912964
1383688800000,709.4138623871851,619.5510857306103,812.0152349790034,222.13470687760838,824.6468925036323
1383689400000,584.5261489198465,531.1251939479976,1096.7999984304936,218.88651613888584,838.0299917302905
1383690000000,655.7188710676115,640.1272384913341,824.1117773116712,246.8711949300546,782.6625963798133
1383690600000,541.0173327649837,566.8020891363415,763.3556778967984,288.08435154641114,773.5405051789461
1383691200000,615.8599838577093,599.66112032538,710.869320768418,212.1139315544632,869.688548982013
1383691800000,512.416876212874,519.3499731844064,666.6777575087683,222.25918523379832,628.1808968663324
1383692400000,490.46607648689786,546.0307548093625,674.2831151472051,233.51044195061144,631.7669621233729
1383693000000,453.800624708722,539.0544415773726,630.6428430862719,185.1674720440867,770.4010318839104
1383693600000,398.37512362018555,477.10857835139626,595.803741119185,207.55666899147283,597.1420339436779
1383694200000,310.9181726572867,406.5199923527696,581.6545067418386,242.9594467154238,612.4909240615453
1383694800000,326.45596386463535,439.0821328069764,615.9292611823547,196.882438111316,529.3132502482762
1383695400000,297.70412929502993,467.1124517464268,494.20112677572286,209.5101838516794,435.26070172293913
1383696000000,288.81853258644946,381.7493504464245,505.5662557029998,194.69293292417623,473.3700518172124
1383696600000,270.13826735702486,400.0164004872698,549.1795522447719,172.0070058849534,435.7527943086769
1383697200000,220.67167594764197,401.32562220755494,533.0784617752579,171.2867074775942,462.217720745419
1383697800000,253.99940032933563,339.9061599684246,447.9052877083912,165.7883149152029,364.55794331040875
1383698400000,210.63021989113955,324.9755631929319,465.2031337917892,156.89300612721027,417.12624894851785
1383699000000,211.44695161955607,358.8563736215612,402.9947422866157,169.49904302405162,374.1554818897541
1383699600000,233.89360683905534,354.8081824011279,386.9966255842386,158.76340912080937,356.4628956361038
1383700200000,216.63691843149286,293.5269477323912,432.48797940223545,171.5845739267198,356.6785821409628
1383700800000,279.36606756216247,342.8926615271884,391.07582547397953,161.82585305537532,327.060036451278
1383701400000,225.48950240171825,320.59744329929356,363.9932566429331,153.57275127863923,298.8496205012691
1383702000000,223.8264408344515,344.92841383347326,393.47871891407743,151.33851602323995,296.33647768982746
1383702600000,212.89696731406778,322.8847775951601,398.01739804538926,137.3726766259486,290.24150735882887
1383703200000,212.1699304763571,313.9082059142531,365.86601060576663,138.8483616306024,284.4775770511288
1383703800000,196.7239787991761,270.14205881938557,387.628494799288,127.40124469679488,276.91890008225295
1383704400000,209.56007870448357,299.7764012632323,413.2464141052623,142.13872405914202,262.69864259214086
1383705000000,226.85122035981962,307.0471674276761,450.7766760621291,134.21875958518348,272.0409148676912
1383705600000,193.50630408000143,299.0275788652958,427.4349773539684,146.42713630304132,269.350956510966
1383706200000,186.75003520205016,285.95790995513573,434.3642737322183,126.16555147912466,227.89828293549726
1383706800000,208.89577067673846,326.8984462886927,387.41133510762154,123.61896535785436,241.28006856075584
1383707400000,208.84633411839695,301.3964948462891,356.8334726869348,120.6213066639976,249.59355998131704
1383708000000,194.50309851841124,294.44366263604286,366.8960374743896,121.03054986300018,218.4022500100593
1383708600000,198.81028969400867,299.394991290467,331.416631357195,122.79312335644748,227.89865033575825
1383709200000,187.83655015554228,285.4913955822685,362.22100084156824,120.60622270480336,229.4449012910934
1383709800000,198.89577046102528,296.0214275084254,367.43311963161017,125.08086536380377,237.05908144633904
1383710400000,209.84528362589884,413.3057674881279,342.0961080112524,127.38472833086848,228.50559900107675
1383711000000,196.90232044571695,364.4425842975281,357.11535822332377,114.4531284332796,233.40720377162788
1383711600000,195.4768743316711,322.2536939845176,360.86888276097926,127.31124995648682,240.4716660408975
1383712200000,220.71289620473573,303.5028838254236,342.5845948782592,133.81128115331617,266.81860202094674
1383712800000,223.1769132252177,279.99452290638794,366.016283241268,125.77706477901047,224.75838150860403
1383713400000,206.1829092395342,335.9264784114549,380.2939559088029,131.4619400077042,249.60743496659907
1383714000000,228.8948410582989,375.33423459690664,344.55766143204175,133.1919696021963,268.6951343235507
1383714600000,193.09225842710748,299.71047433106287,376.3015874950669,132.21876188198794,258.3685132270389
1383715200000,215.1886451229903,349.5915867443337,370.3920524160833,133.36486049171765,300.7830161829546
1383715800000,224.3444645508903,458.9291988295993,331.82398144788493,138.44447313570942,270.6920371886449
1383716400000,204.2761380484602,327.3725101280364,390.40362414957633,162.1970070920534,275.36848185625456
1383717000000,227.38279987562962,382.683922650017,413.6861964495505,158.73360212200762,290.91295484041837
1383717600000,312.6964860546653,411.27623686327206,416.07192180482326,168.2722991904529,279.7023503602774
1383718200000,308.30809673513096,401.6074829642492,475.2683099127616,178.10526349927042,307.5141960116832
1383718800000,287.11766103253495,405.2956872447866,533.0074325195029,184.73195040478632,382.7415329294796
1383719400000,319.6748728678968,480.5199151021752,520.9860637979299,217.34933547923092,547.2753560863069
1383720000000,318.96279480882254,491.56505956780467,613.0814584709537,247.95021310131605,601.6792410546763
1383720600000,401.87011991614196,645.5249622326602,648.7217387013573,265.89623327537697,440.6009410496532
1383721200000,756.6740807757091,724.3414762758562,762.6441375465444,384.5066959107126,518.8881007156214
1383721800000,696.5105009558863,898.6885277286027,906.5133217756857,331.2366964648562,601.7263967191391
1383722400000,537.3487341672088,959.2178997679835,1107.617853450305,338.0561315783201,567.8521124752247
1383723000000,659.6774740588203,1161.4070662271217,1381.0513564229689,495.4019859728324,625.9623725316433
1383723600000,789.3712571731764,1289.5850911686885,1450.0468202121372,475.3881975069673,545.5725503835981
1383724200000,808.0071297029544,1528.2258061711595,1685.1529707534046,430.65015802909676,505.67661037970527
1383724800000,1069.589841396664,1439.8299802371132,1881.7706362793178,452.442107569596,575.5918156062738
1383725400000,1018.8794631062365,1583.4195216950764,2285.0473212739653,475.75628462935157,714.9487760867859
1383726000000,1050.3763596441252,1914.5362408912777,2327.40814271356,484.48917787388166,478.37653398033086
1383726600000,1182.843014611037,1509.004348092802,2351.594551670419,490.4883437959956,498.8672669903369
1383727200000,1243.4495118405255,1541.5459072296735,2524.6295698008053,500.7061314671318,707.9326085387352
1383727800000,1238.1325096301964,1633.0215561163798,2532.175697356861,512.7587717956974,504.9941318467584
1383728400000,1248.0294769927666,2116.2948428712557,2599.5812166446585,494.36286626881144,504.53962049470425
1383729000000,1471.1394080712419,2486.732432881042,2780.1390900298743,564.0645747724454,611.3336559935686
1383729600000,1376.3520342979455,2033.7597457468326,2849.8817802054314,694.0914312173808,543.3509686288702
1383730200000,1633.9931452124092,2075.555240673206,2830.1834829187346,617.2234156630295,444.1924665484903
1383730800000,1559.5276518395617,1949.9017550297392,2920.789864797149,627.9197782296616,489.0780462476787
1383731400000,1924.0430154878845,2215.729836813086,3087.7291519857113,611.2802798106236,483.4829546087429
1383732000000,1656.1476814409955,2111.1032067936994,3112.2546869645394,615.2729005413842,592.4291243834516
1383732600000,2000.7516411356844,2217.0550479965495,3025.9353208961293,578.0491039206705,560.523451089163
1383733200000,1793.3552286471245,2195.541860071601,3140.2275443092585,547.4330660570347,484.8570818491814
1383733800000,1955.3660324136056,2363.3157980351166,2939.904204713611,556.9874957344308,505.42123675300144
1383734400000,2342.248724102458,2362.445756231527,3262.567064190545,528.0705408658503,501.3204857576467
1383735000000,2135.6641101566915,2551.368870357718,3013.1800684291316,620.6815920451037,606.6832239682113
1383735600000,2036.819475432727,2603.2304149901447,3017.428062804169,790.3337911295721,460.4501355185906
1383736200000,1938.5578598171264,2755.9310225680883,3202.127154286032,732.3659520333126,516.194172348796
1383736800000,2202.0304219556033,2443.0895656747607,3219.7445700047097,674.7951031128789,526.9107095532246
1383737400000,2262.0848890773045,2328.8613650476323,3496.012731503954,701.4907748159101,567.2646204998732
1383738000000,2564.1080831358963,2752.8440695996483,3621.8984554166286,643.6756776554034,569.8114904334424
1383738600000,2672.182671965375,2486.8673244253464,3649.2818434591904,605.6644798345642,540.6170562066441
1383739200000,2794.9988919918683,2514.4591227046712,3356.7580504158013,696.7669148621023,575.0319716093907
1383739800000,2855.63728947765,2769.066500410336,4002.2945679740665,676.5817438220444,512.50110758532
1383740400000,2808.2828319159726,2954.346633562695,3772.7635410949547,721.1113505535832,715.3244117935977
1383741000000,2886.4816261817873,2774.5189098855344,3329.7698972822427,665.9476110705431,704.4995918470953
1383741600000,2719.6629166559405,2918.528285003036,3605.5777343868804,722.5338311834694,595.8432154351424
1383742200000,2767.827196028394,3031.880178055971,3990.8107091464462,757.1941088240703,619.8230568593749
1383742800000,3306.481885818759,2928.280831335004,3619.375113009295,736.0353773832439,662.913569088439
1383743400000,3859.0397737277235,3526.4874718649085,3678.3750954131738,638.7254238104692,794.829158092685
1383744000000,3010.604939097078,3342.136288235515,3545.5260984663737,669.6296652878689,653.9686142416887
1383744600000,2661.29857772564,2816.402560824096,3143.992838776524,626.5727957552585,602.3429089203094
1383745200000,2929.187224614839,3151.434478622445,2975.17612231437,643.2954367335076,598.0988766460657
1383745800000,2773.4517104313404,3209.117090778885,3084.8579568508976,625.757215352999,648.4416977409252
1383746400000,2643.996241942245,3010.4444993005754,3210.9601848589537,593.1310831682664,714.8282451198213
1383747000000,2330.995298282982,2601.7086183668666,3080.5084195826066,620.9428751972544,656.1814333232329
1383747600000,2677.3938931665307,2803.2025370900988,2905.0589916862464,630.7402307711269,593.0359851966542
1383748200000,2249.4052709662387,2701.4977377413948,2819.6173745929327,581.8892974927039,638.8800128022908
1383748800000,2643.474470795579,2969.911606261081,3087.839073667585,608.778573761261,642.7024328632311
1383749400000,2718.069008102346,2764.0908408242635,3281.975351941703,600.3050173839018,617.4072491859357
1383750000000,2802.62078377031,2270.469820038504,3298.8289149178163,642.1193896769253,631.9711991804713
1383750600000,2546.288332655727,2580.4954111745383,3545.5688100043735,673.5158701073796,621.46896116744
1383751200000,2833.3485692138224,2447.7863041166397,3314.7055327666462,646.6443481572388,599.5049980848049
1383751800000,2537.235921939427,2459.1638542179485,3067.834293114596,561.2156625549898,585.8383450435986
1383752400000,2306.344012862705,2530.574681474596,3307.2457021419036,610.631518058589,622.9625540299186
1383753000000,2350.9459292914366,2547.5626003808848,3200.9056239457036,607.5735111195877,573.8922949496975
1383753600000,2730.957285315525,2829.019804582763,3066.7652850175587,515.6873350574015,559.0168536449409
1383754200000,2337.366875144583,2472.6706052028703,3130.0524067763695,544.148580374099,579.0905102722713
1383754800000,2796.3725077394242,2613.1326755814644,3379.451831411502,579.5474571730089,579.8041105144422
1383755400000,2984.421631711662,3233.511342537317,3398.3577435463535,547.2432497127608,591.8002934905705
1383756000000,2283.1936584665823,2722.839635956496,2886.6018794114448,624.9875923621424,609.1231052903132
1383756600000,2553.798522066853,2374.284953870692,2717.050861136833,601.6831305722156,640.8051281838043
1383757200000,2823.6017760204945,2604.3256564770663,3122.140221377677,526.6773825845296,612.8984899901649
1383757800000,2512.3131535620732,2336.20729230865,2916.248718889731,560.8758441011366,688.6217226092282
1383758400000,2461.828194547823,2730.3928630372366,3063.4348470340965,476.48052026967184,714.7496643224816
1383759000000,2409.8418872725406,2883.473431414588,2870.277530765752,449.18842058099045,835.5673459563254
1383759600000,2286.529393159735,2191.6234641900533,2772.4672368162755,440.6595670720776,977.4432270536674
1383760200000,2224.156755496193,2015.16007838441,2415.95752497929,399.50464642544625,649.8828404323987
1383760800000,2053.071709968721,1909.8267416476237,2142.852371052682,443.25687600033314,712.3361987392781
1383761400000,2410.9876799001977,1916.2760965827686,1979.7801008538852,425.11911211610726,768.5870290382676
1383762000000,2057.4168783791824,1923.190357833422,1884.4362231940745,397.5769296357028,824.0181754239131
1383762600000,2189.8192339507154,1991.8726873661765,1798.7604293842178,396.3140894421961,761.0441389276289
1383763200000,2018.0939663360837,1559.7539086464656,1843.3268688033988,393.33527314183726,821.1337234213238
1383763800000,2203.0290869975197,1671.4142579953334,1633.864267324941,335.8107890918879,878.7266012293973
1383764400000,1666.4006134905314,1403.1981142240425,1333.1563889788833,301.41485908102845,843.9636753825437
1383765000000,1545.3775985064726,1432.4028134163998,1669.9096314895364,372.99941558566314,780.466264186708
1383765600000,1810.2658153677144,1152.8487060528043,1567.87562018149,342.5272480765989,879.557680349233
1383766200000,1488.772466330606,1112.1413752533156,1379.9526334455272,315.55381604761413,970.2014745161747
1383766800000,1534.531529390799,1160.1760840435709,1407.2845598666704,341.4375994839293,1157.0390581216107
1383767400000,1271.8877897182742,914.9718330923911,1221.926094913635,395.3224497547254,1037.4656356920095
1383768000000,1382.308678247574,1135.4855886769103,1366.3488056281742,289.13856347697043,1016.5045882458899
1383768600000,1376.389125007404,1622.2965912174739,1449.0906510327586,325.5103425759938,1084.321665661305
1383769200000,1193.3881830537678,1298.0284888053525,1142.5680301797702,305.40037046037105,938.5587409785476
1383769800000,976.8124982092976,1382.4986954882665,1105.567069966593,287.1250150112694,1033.8351091947686
1383770400000,1136.418964630245,1039.7464877654234,1256.2512442210477,297.6436525522411,970.6223551739678
1383771000000,1258.858901703961,1054.2532809967083,961.6909253357944,333.463734175736,936.5675996932496
1383771600000,1049.032559795492,1179.0680598816616,1421.714029944698,246.31136558270873,961.6242631065913
1383772200000,1363.706079321159,1335.442922271862,1147.9831761766327,255.84881518241767,1125.8345082923693
1383772800000,1100.0799051332478,1204.3889309944316,1083.5818979503536,265.88197033680336,1007.4590500708631
1383773400000,1077.2461067196261,1451.261883014465,1274.0336938372945,244.4724200873734,1102.4749919200597
1383774000000,950.6707269820544,942.446494704168,858.3740488851819,306.0509793515309,1124.9952777514861
1383774600000,853.8024385033392,943.7712692108652,776.6446869034015,268.4620439876274,969.8583814427801
1383775200000,963.0387984250458,806.3605477756925,721.8869793266934,236.44557161413115,940.5488602651478
1383775800000,499.2303660163877,704.9987997482614,771.7909214048846,299.6437591903396,890.9558778386856
1383776400000,702.8795051289326,593.3265925372563,700.5850351272683,236.97357040392677,757.3817818816883
1383777000000,993.6519520617614,614.826799007917,790.0456988106512,234.4362903937568,926.3031612838193
1383777600000,514.3873755864006,590.7647109407156,723.2675351733849,251.71914908576656,684.739736168963
1383778200000,439.68250294604644,522.9030012986888,600.6315395977015,256.1735699902215,820.9927225752397
1383778800000,413.27445595481214,554.6586925904226,556.2705096715686,268.80504271007385,674.716515693106
1383779400000,419.87643291442254,755.7029042892841,668.2471393532218,284.98693858646266,603.7449368003324
1383780000000,291.0228869984844,564.8979502327097,681.8890178379428,256.80502516405585,700.6882287984432
1383780600000,275.8967973214911,535.2544641809401,657.2416635681674,217.61108657202624,602.0793319504658
1383781200000,245.99166216037983,512.9397240007336,679.635818225253,221.46337471348644,570.7077382675133
1383781800000,266.2865756688584,385.35440267015656,566.9653157514222,223.0152253588857,570.3701650078079
1383782400000,279.2981483785052,436.6552603926197,493.6629357435433,226.95934557911926,498.2808241341619
1383783000000,234.3205688513273,349.9906346633756,477.80693521531,172.121707305549,467.5907161917053
1383783600000,247.38298166756226,370.0128021925467,543.2920257065948,152.67393575615702,446.4614109633523
1383784200000,269.0527944071295,428.85115326679886,461.6368917305636,157.3141593027681,485.6434428965912
1383784800000,219.82310823206873,368.7371204677167,458.4344315377172,158.89921759654447,401.69594383472514
1383785400000,258.69037452419747,349.07881574310767,449.1471556588382,140.7291536480005,377.50020890984706
1383786000000,279.445763169423,420.39425636901296,426.5757214147528,147.33547715194663,397.4000608206203
1383786600000,271.56929931390124,363.0416044633824,447.97362267221814,142.99477808153443,354.99641877624873
1383787200000,262.10482298596025,360.9903137530651,431.29417896173953,136.12840613265405,349.89538143244465
1383787800000,267.78970345506275,392.11370014493787,406.73036917265176,128.38737376836764,372.2871128290747
1383788400000,249.01283531170623,374.86478600166396,1027.3916982826279,138.81031526503082,353.00649025976895
1383789000000,210.54015993818615,330.4603715962087,666.5762674440471,130.79919416968843,344.53060995956446
1383789600000,231.3106199483096,335.288103809495,664.0198900518867,134.39948652494314,350.1508547321414
1383790200000,200.97073371453817,347.40783727588155,420.1084479576921,139.0462266283782,349.4890781091973
1383790800000,252.74718127198312,304.64922406315486,417.8885740967709,127.05037222215891,300.92779093839505
1383791400000,261.02448752373084,362.2996957886028,391.4137247808086,131.06293279626365,319.8212080498691
1383792000000,258.4205549131291,330.9384174853053,413.29852930742334,141.51424175494535,293.00780734077773
1383792600000,227.82438283185587,313.92408089064065,434.486525961845,130.1656074925505,266.8832980976656
1383793200000,246.21941161185472,362.2173746429664,413.8408969970556,123.80600017773088,291.45048847811177
1383793800000,223.5836490026076,313.959451427394,424.2262651794363,136.28792034521237,265.9589502779093
1383794400000,225.45011189287527,320.07991296468174,411.650840136944,129.27511463044897,262.5285672791657
1383795000000,243.51171891777216,312.6703550322231,376.33875386863593,134.82452580680035,256.88193272873656
1383795600000,223.99249215553033,353.47286145682665,438.82317841414465,186.03134474695256,251.3454320618552
1383796200000,227.16490219605961,341.92121267796927,403.95893762010405,170.99659509248772,272.41514054512203
1383796800000,247.54202863887681,334.6345754384471,378.6920584832627,155.41954677999945,267.28767656749244
1383797400000,246.1720396241888,304.8767377490871,416.84865375184074,133.83826210896552,273.9599077592444
1383798000000,211.9955897377629,322.7965535972731,408.09636586336825,121.27755352143896,289.7697590181716
1383798600000,239.33009364120588,348.82125757959653,373.17023567954527,123.9619226350232,319.73029233511136
1383799200000,253.9164723009057,341.5792055454631,429.61686835548085,130.32590130318613,260.9792653941192
1383799800000,236.80502092085476,322.580514284334,416.2360143262694,122.30020821917526,284.7135980656144
1383800400000,250.806689269313,403.923606867924,386.6610111892882,118.88892005894247,279.42134238662464
1383801000000,289.0005596597802,340.3807601178085,429.6725891099401,129.30427257787014,282.66748139879707
1383801600000,263.6284435650411,359.3956390919095,413.42346395821295,127.43758059035245,298.210594190249
1383802200000,302.916009760795,361.6237271623819,381.39270499276773,132.20224439328175,311.4094960216482
1383802800000,264.7879198566327,385.24146011701214,430.4062438357419,155.05674296978802,315.0858050099441
1383803400000,288.00092230493897,386.77050362805016,439.59259605639375,147.99409424281802,314.09580517699146
1383804000000,322.6107488498097,442.88984251279504,456.16318770666186,165.18214338795642,316.95032436366705
1383804600000,351.31984766474005,459.420569374137,534.8103415322761,200.50137139073567,312.3598564836568
1383805200000,336.1264759276205,450.2356623379146,501.89270576130974,176.60629095329338,361.593620784473
1383805800000,366.03666441191285,551.4694286051148,640.1185842527984,222.45216729360453,467.46202198281605
1383806400000,343.34358753876444,668.0089350454812,692.9434200023624,228.05368938877774,440.0316874311805
1383807000000,437.7565009492467,713.1092728407391,691.9352613358324,301.58548636873235,452.0509014269665
1383807600000,610.7680838922817,898.4716522226987,762.4779790489259,313.8600469793403,542.6013033454868
1383808200000,681.4632587314821,935.6832032259604,895.08913863175,309.35987747018953,842.6578542449403
1383808800000,802.5434132546402,1165.9427746601907,1071.0172993922233,326.5335993195208,611.6334767201886
1383809400000,875.5978425231518,1109.8240033625978,1315.484009612932,349.79777155112157,598.2652594114325
1383810000000,961.1180791453689,1425.298039599418,1636.314027409331,433.29748567180565,702.2453017238112
1383810600000,921.3611843602827,1594.8676901867932,1768.0148722956658,456.1961411201986,522.3236871238211
1383811200000,892.9258284428595,1502.484750933546,2103.390381237674,406.77630574405555,621.6748273041067
1383811800000,930.6199449654084,1909.6801095565347,2337.0226523865936,450.6783580827152,537.1465992149609
1383812400000,1075.4607100617043,1633.0409182885387,2566.78213131136,470.7437596579722,464.93407537024956
1383813000000,1383.533349118962,1567.515578180042,2532.9118162791974,434.8389065509713,521.2347274779718
1383813600000,1296.0798107367777,1762.6798636494216,2531.8000872636376,464.26578617902106,478.9546803107415
1383814200000,1345.4300559716364,1958.6391318663896,3029.0732317354878,512.3582730536687,674.2273938348793
1383814800000,1199.982860423385,2191.115198301342,2745.730443285607,462.74416283023186,531.1740705641782
1383815400000,1342.0452337758254,2088.1058026663386,2777.73266027215,634.1227878599279,508.49436009040767
1383816000000,1377.7368604909118,2268.1636356887643,2997.6637068069285,643.9519989406224,499.00744750296036
1383816600000,1466.7385376252478,2228.9970851191565,3109.8314997434786,605.2303409989261,468.68021337774377
1383817200000,1768.5496506013612,2221.287853724147,3265.76243935832,561.7231738163291,597.3630040601521
1383817800000,1744.4615235933177,2498.7799709803,3314.329867827218,615.5067961584496,543.6196817863201
1383818400000,1743.3440417681622,2250.9876733599444,3102.417608049162,509.18821039072924,493.8988841302987
1383819000000,1802.7461302474787,2449.457046453451,2997.820765207294,504.76159898945536,455.85594148012495
1383819600000,1935.6355886079775,2905.347075150558,3053.3863055358133,501.2048814108764,633.9069478473198
1383820200000,1912.1116238151856,2019.3811870971208,3252.95724930295,530.1281043716004,501.8394493346596
1383820800000,1961.6081378416848,2217.7395506400912,3180.917964636145,547.1863662222198,675.6038035936605
1383821400000,2093.0730701838215,2346.266140641527,3189.836444357465,527.2049027915169,605.8691465609692
1383822000000,2539.151086890338,2315.842852136907,3273.7152969941585,648.7317410925847,654.8432702914254
1383822600000,2599.2525410526923,2530.2048317258714,3379.454069951577,613.284925652992,764.3214332598719
1383823200000,2423.419638616217,2967.6746560059532,3310.7899015217395,765.9149894158356,605.8115115253923
1383823800000,2211.0204540717878,2624.454213558118,3651.774574655879,744.4408436326908,588.0678364530371
1383824400000,2726.4447339880167,2591.271778606157,3539.2178329385756,704.6852335907016,629.2400038985422
1383825000000,2651.1402317428356,2732.993109336917,3674.395312138556,788.148086489262,593.6147297986203
1383825600000,2761.0953402278806,2750.0124517369886,3713.1251094255203,691.2261947612162,618.8904113541507
1383826200000,2983.2058345537534,3195.7730942177905,3598.2725343347797,668.6703594751217,653.3762287708619
1383826800000,3304.880690210712,3711.100426223386,3327.7581632065708,636.8682322080954,818.3237836923391
1383827400000,2701.3494678071074,2827.5701350960658,3616.180732454215,626.5661738870572,814.2581872334432
1383828000000,2994.1324411493392,2924.867313320396,3669.6041812496537,678.5246879674152,716.2816587521049
1383828600000,3035.8543697536384,2790.091235278594,3414.383428994983,644.1173371965978,808.787078502291
1383829200000,3072.7741345918207,2854.6687692971946,3759.431269374561,707.4775712361243,757.223262179679
1383829800000,2910.7179786293977,2855.3702214038826,3836.272058958479,796.3489452302593,698.5919066970404
1383830400000,3683.2772278151006,3523.5734763713867,3461.861865607985,731.1513985269412,684.6410841844346
1383831000000,2614.057826727115,3213.647765924274,3242.384849409008,613.5861393555114,710.2293961070573
1383831600000,2668.7092724688973,3310.9403508373734,3265.7619037322434,717.0405731226004,603.5299016488246
1383832200000,2957.3961100128186,3194.539260180619,3439.3185417691247,692.9740707469042,627.7112467641508
1383832800000,2593.353654259616,3011.8946736683606,3357.620413453805,574.1822595361634,544.2474190541689
1383833400000,2967.979170142345,2686.797008768741,3829.570885832112,662.6772334777899,567.1988936151006
1383834000000,2832.169206054017,2896.0728479485297,3239.483504583533,575.9143560838136,584.9088035498814
1383834600000,2711.9823241675012,2614.886400244094,3082.9252069998397,647.2291754767325,587.4206327599234
1383835200000,2510.7984925370783,2462.077693881683,2917.533670309562,719.5481458530519,529.4787301588458
1383835800000,2452.4838601204688,3062.3116251855176,3656.8156411850905,633.9418573348476,585.3138203923638
1383836400000,2456.8517800608497,2523.794588932633,3152.6160287836915,634.3168113249177,535.3046231772603
1383837000000,2943.959271216678,2253.684350821524,3081.527337631215,787.4186921086573,540.924032316734
1383837600000,2572.4913967826533,2433.256253204558,3083.778489925633,564.6849645923196,579.3949653428082
1383838200000,3096.307669725962,2677.261255367659,3281.003243144573,522.6594101830481,554.275875390625
1383838800000,2445.771383819697,2599.9581610600508,3030.799134557978,584.9299436692935,567.0958207726948
1383839400000,2208.7746713415636,2823.022954736546,3094.812491867815,533.1924864855621,605.5169125193175
1383840000000,2289.758888899802,3201.2775648631196,3100.457876129909,528.7884725870462,551.5132387501119
1383840600000,2475.7318520195377,2692.2115157187377,2879.665973769569,506.8324814877625,533.2166713135687
1383841200000,2256.047712474251,3057.214727153972,2714.2204622299882,491.44970443283586,519.799091619492
1383841800000,2605.9148580891374,2203.5206138752674,2763.605154675439,563.196673445405,582.6027720950678
1383842400000,2772.369799402524,2164.394216069493,2788.225858314335,600.0817985764706,648.049837308795
1383843000000,2716.271371187706,2321.406361105388,2522.775084993577,586.4009731376536,615.1525840125898
1383843600000,2456.819015127209,2331.715316856416,2673.0009870241993,647.1999366840713,622.9141248652714
1383844200000,2416.4963415255415,2563.889497262791,2495.514039696286,547.8621413300262,583.8568875975266
1383844800000,2237.321112191236,1962.4777694800516,2604.5586783862127,575.2313411658699,625.9520556505416
1383845400000,2352.8184741842138,1816.212790922332,2405.7366956124474,428.89827865457573,647.0374772800986
1383846000000,2358.767007976828,2018.78911952478,2250.1320612493005,491.0336846900234,661.3259738849911
1383846600000,1961.150671047689,2048.6635071925134,2139.862780803572,449.57628943456456,655.6286916281803
1383847200000,2781.3811000708743,2151.228609951919,2118.08326639843,469.23791765038465,832.7979071924343
1383847800000,2332.5917941464622,1963.339231664545,2028.203228181748,494.24563967173873,949.3326021450586
1383848400000,2011.7658705245747,2629.6984887985764,1822.2236493328896,453.44728731563015,788.3870530516674
1383849000000,2066.997889961836,1745.896041773228,1818.1485662951357,435.89587596588785,871.8797839291389
1383849600000,2322.964042383423,1767.8842537134733,1639.213966515238,366.0007664298486,888.0524721493326
1383850200000,2710.2376815391763,1565.7183908859975,1582.918917079188,385.865134510332,732.5829447533216
1383850800000,1756.0309686146327,1342.6513233842263,1544.9181007401908,318.5708483293068,835.372900061173
1383851400000,1570.8971534594032,1305.8310030498035,1322.7866588738357,393.72582825006157,780.9056238080541
1383852000000,1557.681971193492,1294.29613536615,1247.7005000816264,294.3364156367651,808.7684748307638
1383852600000,1298.0648333222998,1464.9056215239789,1209.2695633195858,308.33844465351126,915.0953043098519
1383853200000,1204.2072113294187,1259.4800426736917,1191.5264568122698,418.485195073899,872.2721462049992
1383853800000,1203.240511072059,1411.6086445527196,1144.338546232929,290.8181599980087,874.7347843292374
1383854400000,1298.7270294147345,1305.8793714637293,1185.38982204751,285.9906926964546,881.8135756765774
1383855000000,1340.566370759813,1011.1875072478173,996.731956675692,301.899282252901,957.0555105593419
1383855600000,1018.0140574798648,1047.8908609936784,1017.8908250687527,268.17233993943444,858.73459695954
1383856200000,1364.9458340686208,1113.3388882452646,1156.978836669357,336.5968235736625,1070.9972311186484
1383856800000,1399.9171783146248,978.8970791752593,1044.1464243142007,265.7275595428175,866.208182610589
1383857400000,1078.1234600052196,1195.3539097532164,975.0154443684543,295.0541946901207,954.972683988288
1383858000000,1360.800692598026,795.1681465849828,955.163701726912,235.10156991066455,1038.4425767018342
1383858600000,1090.359431055695,864.6154016378126,896.238133727337,264.9373087105149,1030.190202623545
1383859200000,695.6358294890804,825.3817952181992,985.8862973580215,323.7403042850916,1049.9372194549578
1383859800000,678.1011642712499,833.3556835196642,917.4889976643856,279.01201360981423,1024.9948214995572
1383860400000,744.819115458541,1537.7858179601785,789.668246421354,243.37274917527307,1025.020572904754
1383861000000,624.8779924836969,750.3609224413801,835.3656894012182,250.22041950719768,1077.8803529071647
1383861600000,612.6563704652281,861.0385715010541,759.7461776204752,252.3570967555849,876.0547219847058
1383862200000,648.5116791943733,672.7438407085261,888.3460844929322,295.822663674911,867.8983868283153
1383862800000,684.5981908516007,915.3625163413514,1242.1159950623423,270.17104351208684,1088.7781156197111
1383863400000,670.2885157475198,851.3162054875382,1039.2317933222216,218.78386759407772,839.7316171155545
1383864000000,518.52474307401,753.0388449638909,915.7023166763651,257.6082871561497,805.2259691184438
1383864600000,496.3252035109586,719.0930289565413,631.7427028275615,245.98717718561068,882.6644853768124
1383865200000,424.53075989371354,795.2982191583591,567.8818655905357,269.7269825603251,752.8414165181443
1383865800000,452.26561660903064,526.765915362352,583.4006322896,261.5948786254744,807.6862792925006
1383866400000,458.510876092701,2009.2891636095205,608.7896060714197,299.04789348555107,807.8677303418655
1383867000000,327.8287348985361,652.3240589254096,500.34445197340096,206.14489440139977,765.897957311323
1383867600000,372.006498755477,442.26642502026766,568.7218586863733,198.41950045171615,772.8259923468289
1383868200000,273.55354415639454,434.00476901860486,524.3082721691484,185.81035156965305,591.9876025470222
1383868800000,251.41973632221277,437.31634377126653,471.5114195995623,178.34295347078512,539.8008643353344
1383869400000,330.5317301713077,403.8269990792128,489.80676653384853,224.67858250598977,473.2425974977761
1383870000000,309.15065119745145,415.1810116817916,473.974707480431,169.6917437550423,473.5192409403178
1383870600000,224.50418116996352,409.2454127732403,454.1494371555046,163.81778375067265,472.22304314409797
1383871200000,285.90941940692835,398.3675245969503,455.8847001327721,200.15211548388663,484.4665252829558
1383871800000,221.69689918680177,416.6096135103295,525.0083919877474,183.96582320598785,601.1404675275301
1383872400000,217.91756600896315,341.1170743989369,404.69517922407704,156.24464569163146,374.7710956406864
1383873000000,200.55922376965506,342.3484492263624,440.3000800055113,168.49622193046187,381.4267780530448
1383873600000,243.42345469235144,374.21488109087926,440.1070440993462,150.03872032027013,371.5107142429712
1383874200000,174.46208798144423,343.8687183393965,394.9294314376616,147.1130893009574,444.26612904893767
1383874800000,195.50354082621567,332.4812914520909,419.29459892802697,165.42442435935808,337.42374783271174
1383875400000,181.85497955257674,404.52741778918454,498.8414249617946,146.69960329815225,359.31601777409406
1383876000000,262.4422058893903,318.568983513521,451.6533358272587,270.4413689913572,326.6706221870504
1383876600000,192.6860153587603,329.0243265894786,492.6188498233486,152.45044884347928,330.05942682126033
1383877200000,180.65352046245758,370.09422470999596,482.7250450280605,141.03364658245368,301.52691988654186
1383877800000,176.84672379527788,301.8136481928658,428.8536177588863,148.39174662165385,307.0772218267584
1383878400000,213.03556057112814,311.18208547719024,466.1898422791936,153.99817671536854,278.0673523954802
1383879000000,300.5279955713241,343.17090587273253,511.0140414148765,140.96272054956458,276.376119688918
1383879600000,194.87728659761586,285.9331429531051,428.05440885456875,138.80989500487308,289.74486271687124
1383880200000,201.5654249015075,332.3752867769369,448.49280560827344,140.2710963236992,250.11280426606345
1383880800000,191.29627316616342,326.8405697863944,474.7100796227928,133.22305017055044,251.2672652560887
1383881400000,218.8461741257974,284.2487648491871,429.6332896182971,127.98584846741264,264.48373137525186
1383882000000,209.40430636677277,305.18887917454066,405.0242234667501,144.12580979106835,269.8569240819858
1383882600000,183.70505861916044,351.06864962928915,483.13328380885594,135.90574168260179,256.5899674156734
1383883200000,171.90129362516984,334.831242134593,451.3140225826405,132.58856235792956,241.30196052365727
1383883800000,199.34314340477272,339.4896283721117,471.0330930845688,141.69994571243743,271.59736085493233
1383884400000,169.91491434010922,365.3414143423995,454.670102433592,144.82511086676843,276.73486309146824
1383885000000,177.03334310863605,310.05961685228266,412.2378576596923,130.00314579669856,263.2693929324071
1383885600000,210.89402421781656,344.2440674265204,419.89724976816547,147.05082963974897,272.2744224924245
1383886200000,194.8772222562671,351.4577757741056,452.7405069225546,137.72485103929134,258.00775827854056
1383886800000,168.20257583816002,320.964701041398,440.98854993607046,136.51490570724098,264.98050930104927
1383887400000,204.3832375452285,373.49335834115453,469.22485510260384,147.59650973237916,267.0922042691161
1383888000000,203.02290947318855,371.07228017571265,480.67891651983973,143.78106537962444,304.8132130939281
1383888600000,178.3333593938903,341.94994120921467,464.93467608693425,133.42509878998953,345.25763433947066
1383889200000,289.98632292933286,400.1725836795168,489.96766695181594,168.55060102404244,280.8312398203733
1383889800000,276.66559623981567,461.0936805354392,484.45796303751285,160.78121501627433,283.0737478660711
1383890400000,236.05358832691425,443.25438184984637,532.2118404696423,182.68043129143058,342.4927541221266
1383891000000,288.50483603736427,449.36124977157885,560.9442000939879,205.20642526959952,300.75229872996505
1383891600000,283.5648982409743,573.7817780678395,663.7794297780594,211.0648601306528,377.9380013426945
1383892200000,273.6823347210356,492.8342444212763,656.8847830481277,239.46529848065305,427.4372176302208
1383892800000,334.16539593568314,920.0328462621338,658.8694544154565,244.53086660440536,419.2588799430087
1383893400000,404.5657942435541,1052.6287397053816,736.2527462068381,240.89282865492146,595.1691050542535
1383894000000,352.76633098981824,725.3034991658423,750.6620862066136,279.0318362409732,548.2574256341677
1383894600000,463.49363019417933,1232.6286740099717,964.7762509361421,313.3175032714097,540.0228499600637
1383895200000,481.3687160274181,1177.5623623648196,1146.2808903853904,280.27462427465673,712.7980258791613
1383895800000,743.0088667814965,1057.8899640793354,1327.80625125445,373.506537309009,623.4643911862488
1383896400000,726.1491142658165,1489.8939136255124,1526.487856178304,485.78379860599415,667.7863650337138
1383897000000,858.9048720353173,1917.3283630035846,1816.3465792829033,485.8652035301141,567.2619694216402
1383897600000,832.927999914659,1434.8691361147721,2125.9079960574454,450.13714590455675,538.7722297447657
1383898200000,1012.0366621082228,1559.068970049296,2273.0941256458646,482.86050192210394,631.8579005540502
1383898800000,956.7522595386897,1645.2680076024951,2422.916118876286,401.9086289064114,620.3413690830365
1383899400000,989.5891419041516,1624.5618860202842,2581.9901829198425,453.3214262535781,562.6676518346736
1383900000000,1113.5726803997989,1851.3380112203542,2675.1175013411143,452.0443536610644,542.0780760699444
1383900600000,1264.5303630558476,1763.972261676502,2708.2499880766527,494.7880718877847,667.8153180377572
1383901200000,1394.2770965395048,1887.2913626695706,2943.976497446714,563.4128037491319,596.0473766945254
1383901800000,1323.1444205513415,1996.833824484789,3439.9852470886267,561.1669541650912,575.9113932013462
1383902400000,1590.0967995132066,1917.1736986187072,2986.6589978353923,591.9620864823831,520.5298757687005
1383903000000,1618.5352530938935,2062.0772907782357,3041.8296216273543,487.34497923594745,603.5251935928454
1383903600000,1811.6052948443612,2098.00487841433,3043.899487762957,557.5656688567369,448.5721402596029
1383904200000,1603.5356055829604,2208.0965163549404,3026.1092566320713,518.8753577436617,658.7252708717444
1383904800000,1825.1070742114398,2201.175822050079,3288.6466149487783,555.2578655269685,652.4180485916814
1383905400000,1861.8781500870132,2126.395584027376,3174.9405550387078,537.7356688544004,615.5509310896992
1383906000000,2009.6905523245766,2408.631646484303,2908.4039528609405,541.4771155449956,602.3151557045037
1383906600000,2110.822259240039,2262.0472732333405,3398.2787512751393,518.8966309719489,558.1775493921107
1383907200000,2435.3386253908325,2208.7451906516117,3261.4561378696194,533.6260663093183,539.3549573375278
1383907800000,2134.0319942165074,2516.3924677291243,3221.9258594488315,568.0038322900506,566.7237269444712
1383908400000,2639.1165285109782,2542.934590105117,3194.524948765307,613.0525329668069,564.4638854823039
1383909000000,2014.0069922815933,2520.136833277815,2984.219022922501,618.2913012586008,606.5081088954964
1383909600000,2445.6948079726226,2507.750302282835,3438.358837075664,681.4217993138128,598.9085656466891
1383910200000,2190.7020871796026,2617.314091004395,3436.721371645181,598.3632661683761,600.4518122636254
1383910800000,2329.8162357077035,2543.4892955218093,3841.262821227169,629.8956120675994,601.6229553168839
1383911400000,2413.0728723482216,2488.256453958378,3628.881036656322,606.6996547599738,754.3102961997162
1383912000000,2560.0686410073813,2649.932238267848,3759.048218456304,810.1875212914325,654.3858380483732
1383912600000,3238.8125734791006,2979.816235973746,3727.141653454908,629.4533744146282,577.0183679827363
1383913200000,2745.8180671873724,2719.2637181784976,3846.7562926999744,656.5167055152178,643.1739102314937
1383913800000,3030.855572214934,3063.5168587497446,4163.113491699784,715.176930805662,638.1320285204528
1383914400000,3470.5052225611225,3120.6754501760456,4262.895430972558,660.9529952862866,641.2658378232624
1383915000000,3585.998712470906,2867.414125259619,3805.747257054814,579.7842597980431,631.3516478705819
1383915600000,3566.9364837055955,3488.3487951052084,3717.513153064577,605.9570923733006,604.2436894161043
1383916200000,3771.864899213034,2753.838073396682,3726.973519919806,646.6906966114481,666.1409634952875
1383916800000,3202.3117753052525,2928.476793262825,4005.7875598118917,685.4507285941112,575.2454124517653
1383917400000,3241.2988212334126,2753.1369230118876,3401.8654546193006,595.7323760618135,677.9939194337961
1383918000000,3020.9547817074645,2538.9123671373704,3479.177411805412,568.1066056550109,723.2968335077045
1383918600000,3104.68015802711,2622.850391278066,3434.003059786702,558.5465899244698,665.4878920591723
1383919200000,3180.82139104863,2763.9188795576765,3160.409850558423,501.1084377972981,639.8856921706869
1383919800000,3354.28031985266,2727.9618506093243,3339.781149953067,551.3168979040656,818.7536924314068
1383920400000,2780.2875707752273,2458.5279354035124,3262.2147026338253,477.36746036421414,635.8593048654545
1383921000000,3611.651942315468,2909.679360502073,3149.079512915081,513.6122259823933,634.8651875983929
1383921600000,2996.589202586704,2410.9001979934137,2934.6228800056383,573.9094222150931,614.4217933731281
1383922200000,2911.6291611471484,2390.6832109520124,3100.953983061868,485.3165760165455,577.0913248888346
1383922800000,2949.637778154932,2501.668440816608,3332.8916050078215,515.9120025185007,560.5329149520218
1383923400000,3150.284004732807,2944.9562222932577,2973.7772410962853,504.5710870373571,595.0857684500339
1383924000000,3193.373583147587,2325.7930571331203,3067.885613828698,565.2103808461687,567.4226209729717
1383924600000,2877.902502414908,2252.2425535571683,2994.7018142582842,486.7390809539132,566.7763124848541
1383925200000,2869.04807537353,2233.3785134611026,3198.82751023332,548.7668936985395,585.9110309773022
1383925800000,2929.2888723537285,2260.633858716094,2752.78630829986,513.149606184874,600.6548008554053
1383926400000,2643.315553497512,2386.3348357799946,3002.5116928841735,453.3890222268789,612.9799321067251
1383927000000,2909.3633125075676,2793.0710990169746,2687.56471164762,512.443179428255,591.0724605981957
1383927600000,2632.6863393616063,2314.300888722047,3076.1673433926444,471.3062886187921,590.4590795290519
1383928200000,2795.6492088847344,2853.9188758310993,3040.3754708494985,594.9512748065744,641.944116634403
1383928800000,2951.242105314434,2992.0728214457054,2778.220396498832,540.6283253018,700.7448223647187
1383929400000,2980.593383387444,3123.6768796874144,2651.287766712143,424.2387226836747,831.0763721840442
1383930000000,2988.566992282161,2030.2554825435254,2560.199069687141,427.6023669592938,758.3322084058021
1383930600000,2947.6685626742114,2504.070969502634,2426.0391356037976,397.08367364020353,708.6517622054423
1383931200000,2742.769232107779,1899.3775048272619,2398.944896393627,491.7626541569358,779.072493890823
1383931800000,2890.5831260252776,1892.3253317562849,2143.6765029399708,437.5854887652669,825.3803254118558
1383932400000,2687.815745136031,2598.369805087302,1971.6518016580858,379.9134657159935,741.4189513647075
1383933000000,2149.038429449826,2259.6433038600944,1965.489409823501,351.24152339180506,614.8453098095858
1383933600000,2209.5414242911124,1700.2304650057936,1960.4601573180087,370.17495031000357,633.2779500597521
1383934200000,2203.1004931123925,2470.808083604,1744.1206267595826,348.11399707376137,638.3829671492256
1383934800000,1996.0510381612678,1943.428260716159,1721.0917417035798,357.0333190176474,851.6079714739816
1383935400000,1941.8445305920607,1612.049402758879,1650.2306247410309,343.91066094034113,842.4770580281528
1383936000000,1713.9553601722178,1439.654860966004,1677.3811638403242,320.17112903489,684.132810219564
1383936600000,2030.642884179612,1422.5712627002633,1436.2632071383102,294.8250009072666,817.5593753391971
1383937200000,1492.038050811472,1531.9962610488458,1332.6342392165423,326.2026760802107,931.6381343842141
1383937800000,1497.5914515659647,1079.6246223849314,1225.061334992819,313.28434821583903,761.708919888972
1383938400000,1673.6001723700774,1296.897478449564,1282.570567061932,294.1391523487097,920.6023371485354
1383939000000,1396.932164326325,1346.4342082854032,1178.2943338538134,265.4107542129924,935.0775401334937
1383939600000,1417.6143004530459,1914.4872453943744,1207.126538209337,313.29802723772576,900.8016844978187
1383940200000,1678.0731452857806,975.6077836378471,1218.8199491437695,258.05005088301164,1102.1074197822945
1383940800000,1478.9787415674068,947.3521210483176,1017.1127380847319,242.62912288165344,1031.9934236003705
1383941400000,1201.0019511855332,874.2264052102679,1241.5478698751817,231.0960537330065,1125.1793634192363
1383942000000,1264.4101588926142,785.3258943795058,830.2464246301244,306.2808080512,1084.135753653654
1383942600000,890.7989103947754,782.3543560638432,863.4961260917295,225.75688058635103,1133.6310963588312
1383943200000,1128.73301729943,928.4462242614668,982.1677337564216,279.39001030170215,1238.4698073571349
1383943800000,1035.5927507864772,737.051541099139,800.9611542970417,244.8431700275683,1293.2312966712989
1383944400000,1270.8967057360105,764.5471577102546,937.8090144367544,210.9453930483401,988.4261070452434
1383945000000,1217.722484031885,874.3338335324626,829.2451201583556,268.376730745265,1150.1846172049245
1383945600000,839.9656004826568,1449.8859689772412,773.7374792915635,256.5726592026919,1142.81042807438
1383946200000,855.2153894941846,792.4085218082674,819.0152834898107,255.44938344176106,1111.2890101407934
1383946800000,1208.8317613291308,775.2998267051538,727.9393180293877,211.59515925904574,1091.1553784731884
1383947400000,560.8927640386131,841.9792744734443,1284.151697885917,216.6965625186163,1217.5864779547735
1383948000000,611.6264703261112,793.7182604288361,1620.829017195685,197.28110647998403,1156.639105840095
1383948600000,516.3354045150566,820.4090071528364,939.3587509812588,203.88252113319072,1273.776960482563
1383949200000,551.485898379139,757.1238681470109,779.8288725963042,212.2958564035154,1185.8350205629795
1383949800000,580.4969127977924,864.7931286953361,782.0022641431356,259.7207817645237,1271.1072499432826
1383950400000,858.1077476623082,564.9843868588026,731.032077279772,218.66331026801242,1095.1533741899589
1383951000000,606.6731402954919,486.7606589839192,1155.9551687009011,222.02990661584585,1117.788479244993
1383951600000,556.9994438545904,470.8721371985628,794.3099400081528,232.7779576486901,1185.4279326026563
1383952200000,551.3604647564321,685.6021434422977,791.598115184684,234.2109419715279,1161.8321914651603
1383952800000,453.72081025651744,503.6647543476752,801.9471576118178,224.82357082251613,1208.8976250450364
1383953400000,643.4970257739856,460.6642861621536,927.2308645185869,210.21129491538264,1062.6432906550856
1383954000000,518.8946132524435,499.41629712524974,880.7958851595484,259.60216966480925,931.3323309418424
1383954600000,379.8333608602427,411.10380935440486,1152.7204978675206,194.74520172653231,1013.0135160366161
1383955200000,349.1765169711688,347.8369031720639,1068.7368344901777,191.43238179972053,759.1630578139317
1383955800000,359.5045313505339,333.43855882084904,1180.8214662852135,269.87072173275266,724.2546961229475
1383956400000,375.36589859425766,356.05547006519686,1123.1555908981923,217.24952914759297,723.8129672907314
1383957000000,392.1915579794262,383.39917701429164,1221.4203474192066,188.97037002072997,607.6727458329827
1383957600000,309.1837546382616,336.1360992050219,1226.405996082613,187.70551448573164,621.3398031304235
1383958200000,300.4495922810948,360.8923810396678,1314.0393990436073,175.87957521006285,579.9351804244138
1383958800000,285.4973223801596,304.71248077052525,1235.5011057524614,161.19851719031539,587.2005958641225
1383959400000,247.28573570622495,314.63737714508585,1196.5339972798338,173.71079495395387,619.0413985370488
1383960000000,225.1695119922183,379.25917982428984,1245.307927881127,161.5516734120015,654.3938420454119
1383960600000,254.61639140392617,325.4224354310378,1079.13334929355,183.6989218416286,596.0951804670976
1383961200000,221.1553169808568,298.8194826610089,1015.4373022788744,167.43670970410466,444.51231187083056
1383961800000,206.8431359765743,315.56302370140025,971.6861734999871,165.50058074185776,445.0625944175152
1383962400000,252.61546498822895,277.9365619430731,979.1461720970306,163.7608210764693,457.08319572664755
1383963000000,192.49977104795627,300.5151642284799,873.1657480731699,168.88137341060735,397.9539459772594
1383963600000,206.63914813948506,293.7128242746751,776.2283508275834,157.4521517836829,429.065531689591
1383964200000,250.62666456482347,274.84194054659577,833.5444958861111,151.48011338851754,373.93470903384303
1383964800000,213.33517953041982,318.2411563674445,767.7345311468896,147.50074456019593,408.9969148221157
1383965400000,211.81369837117973,299.3176500975197,850.544750680943,145.66847930399604,389.9026214972759
1383966000000,256.14283879976,281.8397590840859,720.885815847173,143.93057440427754,424.10388906174614
1383966600000,195.016610856595,320.56954331845714,516.3845650950209,152.7257099490521,309.3494176770214
1383967200000,195.74460700416134,307.62552412500594,582.7377005728545,137.39533783124674,307.2260901409151
1383967800000,230.7387134864858,300.83081456743236,564.8926794997594,138.55501454638562,284.7285525358749
1383968400000,236.92353098470053,318.94596797727496,753.6478881149797,138.18347203356356,305.73293955023274
1383969000000,199.04141141449935,317.94649826937336,445.1013308453528,135.7408056219988,267.89466208878434
1383969600000,240.80646176061376,309.79709892956146,422.05476880329934,140.80437308578186,265.32095361531367
1383970200000,202.85141778946954,310.1112989691635,355.27274341312693,130.25457359433753,265.19655022558857
1383970800000,210.68839291795135,342.66273447920037,330.6946260691873,134.79499633769296,259.0001977891835
1383971400000,236.7496338112964,306.93141209777497,346.35274395026346,125.15987941378107,239.64966924349068
1383972000000,198.88175161223,325.3718647362469,366.468174369503,128.7441806558132,257.99148047154165
1383972600000,195.20417193772823,316.3737313233666,309.43681125121594,120.20174687930721,247.57542740148492
1383973200000,239.99541965030284,281.5625727361307,320.6207257491922,122.86304198224416,260.7417606384207
1383973800000,185.93021267188067,313.7113375132344,286.29188992080435,129.18778647764177,245.59669034083672
1383974400000,200.37227845451375,316.6268365417128,272.5360151917449,118.67925873555146,254.77284757817324
1383975000000,256.29403206591473,286.4567790849286,332.7161882181746,128.72550754089957,349.5602575857687
1383975600000,206.32369706902324,287.38246229535434,326.7172090761086,135.5927451893545,273.6182138201883
1383976200000,217.09194365032226,278.29855735073284,315.0616886426711,138.0328920414276,265.65037661355973
1383976800000,284.6610492914721,340.4642664339648,334.989933780454,147.973471236117,253.1569745994263
1383977400000,229.91124877346715,307.78142401183175,330.3131559614261,148.70937704586422,269.18732774187
1383978000000,229.02161875784526,379.5351973433192,452.84186381350554,148.41690506766258,279.3434465532528
1383978600000,295.42419877981104,378.020687077489,339.90950373913245,157.54275861751083,260.80388375360945
1383979200000,258.56994662936944,454.2266412253507,362.73902509967667,149.97464060137804,317.40635631290746
1383979800000,329.2819994931605,412.02026155867543,355.28716889121944,181.2102742515108,288.2334498938764
1383980400000,526.8953984649688,400.40443581068956,520.4904410667003,193.49470042345337,354.7345823799585
1383981000000,286.23269023968976,477.5846938655488,437.5027340123438,206.2981225436214,359.56743437104797
1383981600000,220.29705352144413,421.0003584169405,472.6175380745158,174.0393215416064,354.10034873179177
1383982200000,424.84901982992125,567.259503026322,620.4744072359412,183.46011370667534,327.38000856724585
1383982800000,433.7834850803136,635.9206911282768,540.6258966147313,214.61904340273043,414.17901274204974
1383983400000,410.473173031898,802.5644380599665,444.8871079131232,202.9609008012388,487.7508839014675
1383984000000,907.7997201155307,567.7556153318296,518.9412441755231,187.50815844889254,432.0940127521717
1383984600000,627.8217844215756,940.7234048776473,548.6890081181772,196.3857010082531,454.0201377687824
1383985200000,688.1654299738348,1130.7972571481507,526.857721288133,216.54677099372455,515.0144585521367
1383985800000,583.353159813174,891.8508495203989,539.8467222304222,233.48929407210332,554.3335788074841
1383986400000,752.7363469448361,732.0387190162468,575.6466695042079,219.60389268288637,726.8972018816542
1383987000000,728.1013024197434,960.1625369293047,630.760958075355,261.3792676647129,789.4712244393376
1383987600000,885.1134558538117,869.2389735634137,735.1527996330083,194.42334646540192,633.4830769911816
1383988200000,883.270743421885,888.4692956003297,667.9983852246081,253.6597632949406,510.63304310788214
1383988800000,1201.0187179062839,1108.5077655876378,774.6524632994226,250.9414316610132,587.5360838659329
1383989400000,977.551997097136,1621.068314969025,610.4189248224355,239.49435724069212,642.9848942123356
1383990000000,1341.108599832998,981.3320781685312,713.0204063058932,250.40183595552975,554.5045623060358
1383990600000,1618.6058667847021,1266.541233243245,737.273949100972,221.02417414023034,554.0983695507088
1383991200000,1323.4604329761603,1178.0171557749513,692.7662644723088,257.81646916965417,597.620471520501
1383991800000,1728.4012094426712,1208.5086554416898,718.0079774685918,245.52913862340594,558.7119454075653
1383992400000,1754.4868590700644,1480.8060789058652,701.6108454341145,345.68202675908157,660.9025441410608
1383993000000,2037.9659400892037,1428.305897838807,641.8916100510119,328.18974424081523,623.2178527850871
1383993600000,2136.8040007832224,1924.2713905285696,728.9590556265836,314.4544186064409,573.3097006408902
1383994200000,2591.6675275871735,1468.8799459359661,671.1595234863732,291.7998043613408,577.8591786925836
1383994800000,2405.6335878733857,1642.4019915491913,701.8070310271945,317.31985802642885,583.0087914654551
1383995400000,2898.5881431351263,1830.7807395358984,827.3324677781196,296.58571446437577,628.8807683876419
1383996000000,2677.7683306816157,1699.5217033886117,698.153918561919,284.8160529276015,582.4553842769973
1383996600000,2355.522154833226,2010.8630966537962,707.4092089911576,339.9043872965544,614.2233297168183
1383997200000,2828.0046661139772,1918.7215601200348,754.8437571924272,315.36892135842834,633.3866338130489
1383997800000,2715.610078001805,1758.6792521821721,752.2192542302172,351.5763579171027,627.1324122245306
1383998400000,2484.896609287192,2231.194303816555,833.1687756803534,279.07592144555076,652.1748061316948
1383999000000,3216.803951717079,2523.93007497163,691.3116688528797,288.02945811085533,688.1589471826679
1383999600000,3408.0136179931164,2251.0183728672173,714.3532142597189,308.15254092020604,695.2333512829777
1384000200000,2660.9411458328827,2165.494101846476,698.9624670814962,251.85164538523773,802.0140027453219
1384000800000,2850.5864416884738,2437.6366872595668,789.1285210184132,293.88226083800356,804.1347540747713
1384001400000,3409.831070106298,2138.01179360495,721.6570653289098,251.80552623464717,708.6012619229541
1384002000000,3100.9293852274595,2595.190795145054,606.5713465799861,256.0241191315164,707.3114434489198
1384002600000,2930.2645597297137,2198.2588112052995,684.2295354746026,284.9419378070173,725.6588287317734
1384003200000,2746.0176503376097,2064.72059412488,711.6465709496597,263.258892119433,741.1571291085864
1384003800000,3136.108386044625,2007.1412963702167,883.238211342693,259.94209670314126,819.8922668902022
1384004400000,3780.15257288219,2116.170284473007,694.4511422795149,254.41710792003093,931.8121124856702
1384005000000,3854.9309225157626,2528.932454585667,667.9945574914063,285.68933549364715,780.4746084633733
1384005600000,3617.5356590617403,2360.9525640005136,781.0814331770991,287.1631511066535,903.8024925467527
1384006200000,3160.044085499333,2335.6296311346564,626.6724249006675,274.8735916234083,744.5922537740408
1384006800000,3480.2796608075605,2508.743964508197,629.2194278279625,269.97998661449134,912.1113257478888
1384007400000,4607.501223571783,2451.665156033723,627.4499316251607,252.22528608081123,877.0234248811859
1384008000000,4062.375561313899,2431.4447984291633,693.8838163844288,235.62926502154716,927.8383378415708
1384008600000,4025.3242890736237,2154.8232427973453,645.2979480928316,270.5120255361016,939.8026274518646
1384009200000,3945.174387031939,2629.670048742975,670.2360499109268,245.06274776934995,845.9371624423085
1384009800000,4319.503000485516,2490.628916929215,589.754043135108,273.9494255857423,906.7699397144617
1384010400000,4249.706970558529,2278.5342699725834,633.9389636118921,260.6384330690865,914.792595143377
1384011000000,4275.859376886024,2783.7371139015586,581.5673007765005,250.15092004763704,760.4971608978695
1384011600000,4239.275182173338,3054.77769305541,592.17068397622,294.2075245525964,951.691814166684
1384012200000,4619.957911993654,2921.4292216099802,671.512279973687,359.1774285227773,973.8194906252893
1384012800000,5026.948157670439,2658.1660917224776,611.1127741724226,303.98962901162037,764.612121827509
1384013400000,4782.120975843077,2470.523384309767,670.6899140966937,278.8698037671637,735.1673905898355
1384014000000,4314.453849137367,2333.506249788974,630.8029513753152,252.48007572558188,932.9093936924953
1384014600000,4080.365354112987,2138.225147399826,632.6342511280781,243.97333104349678,918.1047405885415
1384015200000,4086.4433205598675,2367.666781808813,575.7936307303052,311.0236072913812,882.0321591968858
1384015800000,4847.1462560861755,2646.1706227723876,531.7319749212419,284.8741115003173,775.5451269286306
1384016400000,4395.167041557623,2196.9890539640787,561.547958343518,293.65741953312454,847.1843404521263
1384017000000,4473.393307842786,2699.301585229404,542.7952948660928,263.74029930534334,825.6916931736911
1384017600000,4482.251686492454,2521.826631204243,521.265457679761,254.02208978176478,713.8499548120966
1384018200000,4185.610414190983,2460.2239901084595,664.3426444450929,344.33181747487663,743.7716572705611
1384018800000,3608.2025079021855,2263.639222614181,604.0361753254446,268.1483250709515,918.783445212132
1384019400000,3765.8612519938515,2152.880011634176,689.9356328664256,280.9700579485382,684.2271215484897
1384020000000,3993.35151058344,2526.140095142192,609.5933415727986,271.82436597135825,689.172165560387
1384020600000,3768.039731360876,2132.3614747972047,553.8849076920253,263.007623048853,877.4418051299223
1384021200000,3437.223567872456,2712.9535523891004,598.864514406534,235.99618449164953,876.0361746398297
1384021800000,3064.1150599100447,2324.9332433893674,686.2583961787024,242.0233158376251,914.007116320498
1384022400000,3175.809395828891,1931.8624533127875,615.885143176518,251.93205515714297,1019.9020806816329
1384023000000,2818.81128882756,1766.5162363942507,534.5228142097666,225.1140861207118,1049.2294468548039
1384023600000,2670.9047743511833,2409.358121103487,626.7641783713701,234.09472451894734,881.5622826281245
1384024200000,2403.7824771733044,2003.067097378747,515.7288297534453,273.37895876921186,1203.6719209889134
1384024800000,2594.4713737950115,1797.7834888685115,522.8861859673866,255.42278321550384,1013.421536058024
1384025400000,1750.9606087870766,1822.0296382575773,554.9164467365779,251.28798417910997,1218.7202078286232
1384026000000,1788.8716641502606,1673.3413391425267,550.8349119929849,234.72502900756842,1154.2997981109313
1384026600000,2023.615755246328,2004.2156222192011,727.2629047544883,249.19490596190968,1324.779295152858
1384027200000,1472.4881031541172,2362.3609834620734,648.6972565651772,204.40499510166026,1240.659819799989
1384027800000,1334.0441311721079,1412.78900905963,790.6692241119348,225.2655071691079,1418.9017714444776
1384028400000,1528.4270015667419,1196.2900468078517,932.6315210262907,216.3090209661743,1226.0202326150313
1384029000000,1510.0427546339372,1069.042348505432,1273.8404215191051,198.22224928462225,1428.3786923643313
1384029600000,1748.4957580707721,1354.5180983743928,1189.5701781601092,215.55157678017318,1436.0836602812335
1384030200000,1576.0183440666706,1105.8135972683622,1281.6400685162296,229.2480243697276,1420.2557667663614
1384030800000,1784.0253843852954,1127.6488835972339,1337.865382513951,212.3197168737173,1448.5890254076937
1384031400000,1434.2433602788842,1287.9637717346598,1444.166017896446,208.12368314919857,1868.741971499012
1384032000000,1648.151309661068,1287.8090226824052,1404.3295684738507,203.56861639347932,1718.097720228679
1384032600000,1947.1657916163017,1170.3279569444787,1273.7600360659867,296.8848733046489,1458.0816573883399
1384033200000,1215.3129335301255,875.0403413488232,1305.1107691867817,262.1028699501008,1483.8746908265698
1384033800000,1171.3193893503244,716.3453429287362,1472.500092331605,229.58702593384206,1415.2845269918173
1384034400000,976.8479946668151,1359.7267974537585,1272.173744605464,210.0161431440596,1589.8533550212649
1384035000000,948.5787225086547,834.7244029513366,1076.8250571598871,241.3564276961368,1564.81868973403
1384035600000,1178.337252586362,991.8089202619469,1227.3618920992205,243.05859407829664,1494.9358027599524
1384036200000,800.0020543239668,930.1372908464184,1177.275753836798,222.38603637421593,1437.9013491841572
1384036800000,733.2398127075161,758.4140518666537,1234.7088407273754,219.68222677977278,1541.6784766167027
1384037400000,809.8934105912325,906.1005062080874,1211.473123248384,247.9284925685822,1419.3054378297022
1384038000000,786.8640355725164,842.0045242315656,1111.7076341652369,245.68054665664135,1469.4165016087204
1384038600000,837.5693629774635,742.7677972235598,1191.597469321682,233.44633744864535,1381.1280458809397
1384039200000,669.6102470321724,563.4413524495214,1129.3024062455993,255.31134878093997,1314.4239757991052
1384039800000,519.4582301957037,740.5497978243093,1420.4780266094288,221.593795086232,1186.9295044271923
1384040400000,619.6756462416821,665.1372916354203,1303.8321719715175,220.69630578428936,1242.8283294701716
1384041000000,591.1265172280181,571.5378101493476,1436.3247001356324,312.85519196046897,1455.6659039560138
1384041600000,369.15100808506986,537.6770102438087,1406.1737800217493,271.6526291963348,1237.245574834266
1384042200000,342.6936025490654,499.91689426253396,1352.1189885803062,218.9603825587363,1145.4995552026019
1384042800000,354.4382959461402,447.0535796762562,1290.1425811815056,255.1096846987431,1119.815582653269
1384043400000,325.1314669007588,357.24056306831017,1202.2805004195795,232.87563508640815,1064.1881153555628
1384044000000,311.74775710853567,331.89845465218417,1141.1701785478847,291.06931354956913,1147.4548092363011
1384044600000,282.99837267697933,365.0284423131504,1149.3427722737129,234.89233736447306,834.3295949532778
1384045200000,286.32922392463337,341.8260946674326,766.1315546654707,238.127118625878,764.7951660258426
1384045800000,266.6922862621757,303.06179539084604,808.3087539640393,204.82373040452077,737.0888697505063
1384046400000,239.41419816577613,348.38632742648736,969.1380863341125,208.2660526117193,652.9356997268833
1384047000000,234.6580275060879,300.3877886050739,819.0629497950154,199.01329862938124,599.8920431383928
1384047600000,238.5816702719301,321.83402561903097,839.8555273799338,198.92859190733463,644.4587767977889
1384048200000,238.44942763555596,348.96025718571786,807.1730713711225,218.50143720073325,572.5670574570221
1384048800000,264.1488026641982,266.62435494169534,821.2556998126445,246.0204340723724,507.6141234956152
1384049400000,235.11369173323527,224.3937490376617,632.2349944131155,163.7128797336235,435.0598688558743
1384050000000,252.46565672026642,304.4309704988175,601.4691060312462,222.7763365869064,346.0658298635424
1384050600000,413.7218223304648,299.75601017395894,637.8742264984112,194.6064723682281,330.2229320418555
1384051200000,270.87917113939943,270.5483957098143,521.8481195153878,190.21998508556388,345.8830793535227
1384051800000,295.2511531099174,272.2555679531887,493.341330413769,178.2046854031368,283.18848039715084
1384052400000,229.72151793850443,264.29401863353155,430.19933078881,153.30095314087922,293.52315532725555
1384053000000,236.67052895868989,234.65878315332543,472.051518035732,209.7245990327754,304.43413518163595
1384053600000,235.0813653215867,260.49728277832384,409.14637480770045,145.74693831133595,253.73641714594086
1384054200000,225.16945460221777,261.2907304358946,402.12110826567937,148.6060290675144,309.90924753385053
1384054800000,254.2691597643701,223.4946424249551,328.27160910575293,128.37131109402645,358.0639745490646
1384055400000,264.5495051095767,234.62121050375063,334.408813311043,135.99851135172116,242.5434138095372
1384056000000,231.96159356809343,263.6753227992708,276.3932550271027,132.75837827846772,281.13658916995666
1384056600000,244.5250513375386,231.56480332712087,321.24630381297777,120.16023393853403,307.39276983972246
1384057200000,250.09052940461183,319.023575443701,239.55413567785143,130.28417381006315,242.67600431669496
1384057800000,227.69327233188153,250.66472558479933,263.2101127123752,132.77839493117023,268.19208115327575
1384058400000,254.0310811013153,210.4504867464821,219.4065602503919,118.54649504782364,271.97667288364556
1384059000000,264.17234216371025,299.4828735288578,221.94299143259832,142.235778962265,226.0179268869831
1384059600000,206.86124160971258,295.59958643414853,211.4350007277836,143.47097924721152,249.81955247223522
1384060200000,237.7827525917025,250.8132244611518,193.65181443450916,124.95229350896692,273.7228939523078
1384060800000,263.84186092034184,228.9966799715266,197.9262390235188,135.043378309158,246.81656922763727
1384061400000,212.42317116222145,231.6010622470567,204.10957299893505,136.23662801665057,258.13385240526515
1384062000000,451.0174654174804,226.12503182305326,199.07152270855434,122.86538739898626,293.9692823014293
1384062600000,267.7179194550506,297.8404343880021,202.58413018240415,124.7733577735352,241.12654202717417
1384063200000,229.39041454720132,278.4336795870773,220.02132367750633,133.43743813382588,290.7577104492028
1384063800000,266.9130201488821,428.27514523732,204.9818690146166,133.46214780734698,291.0199142457539
1384064400000,231.25506350838918,305.53764828248734,197.67147826827068,134.3305767526774,305.1037683777253
1384065000000,368.6953308269138,318.940731282743,243.24949012198763,148.37929503274736,278.5531458612326
1384065600000,397.6173369329516,265.61496235578926,201.10296105818517,141.7491911860667,287.0261822275123
1384066200000,308.80324399407266,357.45334258524343,227.66512820126147,149.3357296610762,286.2643836918737
1384066800000,244.0638839779556,331.5262106726692,235.98122588598883,159.0144042813052,318.06119544321064
1384067400000,294.0976209986526,324.9458560238401,233.05569643332652,158.1820852652232,345.7003928201112
1384068000000,262.5359685775574,312.29428925312993,224.1348998479839,159.45488030673027,276.3013614777848
1384068600000,280.54251169336135,380.34624357564593,289.2195515462583,156.0838652834304,315.113922380769
1384069200000,492.07469772456915,334.27783042932606,246.96882113794905,192.13833928740223,343.21628645999857
1384069800000,368.46239835136004,341.79490823694147,300.43287775767834,165.0832331140133,332.08443732184065
1384070400000,339.0729083213395,335.707434155349,286.6826187882126,218.38629599305145,387.95030133511443
1384071000000,316.5443036736709,366.9890876145113,256.33002080312946,434.80544178527254,350.43447252329764
1384071600000,499.33884109201983,366.5638005626227,293.2306299653463,223.08001824017242,333.2582768851302
1384072200000,360.85929679998094,464.3397925194979,285.6336740529717,172.83009006302703,424.5969776850616
1384072800000,345.39268742237635,451.72434728842796,256.33874806898194,187.79344657342799,368.4901298546357
1384073400000,440.87404366107035,553.0103757600012,283.14654290912705,168.8736149424912,404.3134394791253
1384074000000,620.4166763714164,501.0901259214956,305.9617116464475,242.4120195001156,590.5193579929792
1384074600000,855.0347942800976,588.0971990461796,267.1966345938194,320.6767484579697,517.5032968436211
1384075200000,830.7610972546432,707.7513818871181,310.73483168789056,216.97804229195833,440.3521982468109
1384075800000,823.6671024306429,842.7100236611604,556.6134792670274,248.2258401505001,400.67984791223455
1384076400000,1349.7096233934762,682.134980971834,420.9307147972325,240.69727501264768,408.4221337401527
1384077000000,1007.8440256613335,799.6837848807119,312.663275650877,219.65619637100778,457.02388293453674
1384077600000,1264.3769014654863,1093.3413745127614,420.06404539314246,229.33528063500464,451.0326975306615
1384078200000,1850.4945593991915,943.001048984871,495.46717295277324,288.66408683500356,442.06149917036436
1384078800000,1870.8194608083272,1168.5314727403795,406.8783237225883,311.8788434074858,539.6810823090607
1384079400000,1743.6860992812328,1181.4038691356302,426.02517772889905,273.87029247512055,565.7760402765741
1384080000000,2103.3424860486007,1430.876409348273,367.8277094451019,267.7452548434482,478.44740887366083
1384080600000,2063.959411990255,1386.3880292151691,359.11396204337507,183.7920312927201,595.7269634663497
1384081200000,2360.1626313440293,1343.390727450448,414.8872944756721,198.1634472359288,503.93822200868027
1384081800000,2637.904845170598,1214.2165277473634,461.4644236149693,204.4270449117402,584.8094904766627
1384082400000,2356.3028376784314,1370.0469367397066,492.12478062412646,199.12742909618703,573.9131572641746
1384083000000,3281.5584728780864,1558.5176758335044,649.8359705338117,204.23745158762713,615.8121886851117
1384083600000,2854.5066022119317,1618.383068600108,661.8603551370552,263.6594098934862,529.3472928486133
1384084200000,2269.1521733273876,2157.1616022259814,454.2728880238037,201.12150827109244,589.5170329781035
1384084800000,2675.1188530661925,1901.3016436636399,472.6314461885649,224.5434794792364,569.3092555110899
1384085400000,2690.9182951819903,1668.3554363016106,505.0958285605697,240.7345396038749,560.4427015865275
1384086000000,2568.459253643829,1796.53434224313,414.1957909862994,220.35770676705508,629.5189991666584
1384086600000,2714.700603094093,1620.1233173750522,526.8321573100294,274.4502814193937,831.1398782078643
1384087200000,2611.464769395785,1821.6371761584733,523.0162621866579,245.77818429488804,793.3742801899075
1384087800000,2723.0728050585467,2141.830474268822,466.911704687124,208.5235705086957,648.0475114442668
1384088400000,3742.3952984690222,1673.1419315333937,667.3105165455767,296.2320582357897,692.7660266590913
1384089000000,2716.9990601900736,1951.6858077115828,540.3745350769577,221.09225231317734,928.0141378784839
1384089600000,2811.5530138220242,2646.918141697222,735.4454851685862,218.80240929653803,830.4976774187471
1384090200000,3366.1775982807258,1903.1234866396992,438.60759468052123,223.42201432232736,849.9687227911203
1384090800000,3366.954303992395,1867.3554192566871,499.69362583246385,225.3330128666079,798.8890136019767
1384091400000,3436.4995101676345,2172.9581135057592,341.28402712703956,220.66095190281882,797.7932671325068
1384092000000,3903.3088156707186,1977.2097094448386,440.9812756400686,211.46146504533016,698.6483885356919
1384092600000,3619.4242394735134,2336.9815235743454,480.2061721070812,194.93530569479495,748.6111628013163
1384093200000,3761.480520239768,2223.5952242632984,810.1640027218322,216.41215625176625,831.3638623980761
1384093800000,3924.7955187961447,2078.5068555428525,445.71765898552974,223.7990291596822,686.2298791761199
1384094400000,4890.348947939588,1792.5830177171986,482.71928969932816,209.56667888141695,614.2642101368036
1384095000000,4089.58925034088,1942.8254946362422,558.2942722209273,258.2884847003049,661.513095416334
1384095600000,4004.279828890527,2496.1596386851397,544.9412301124314,181.71225899244854,706.7297183840626
1384096200000,4480.173275258135,2460.6671333696863,653.952917754811,238.2183566239476,655.756524242805
1384096800000,4369.655737542318,2167.793570810343,628.799111483555,250.73567517604346,692.8502596280106
1384097400000,5199.99740461208,2399.383000492533,634.6638597172226,225.3884756335635,715.8306503370122
1384098000000,5225.868693417549,2207.948971037479,495.3360150922763,255.80383735144008,770.1741170672462
1384098600000,5050.285334319096,2737.867326595601,469.36022207830086,247.51445688142297,676.429159149262
1384099200000,4943.922172665423,2196.773738076827,797.3392167404052,264.88027440276704,684.7134136128046
1384099800000,5042.980261311109,2218.1936339691897,506.73835757838935,223.88621756268142,667.7952772163294
1384100400000,4875.334916826453,2237.0877376678395,826.8260438388048,248.04454537836065,616.5082019237142
1384101000000,4430.380033913056,1934.1867391940673,1086.5793203751418,244.6337038080116,688.0372912990011
1384101600000,4618.459785673785,2292.3909821568654,435.39510506189026,235.60660880549065,735.8314963225497
1384102200000,5049.697882393002,2329.8073909487757,474.8699729772197,259.37357001035264,874.3606291185117
1384102800000,4840.183438983594,2363.193783029539,451.3594930041413,278.6945176725778,688.1643045062298
1384103400000,3753.6851894885035,2188.1813145293286,476.6289127594282,233.81932014570276,618.2113880072646
1384104000000,3666.080916215587,2021.058284657776,455.4894151231867,275.1387750449004,671.0673681392727
1384104600000,3861.0821109069907,2032.3670858306427,624.5496961574273,267.8782415305586,623.055136606283
1384105200000,3675.267475521121,1937.098235202747,560.4558121430969,273.1333817021913,688.3595090773383
1384105800000,3704.562822559156,1856.6697458282933,581.311840332863,236.77374569200697,655.4712514110342
1384106400000,3191.3003094419173,1681.299196091608,724.9947499932728,313.8599709023791,682.468469134543
1384107000000,3668.036069893812,1925.3632179389026,626.8387219709715,265.4580248410824,768.1206975930651
1384107600000,2912.5089266160508,1826.365889946804,695.6143262459988,234.86440268796488,749.8296446394315
1384108200000,3246.5603771310048,1636.4517986293476,569.3151375027481,242.90948655100797,746.2988723277323
1384108800000,3541.76910857023,1263.632777986585,481.51271676447163,271.57759136611605,771.2216077570085
1384109400000,2657.738295335861,1274.8532773415523,731.6047969091807,343.30231390697634,766.779921498743
1384110000000,2384.1307249437996,1678.433750645112,514.9508943218829,260.35566903308694,837.860715194445
1384110600000,1907.7302898414553,2324.7349967192454,478.14720715847847,237.01961682908717,833.8815333902296
1384111200000,1638.577189982418,1383.855403072793,556.8204805090237,226.65719759327197,810.0919814853398
1384111800000,1802.9490616448868,946.1062099667436,645.3417093479482,227.08541431969275,822.0399564326615
1384112400000,1327.1673560533013,868.7822086514864,453.5470248126892,265.56102639890315,898.6067938590578
1384113000000,1674.3711122861725,873.9956771556089,629.138749479735,246.93477332028465,814.4344555031988
1384113600000,1121.1343768581105,881.0741159129332,466.1293634495942,250.85447260704018,797.4741501204352
1384114200000,1147.429131461988,735.6985099833283,379.70481582095385,241.97995877732694,880.9042560390286
1384114800000,1101.0178452087885,736.1288535001123,378.36602524692404,201.99337940184768,1047.971041692769
1384115400000,1499.444368676128,742.9380208648847,501.98208940749845,245.29845576645184,904.5345740716945
1384116000000,1071.8240486502402,722.9162778200731,359.26402613640306,226.50263706438406,960.6972783486971
1384116600000,1019.4356372823457,713.5184968120819,357.6219319966321,207.67574083455665,930.0132625303239
1384117200000,1593.1680396865718,688.3322422998948,438.1788681028543,239.52198177378975,968.5590156586013
1384117800000,1212.8735956905075,534.0284453020279,389.9569964209011,243.00404341417993,1182.153427037004
1384118400000,1151.6682554114007,515.5633603973744,389.9332655821658,225.50340509724919,1084.875046888602
1384119000000,783.0815233334215,603.3100441779847,505.97824454877343,259.93276784466997,849.8178971722848
1384119600000,792.0327932142515,599.6606451456681,422.4453910722789,240.47046805921153,837.4377808039917
1384120200000,834.2275239941101,480.1304918381833,395.3206704080758,254.5505022778332,769.86217815449
1384120800000,844.9635299382194,453.7771977183148,337.0773402580968,263.9544336318645,883.2122058568943
1384121400000,554.198566347478,493.3247784374691,312.08070717890485,225.26241242338128,725.1479699843807
1384122000000,821.8925954618605,470.50530983290605,284.05504465104275,242.42937109480079,628.6343189980693
1384122600000,658.8613300727449,496.0810504551823,300.16530087687005,206.8789078623463,734.7276603229867
1384123200000,409.02818140609224,529.3137286816892,284.3063504230722,191.3617443924842,680.5910145063084
1384123800000,498.5258917098315,402.36366467147,324.49020569778673,212.82076693877104,558.2508380020851
1384124400000,419.4315796895634,453.60297576286223,328.19242295134103,193.20051921971583,578.1590515748193
1384125000000,368.3566330995,389.15995551138303,250.78475291905252,191.6609604874625,558.0252465222746
1384125600000,386.43699531194255,388.1898718269832,281.1099993858699,197.62837064629724,470.4848520335207
1384126200000,425.96152316751005,373.0267301540214,316.35361043011443,185.96307214344287,530.3680806013758
1384126800000,291.75775019785243,523.7187143792561,269.55955860503457,191.90388172350612,468.0320277871064
1384127400000,269.13569593389803,341.55725086323116,360.5393166587172,172.5743283717104,400.2740594131417
1384128000000,261.19173783651473,363.3349636876345,281.0697861082344,151.2541228758047,405.2634520115506
1384128600000,216.59457988132004,297.3767766977248,316.7368560680242,143.57625982219923,381.5977854269896
1384129200000,261.565403683877,420.9170324809541,286.1394556036843,163.2936129029382,392.4546959997743
1384129800000,365.6635364259322,306.89467893661185,284.1885576032321,166.2252373934372,348.3307945328503
1384130400000,193.4174741397186,312.4230401228476,209.46196869791785,155.89719541068237,362.9920428094147
1384131000000,226.5806465902583,254.73647633809108,203.254560115083,159.5306976339693,312.7072480259011
1384131600000,242.13760534200384,304.6765756491897,260.73387334421756,154.22804603946292,343.78974745034964
1384132200000,196.89674044754227,284.41287694211695,257.2407024099926,154.51425710406718,333.57891124926147
1384132800000,243.08474190051894,248.60843326957874,248.14044517176336,150.79097002196934,284.68860533644767
1384133400000,243.43643844305993,285.0046593535152,221.04629162195815,135.3704512848539,294.30744734247776
1384134000000,191.8300794315369,266.57530251644226,194.4454475829059,142.97531223392124,287.4573449960868
1384134600000,226.55052687137385,267.59215450579677,186.07593118008035,139.36762067593946,261.56010498931903
1384135200000,233.91480668617507,262.75860912660295,216.03062147698887,131.74467342330578,291.2160249167857
1384135800000,195.72616569310287,246.20220601457672,181.92612068808393,132.0375485092671,294.70806279787575
1384136400000,396.90380815827916,258.0765738817507,174.38417214919855,141.81097947598943,268.9918922994671
1384137000000,497.5187481158381,291.7041011307545,208.28040435991696,122.72839752555986,265.5824821831207
1384137600000,178.98796398708438,311.72113726676525,181.85654469905467,138.32290334399107,261.3755900303532
1384138200000,227.27601436928558,252.7899224290818,178.77908963241842,131.17424544442142,246.00440369335013
1384138800000,240.05809538217173,256.66650075102865,198.8659217742192,124.16013410580764,243.9737194649744
1384139400000,190.9138836005732,238.1497460410206,184.36580082802976,136.87232219985347,243.43868507686432
1384140000000,240.89912202438455,242.62028545628695,181.0757777396024,125.00410072818299,230.04944713469501
1384140600000,234.07529924854012,260.7315765007058,201.43659069124692,127.2841706919995,257.0549484035028
1384141200000,196.94432596738253,263.14569583603895,177.74392015075637,131.44915771900207,232.88948981940655
1384141800000,231.79444616502062,267.51173881306534,158.2983072155412,125.89889830727573,219.99811902335193
1384142400000,236.39547711393436,253.82058477932063,203.72330372878145,122.9697534914928,238.28497874527636
1384143000000,185.36324045827072,254.9677817235328,175.0226727192759,123.01532117580754,221.22641914400623
1384143600000,234.37477212339363,262.8586116404967,162.64371136779033,125.24743832787455,210.7325666684439
1384144200000,225.70090771796436,269.0014766871643,225.5070328310488,136.9701346130409,245.02752016964968
1384144800000,176.80422923822908,262.753988960179,189.0390320932623,126.44743896467884,225.71188932819015
1384145400000,237.95409082863884,281.6950306890944,173.66476029525205,138.59224341564706,204.55939267570537
1384146000000,214.0523772337084,295.0795710060024,205.32682803734735,130.63752769266648,240.25718256951785
1384146600000,181.99767165294426,316.22357033463453,195.491973012296,138.1767815804161,243.21634503233955
1384147200000,236.06033970162193,282.1689342446684,180.86147993197105,146.16581582138718,214.37647720208966
1384147800000,231.85379575217837,303.88790446600007,224.27603597702753,154.63892636094775,250.53928493970494
1384148400000,217.01054644451636,331.96357943156875,209.7980892409597,153.61523457421447,260.90893128598987
1384149000000,267.45557829200385,382.76508168855503,207.8048153855047,150.82597120107764,249.6204775639044
1384149600000,286.82975881754834,356.779489839942,304.6971707981585,149.081235490831,303.94966505262215
1384150200000,209.46705180814337,379.9655242015039,251.9896966618155,159.40203055734187,309.157317117305
1384150800000,332.11858947303335,436.25032312526133,311.9599942953905,174.7596703933211,343.26505914951395
1384151400000,400.56662355779173,531.133336951967,398.87247932953204,201.2521810442755,422.5105095625827
1384152000000,447.91058938034627,685.5146494981935,528.2125860886247,236.84366542119383,428.2182375797761
1384152600000,427.2433763772331,625.2080748584608,519.5220045970088,235.92236893299025,428.78178061459516
1384153200000,395.8115575844937,737.376402787634,715.4086761580862,263.7960786211548,440.6428499584744
1384153800000,486.4679752820769,1162.8660728979005,693.946265275282,337.3786269980291,544.4763259458318
1384154400000,614.164010158482,1170.6897518745836,951.9128551669647,331.66509396766423,597.5409554169499
1384155000000,608.852488169733,1099.5180120398957,1087.6716077058327,344.3928614596614,511.65121130780227
1384155600000,704.8731326051472,1428.0113535182586,1359.4575838048752,374.19658512727557,546.5518865654543
1384156200000,825.3196877259842,1536.4411207880764,1891.7598317484983,411.7971698006333,570.9883744361899
1384156800000,981.7975863422174,1434.3935006973643,2033.8683758759146,411.80405432602186,556.4691805295269
1384157400000,1152.5299916475553,1555.3562992277011,1935.887705455404,423.2632343257472,554.3396503013014
1384158000000,1040.8103714503175,1784.0411146613242,2306.4177561757583,429.08339123920837,654.5498949490964
1384158600000,1070.3288688907812,1354.9507347049032,2165.2693910005864,402.7330447887998,617.5979429615128
1384159200000,1128.8857131467878,1539.377340982319,2359.2858742898716,467.7540930594467,547.6273852177098
1384159800000,1111.7938462975474,1767.2030900391235,2440.7977973045913,461.84548077463415,563.1597747861725
1384160400000,1179.2276985255858,1605.1027200650885,2913.5933173992216,523.957754127438,656.6124498273869
1384161000000,1204.8950148345684,1743.131725499277,2389.979992261982,630.1660774546448,538.0983328501468
1384161600000,1521.4854261664289,1718.3971934266767,2644.167355290266,737.8959295540944,553.9903209250559
1384162200000,1459.0693391347975,1666.4103000976015,2584.1534671397058,552.3014635897251,623.2010147220947
1384162800000,1443.7208556213934,1861.1290561786714,2869.3782543179336,500.1729673071925,545.2118246412724
1384163400000,1273.1007273432292,2084.957599244598,2603.8996434670794,566.0929503782718,514.2394363844521
1384164000000,1869.790299258507,2028.5152397389418,2746.519215061346,503.19905235871954,509.5508844257485
1384164600000,2106.1068559704927,2532.3618706899597,2837.218310205082,527.7580453703703,491.4577791445664
1384165200000,1613.0998965485435,1946.5668891867406,2997.387904707551,539.8084906381827,547.1653348563327
1384165800000,1763.4604197121823,2781.299335069941,2950.4630499336004,531.9645073794076,502.81220244367034
1384166400000,2030.0953707448366,2610.526414010777,2932.84706648878,571.2909291514906,517.6941130082256
1384167000000,2334.6000492084463,2353.5347927150633,2820.4077402416624,540.3231927032875,448.0789811694672
1384167600000,2551.7378628114266,2318.416070572929,2891.6027781896228,655.8232907139392,504.3442110133475
1384168200000,2156.5921077770286,2727.7029116782005,3216.83688389379,679.6036667326724,554.7105172207681
1384168800000,1972.88325590879,2636.358988724464,3017.483064945343,683.5072031061516,513.6351842291646
1384169400000,2625.1396653282322,3060.7364023784103,2978.8675998226686,607.7022942038105,541.9358872566146
1384170000000,2389.176017393295,2643.332881843588,3330.9051227557998,652.291615478162,665.7561912249338
1384170600000,2096.9609115724297,3062.8850732058127,3555.130735306197,630.4370341228039,665.4096656818584
1384171200000,2783.2959589877923,2856.413909153613,3682.774151736895,602.550971325378,567.6648977612573
1384171800000,2971.1577177131776,2833.0668604262314,3688.0124439321407,693.8414068549944,601.7149906177202
1384172400000,2674.41264096936,2998.688715907127,3688.283611094675,547.6839486638119,594.3468806307939
1384173000000,2797.9265933158044,2775.6876958671164,3739.299829028032,679.3804347670003,734.4497324853331
1384173600000,2792.5004579465126,2921.1458895677797,3764.1890732950515,705.9984687752534,729.9437054959784
1384174200000,2724.337214906802,2937.900392530077,3433.3051408488627,631.1189985775294,634.1796375053533
1384174800000,3135.4445422548824,2848.325868145831,3388.349312737169,722.0236808284732,674.3161060740213
1384175400000,2807.709831842876,3175.434521644489,3294.3282195583424,632.7944215757017,769.7414997637468
1384176000000,3087.119858611424,2943.9612337641925,3414.8867371266892,647.2848250801668,705.1641386920171
1384176600000,2969.8991799736286,2602.348155115659,3372.8535823312486,631.518148940802,629.6253841759465
1384177200000,2324.4822499563297,2840.878228160822,3331.207422099711,709.951620433129,680.3315971574425
1384177800000,2597.598090168763,2740.693097706271,3268.8590276361783,635.05595152664,576.286393780629
1384178400000,2498.365695325074,3619.697267578258,3109.836824613407,590.6129044678825,566.8193279992885
1384179000000,2564.499881150112,2848.8017290435464,3170.8721492478326,619.504435222283,766.3805436135053
1384179600000,2876.2736280026647,3109.560699056545,3096.721197826806,578.1015799329073,581.1044517059324
1384180200000,2982.679096296867,2929.3958424326333,3194.138275572393,616.3598906831338,766.6120918480216
1384180800000,2284.5942061598075,2850.601570789385,3134.9979951938394,578.0821584416458,682.3754887924279
1384181400000,2536.7511349881347,2801.6146149529586,3279.052177291911,612.7246116226066,693.4703776842618
1384182000000,2454.2031453300433,2503.6213009375083,3605.854945937715,736.2326179527544,575.1938229489599
1384182600000,2244.034615979038,2772.8063488119424,3317.8854407477374,793.7784984821518,618.532118799262
1384183200000,2504.452943131315,2692.3543923535235,2967.5987748996527,646.3483529707898,652.080632491324
1384183800000,2413.001525095715,2850.5879831693737,3133.535731396451,625.9783472737648,788.9669779710783
1384184400000,2407.4833502883257,2634.8291630390568,3025.852545010264,718.3770443688761,561.7026111200408
1384185000000,2520.6435522003553,2396.054193355729,3418.8408636330387,591.7078100526,658.4141263315181
1384185600000,2603.501448158374,2606.2483273193006,2933.097988834978,543.7098688164155,600.0510906449069
1384186200000,2505.7812855507227,2418.4913249648735,3089.5321437001057,641.3124455970772,631.8414894632115
1384186800000,2389.227469840325,2988.3046468232615,2685.4481320305085,675.3866169319986,627.8123210410739
1384187400000,2482.089111324554,2574.6017734710404,2735.3668380730433,653.1717782819331,625.3832844049653
1384188000000,2387.8718913232997,2867.248833886552,2926.4571866030224,627.6388933179114,601.8102773538011
1384188600000,2606.6729927748147,2271.8520054137657,2581.565207112543,614.4396800077378,645.3606712390617
1384189200000,3212.344884042616,2379.697670158069,2661.4969301598317,620.6373429336027,668.3894065058365
1384189800000,2581.0635932143705,1869.428761667431,2586.0305018265108,641.915946784958,612.1950114541861
1384190400000,2628.155095200929,2268.691103366635,2495.1246085109237,496.0057242646962,654.699588001429
1384191000000,2235.949770313078,2304.6420358909963,2326.803727325162,558.743102852773,623.369715702304
1384191600000,2123.0659318313233,2037.9356489249942,2166.8086863772332,484.9777518644841,742.6046543673311
1384192200000,2551.379179346697,1703.106838905662,2065.760321055618,520.1084529276897,659.4145665940733
1384192800000,2310.469080711714,2085.338415202424,2462.0136028413563,519.9445794425637,699.2044792536003
1384193400000,1957.3978821717128,1705.9798460966472,2147.1279139905773,470.15441149710625,633.4634902625423
1384194000000,2205.590186977392,2148.875820781035,1736.822491726817,427.3372579834358,684.3820917220689
1384194600000,1789.3518002818287,1847.9689697062856,1921.0125114686202,484.1710347808934,694.1579794243495
1384195200000,1985.9675222717435,1654.26150585581,1665.5246313884322,460.196532290876,711.0195927213695
1384195800000,1715.5391192497432,1302.2936368064788,1638.3659826381377,398.0199146433818,765.1491037850741
1384196400000,1765.3126206682607,1460.5629837347947,1453.8272380266346,357.9395425648053,701.1224793528177
1384197000000,1428.3838096374873,1609.937318189119,1498.578983150389,338.9609469232305,813.0224218154126
1384197600000,1592.6513883363414,1517.9462293892964,1361.9846489669185,339.88040959157513,673.7908032759228
1384198200000,1320.7171346378523,1152.7335189007663,1161.0658252478243,309.52373281231417,663.4541439205046
1384198800000,1204.8462394093328,1092.572370539726,1265.0713287351296,349.52176983187127,745.2260171038681
1384199400000,1219.3583878424934,862.9949978134125,1167.5906642829632,437.18091351667204,750.1493501877198
1384200000000,907.1907528271789,1184.253138436163,1037.0606116003896,344.0612610797563,732.4026339209922
1384200600000,929.6178728577945,1202.9924525769259,922.5965928735967,316.99662390635467,822.9850203024743
1384201200000,1164.267276207037,905.17016545947,971.6445249215615,317.8250863253463,741.5112402526427
1384201800000,1201.8798671399034,788.36541337972,862.9005423236305,316.56931880754684,696.4587608782798
1384202400000,688.9618637824252,756.4451416227621,945.085690164144,349.21475734919625,834.5554574054829
1384203000000,754.6984151684073,748.0992416023494,933.2399647916442,344.6898145025258,693.976823223463
1384203600000,810.6209091384308,836.297963539166,876.3665829632281,307.29974331465854,729.0023701036826
1384204200000,635.0270180598386,866.9952031031104,1069.740865201477,343.8382430485235,904.2935218732192
1384204800000,541.3681602542289,747.6570620761779,768.6906253565189,314.6581510244632,815.235375340385
1384205400000,559.0719300090872,693.7313185234842,818.9979131654742,284.8461765565224,790.1646797825289
1384206000000,543.4928439612892,892.6681819994742,816.5733787499568,254.43897042407468,689.8903146136512
1384206600000,534.8199950310136,763.5787402313908,702.2579134129028,247.9136674428198,907.8658465884059
1384207200000,734.3658264912274,737.2604609283429,762.6538849977428,323.95609070461666,716.431596815786
1384207800000,495.62583155085986,503.49476576497636,710.0598533865395,253.6334801276454,724.4169983101785
1384208400000,481.197854487825,572.2175813693442,947.9451833553086,225.27722968862184,790.4110577792161
1384209000000,711.3340713001794,979.5041228609102,643.3419038387538,278.4612930478458,722.7378858752909
1384209600000,383.6934162725327,429.5653195169864,642.4636853404102,294.83474855045,667.1870789262193
1384210200000,394.5387721086758,631.5874292939521,707.6477535788041,239.23181584600226,777.0132252183683
1384210800000,360.6898141287315,472.5212208197001,780.6602074718363,224.8906988018668,521.441060687777
1384211400000,524.5497474023114,456.9867009579431,770.7021577930852,228.94676452583016,517.5631005844937
1384212000000,388.91062804727216,550.9681527261858,645.089737755148,234.67680850361273,491.2954607316282
1384212600000,463.9404116779218,633.4367480936725,680.3485448722525,196.99530138673032,474.8511785640866
1384213200000,416.8724632333282,588.2003912456661,563.6594194217655,195.29519410435864,425.66060965285664
1384213800000,316.9769992195868,484.68728302044394,551.1602423728347,207.3805839752934,398.90917165447956
1384214400000,297.11587866786516,512.8721205707536,539.7124249906982,183.20988033388423,417.0490012232556
1384215000000,283.55718607069264,287.85731204056776,472.3411000220798,186.2162631054925,391.0957800619368
1384215600000,260.3957998837398,352.63872200173586,481.65539177292675,172.61651723324294,476.94187793383657
1384216200000,245.69969942172435,388.82524179063904,525.1143203232192,173.91316119861045,391.3709397632658
1384216800000,266.1008200877804,419.7101074714751,441.4769489295204,183.7990748918691,380.4402735072531
1384217400000,261.50421362028396,438.17989073400474,469.6208568844506,182.95676740739185,379.8531445274066
1384218000000,238.6431742866778,338.1800461196744,460.66763750619987,179.3216520204903,346.85425229345424
1384218600000,231.68942890707487,291.226749343843,446.31612982307723,173.0022853015193,311.3309618156208
1384219200000,275.63210577074017,314.11600481451075,438.99761345045914,156.95589276384666,331.177593058367
1384219800000,263.35852505241513,296.96140620499307,535.8033358765206,183.597333044305,310.1976341124672
1384220400000,190.72778521202167,269.36516138710135,389.5510897017871,169.605758972854,304.6179380559995
1384221000000,211.7967723673033,308.36271576046374,398.12939628172563,163.21364514560622,290.5764339450571
1384221600000,254.3579829734149,294.29447487618705,388.7911896543945,179.93417104109395,285.91794808610695
1384222200000,205.0316271747273,321.23985927454595,381.31514654196,181.7532324951369,278.59890447701
1384222800000,197.33853307000547,278.88329326727546,392.98780763702183,154.6299079979525,275.8948608940896
1384223400000,182.4453778497755,262.62654301519814,411.74626153682055,152.97266326509026,266.7358636882828
1384224000000,176.74397326715078,251.73059672225855,388.1093694696343,160.80668275981228,243.67714576904032
1384224600000,193.78262481544786,271.1482294484201,387.33230339992366,147.11338350626065,244.6172565715257
1384225200000,238.12449201564579,262.486858769044,397.7008872104766,156.19666947584562,261.8025486722911
1384225800000,216.48644622986734,278.24542094747517,376.92439758622925,153.70283111852882,245.38987916273507
1384226400000,201.84941346407325,281.03032879824445,374.16340677683974,145.5146092365132,220.01492463508612
1384227000000,181.7595300950415,287.9826176586722,407.19543934613387,150.7243471675656,250.4466416319744
1384227600000,176.7296142690503,267.72546225094635,366.8563614751194,153.06744153555184,241.65934373349563
1384228200000,194.87535619288778,255.63370407718816,349.18916479929186,135.04285761930083,215.6508166462549
1384228800000,186.23221149611086,264.90592623815394,421.0833846063483,143.80609530666942,252.0892620534956
1384229400000,170.60658720477872,235.1231067605108,355.6784282929275,148.77795324933038,253.85456800710793
1384230000000,179.45030448976144,297.45070391159743,369.3178647408003,141.54855407244833,237.03190587182257
1384230600000,197.18735449703885,276.5386338466728,408.4577223235783,146.43888729031465,237.6637508384415
1384231200000,164.31803236064204,265.523219068044,357.4887421462082,152.6264933220463,249.9188157088999
1384231800000,187.71238334496698,292.3796211854799,375.1628920254108,142.642838017355,269.2164508857265
1384232400000,199.30155041233118,287.33206688403254,406.30287395429343,144.20549160059173,353.178660566093
1384233000000,165.65457632711014,268.22001426735466,349.9119928648564,149.7951189096625,259.8485106524956
1384233600000,201.53391144033628,349.4654975240512,367.27602094816194,145.36910540243954,274.97770739931514
1384234200000,201.05482102137805,326.42911121261466,461.51766890465706,151.57653618589595,340.28360046755654
1384234800000,227.28174270280908,363.0079623129302,363.3717505192821,153.46922558308805,326.8446436348482
1384235400000,284.506158735181,340.0879921007173,417.0770096198548,150.4953896225661,317.19849277046194
1384236000000,278.44292634179845,403.0525321154958,471.4191678138598,185.8129547155861,329.67385252865023
1384236600000,282.8537130577541,360.3775439962701,471.47732387294485,212.73531347756344,312.6289706522143
1384237200000,299.8018557429271,491.75832808759407,558.3363326492855,177.44610307564048,394.9875880298676
1384237800000,375.2640734526208,480.9786276249774,593.9379691562916,208.05914083409786,464.3595685057669
1384238400000,443.78595559041037,588.9810938869242,656.2816293118228,229.1293868413725,468.45402038125127
1384239000000,471.8847310789732,695.3174959414517,811.8987315588123,282.8744952779697,451.7121251340122
1384239600000,396.44793583743103,964.1205982056495,804.6131715379137,324.25816934289554,514.8209977997084
1384240200000,387.6556882076477,883.4334723312643,878.1750825214383,358.823045767506,530.2849238723084
1384240800000,765.2705279483718,1283.3053147068467,1127.9070952790155,339.53988086393974,525.4099559766112
1384241400000,703.4119798486578,1164.2277348283276,2045.495763066689,403.77241295915934,524.1499099141314
1384242000000,674.5187965410956,1128.7442272333465,1632.5708478998192,455.4843899382352,591.4960843573318
1384242600000,766.7109726472759,1284.0024737993801,1714.7404785371532,523.6629899472838,603.7092034629957
1384243200000,849.308225385454,1445.0541789323024,2225.7929489341846,460.9656495784791,638.0688530409202
1384243800000,824.0858425409566,1561.3634393959046,2050.8154260842784,467.1724365190174,557.1468165631817
1384244400000,971.0605578463966,1776.1293722976711,2166.6526672822015,524.3360389882166,560.1756650260231
1384245000000,1045.8270439015869,1558.061684226259,2463.98021767072,600.7031738373418,606.1545158206062
1384245600000,1133.3810021009854,1661.0772763050238,2423.7416561118184,581.9385186013416,534.4908134972861
1384246200000,1219.5039286574904,1789.5922727898856,2411.2006377173707,639.1844813274435,599.7127510593302
1384246800000,1445.6660771970462,1772.2685048269375,2866.3354231141902,573.5749560959355,610.1045234849378
1384247400000,1346.1823681137816,1960.9139166702917,2873.260621825484,599.4814841519758,538.6549882287637
1384248000000,1516.5726114278011,1968.8350863210758,2989.1707805161586,714.5715748622674,531.4009116687803
1384248600000,1571.0868726858996,1924.5087089234657,3198.2613209116403,640.2911596385017,510.7833019805119
1384249200000,1637.981564079218,2196.9463685730225,2930.48971959364,621.6391002224318,498.5862569311871
1384249800000,1651.3608722120564,2177.008201947809,3408.98499350922,678.7591705710737,571.7491975645582
1384250400000,1731.8008862140257,2341.297703589163,3010.263912987153,593.9511862541095,476.46420111869656
1384251000000,1989.8282106506638,2427.047204975129,2798.786747816088,599.202893770824,493.49934815987905
1384251600000,1870.9918265944636,2310.6901243757134,2782.8880892061584,645.3077298181398,531.1846637484545
1384252200000,2018.7989895426244,2413.9681504094506,2904.0244221834478,666.4881700649056,429.9699297851622
1384252800000,2336.659372846549,2408.8883764044863,2693.301670443959,688.9915505837745,614.2477621899916
1384253400000,2306.121873668304,2368.6468212277146,2669.275721625262,681.076402943198,552.9536563764023
1384254000000,2201.135755318221,2546.7379479475085,3064.514961783388,721.282885587441,670.5658084455495
1384254600000,2470.2076466057665,2366.460104016678,2859.341165837734,670.9815229831491,717.2996568122117
1384255200000,2326.6313412572717,2303.8416430086113,2954.935506364954,679.9492106854393,708.1780315250097
1384255800000,2491.0828024587413,3060.5610512115823,3358.7969119779273,659.5308104784599,579.658994319787
1384256400000,2330.546297873622,3183.2469149994436,3368.967364627341,668.509279350913,774.0679637017597
1384257000000,2362.3966165420893,2729.589335948291,3711.1750104910875,674.894459270325,519.9799638674035
1384257600000,2821.1663656037695,3177.8888033832072,3633.7947840302904,744.7969672462318,660.635302670308
1384258200000,2702.751486713416,2759.165574562992,3579.7905441543576,722.4035413764362,720.1146059354054
1384258800000,3002.7426340191873,3124.8909052030253,3335.001695336817,670.3075809828002,685.5408034301582
1384259400000,3650.0199368276944,2989.683284498494,3434.802217946112,649.3468534622293,614.603012390919
1384260000000,3465.0951983735417,3276.1252255109143,3390.294581644693,636.0185788429544,778.4422311788211
1384260600000,3252.023497018373,3095.9806052658873,3536.3428379136976,582.05317583901,628.4004286733176
1384261200000,3261.9145838831378,3100.3192130726893,3360.276092098366,677.330143975074,819.5488226422538
1384261800000,2781.592330422638,3025.561239138796,3402.695563389992,700.3460539568683,665.9266404283821
1384262400000,2726.517661653663,2950.5480298944162,3434.68288420722,742.5185338495852,535.5207973856394
1384263000000,2605.936964035867,2832.0709630476963,3289.908531809928,690.5811183664539,645.1070122248652
1384263600000,2872.274656017673,4182.7551044934835,3359.3247071701276,645.3787534006351,632.5378093705937
1384264200000,3043.229387072846,2539.1958733034003,3090.347911833154,636.1202723947076,645.53262481403
1384264800000,3460.5720435048925,2389.9145521003734,3458.1553237039557,607.7750146443132,658.22834876718
1384265400000,2675.4982840727266,2414.93004617378,3048.4993995592677,588.5693013031366,603.7836104994599
1384266000000,2448.6365733687317,2454.4527981084134,3314.1485901028695,587.6215319336729,568.5885302511693
1384266600000,2346.052877777358,2462.568884291057,3139.401360908845,677.0341289183518,615.4201071171409
1384267200000,2496.2547898374187,2668.4873200627762,3141.9524773377384,650.8911603036629,642.3739039103926
1384267800000,2400.8817542427314,2891.618169532684,3311.760556591349,587.306235764715,638.957815452923
1384268400000,2617.717299666434,2807.1023419077956,3431.7600965250076,684.3876839402873,556.921232733213
1384269000000,2674.9248192621476,3019.7646276346745,3036.2617700186074,738.0659315173046,602.3521256861665
1384269600000,2998.0718321264762,2595.662873479614,3045.2696849123386,709.4693009385356,617.5356399711719
1384270200000,2639.283081443693,2469.0376193272045,3240.4658151841813,603.1513826330946,534.0218863747493
1384270800000,2505.0807686725398,2342.0922083860046,2969.2758519158488,723.1405165070894,581.0862967964138
1384271400000,2734.890905344659,2335.8482724602422,3176.6774543555657,685.1014781593964,610.1689898499504
1384272000000,3953.771721108605,2436.963209921621,2985.0547098495017,570.229306344365,849.9133909042674
1384272600000,2852.3818033581415,2256.86156156565,3343.5903188704456,755.5739512089286,721.3055957945401
1384273200000,2793.9239530567515,2483.157366542872,3946.7783082987285,657.2789069912952,627.2407123519004
1384273800000,2430.712437763739,2723.7932834212515,2903.001288963188,572.5717819502393,573.1218540443646
1384274400000,2344.124636365382,2122.055534086755,2809.0600753022018,652.1771411494058,744.873248767228
1384275000000,2627.7633907837503,2384.7525549324373,2805.8881515924245,642.8308608220559,582.1250563384161
1384275600000,2399.877042120495,2519.635616721958,2662.229826606988,609.934126371324,585.5698887184894
1384276200000,2448.180606921927,2462.4803075987757,2569.2958956223188,613.1676338266517,713.7062226856613
1384276800000,2509.606527377951,2119.8199085578813,2379.450984525959,560.4956487417227,672.2771447905589
1384277400000,2395.3686343069953,2253.0111896060907,2233.048402359345,571.883790216779,752.8906574405019
1384278000000,2399.392250708974,2110.616529625487,2261.5674765835565,519.7896129291075,726.1322450936256
1384278600000,2270.5026494092026,2068.7364736162112,2227.9377341211375,521.0511548043485,846.128701586443
1384279200000,2147.0648200908036,1847.9959112906754,2122.8078471570225,460.3052809019979,709.6027849156144
1384279800000,2158.9512701297144,1649.510361791256,2157.214824478304,476.4041472185418,603.8086271041345
1384280400000,2386.422253235051,1694.3393853459538,2016.0689782334655,447.0099948472695,597.5554112886479
1384281000000,2044.8873995594176,1562.703119882373,1747.3408391966223,415.70885429471406,662.4683340741346
1384281600000,2026.0675731818772,1409.3534997075742,1635.502663873624,470.66107093323075,666.9025258290078
1384282200000,2196.212270797141,1454.799452659548,1450.7585528286222,529.2312892644602,710.57766338362
1384282800000,1541.1055604224039,1288.729604050262,1423.0156260703955,452.74613809326036,870.2052928578179
1384283400000,1548.8375966147041,1221.7900409330364,1377.2115374243156,363.3180153257588,762.4209626779832
1384284000000,1604.3585527801818,1147.3166806555025,1465.595621006799,357.4228857977939,963.8461656701527
1384284600000,1294.6295989531677,1115.774122480386,1669.9818431975798,359.1336523903725,985.3419202050654
1384285200000,1318.887133186343,971.0573167814013,1343.025526644715,405.1728096317309,1331.725120017103
1384285800000,1643.9318619450412,1108.8009621683507,1241.0467336519748,349.9064607440374,963.2996959744509
1384286400000,1155.5042286460744,971.0553575419605,1294.6175927213972,309.6533669309271,800.579998052179
1384287000000,936.6223356633067,1012.556214979745,1034.8668155988162,320.0055013761296,883.823099497447
1384287600000,1396.3687581438376,878.5122142363128,1178.4123548643677,318.82660848989264,808.9497610703633
1384288200000,1181.3723147192597,809.8273757280898,1397.6008124377686,308.43588540838766,782.8036676928331
1384288800000,1217.778757945098,881.8003445133363,1103.0037602465306,306.20008804160256,802.5794370227146
1384289400000,1234.0411137890248,775.3198163113107,943.6006515621731,327.275606836278,830.2166358341326
1384290000000,1230.621420009471,679.5672302637746,1180.7117361693233,332.74520520607814,930.7886954446114
1384290600000,891.5085115825937,747.4227596467076,963.3831186426477,340.95027720099256,807.3734581553286
1384291200000,795.4303375406861,851.3736890867123,894.5795254077286,266.76045456392137,862.5613771469913
1384291800000,730.7580573282189,800.3683303682725,947.0137162446276,261.4963457341666,929.0944811155695
1384292400000,702.6829895597291,601.1759631949873,882.1671577316515,273.65209716414626,843.5457265107914
1384293000000,716.1525925144041,562.8384165190341,1006.8824542747353,260.50600931075843,831.530027272729
1384293600000,600.8521198788405,661.3049150410593,1000.6311111172031,260.11551745027464,848.4240661450334
1384294200000,514.7550146405338,562.9642980286496,919.43942872373,228.20723337900387,903.2718964019307
1384294800000,438.8285133984196,557.9614169531469,911.5656569526953,221.73723624412352,825.2981658799544
1384295400000,669.80441994805,728.8854218443133,816.4888117370853,247.3741820491505,689.187450574935
1384296000000,561.2885534074841,567.7957174984198,774.4537389048295,204.24511715542516,1011.4699896380109
1384296600000,424.23220213752745,458.5873328866349,891.9532247363231,220.54645577977334,770.8308604207039
1384297200000,413.13592328854617,397.77279683026006,741.6568184044445,217.89570175409833,632.0197150376459
1384297800000,342.6796701589002,454.6015609621942,632.5392886311635,212.0599335459072,595.8447599077214
1384298400000,379.97104670425324,401.54988243590583,618.6220571798042,181.23467273658548,595.5046234218249
1384299000000,367.201918185412,411.3579574364444,700.0945126524555,190.9360495014089,505.573450844772
1384299600000,312.79357401034565,479.5983076687582,568.0046337879595,180.9462817477419,543.5420763961357
1384300200000,316.62609441637187,412.0370955953851,553.2204396085143,183.6221589071143,478.7298973433998
1384300800000,314.44256349267204,376.4657941913922,587.6563860632654,176.0468156463475,415.4937676184845
1384301400000,279.0574879216777,427.7477902483688,524.2012017361276,184.00529840026763,466.2136713053952
1384302000000,252.58327364748664,430.42297097956816,608.7335768231437,185.19854072416496,389.8598206285851
1384302600000,249.8038106948749,352.7697195425763,474.9683117676154,181.13854662422435,355.0471163191846
1384303200000,215.60205625106383,337.68138737999544,631.663955856253,187.8151277728919,388.4254214144317
1384303800000,246.47286899348023,344.3070361500197,998.8851852697004,164.38559624275632,383.88942382712486
1384304400000,242.23999884626136,293.59395978391393,548.4627374523224,188.17422343154126,374.82343732930946
1384305000000,226.94012801260416,309.4830743622364,477.226332873475,267.91579791316616,351.20810088742354
1384305600000,262.51271240962063,370.52161064121236,442.27361388669584,153.4447067049139,331.94656320306785
1384306200000,271.5668395056873,301.88061774236485,426.93826705110826,156.28874073335643,305.2981145998109
1384306800000,235.5503399988137,330.8014106254824,413.6523528612598,145.71494780896256,337.5890673388071
1384307400000,233.61375156908395,343.20407734573723,420.03573049031326,156.80624473373658,306.92240881241173
1384308000000,208.71630993753766,333.43930529898313,418.0415174910951,150.60374353857276,265.3394499640473
1384308600000,188.11585196071474,345.96563327806086,387.00240954689,156.82893504595998,290.857612058523
1384309200000,228.08648281307464,334.8005277767535,417.46598315248735,139.9218029815759,268.6698110500964
1384309800000,208.37391521675707,378.1770428050727,457.4645743543663,135.9160485787314,255.2434427219052
1384310400000,189.29070556201927,399.86621951575074,427.24989271494417,140.5520005529618,288.82597189366976
1384311000000,216.42021057724332,352.2005358889162,451.3737749673035,133.04156052243954,273.79446794977474
1384311600000,205.34155241623915,324.2452767083231,429.69476853202815,126.3479251510657,253.24617245655003
1384312200000,225.48471233254585,338.54236851431966,405.833395408244,131.8736126932105,266.02384361507586
1384312800000,207.03466765449573,347.88849390690547,381.8502530827964,124.3814024241835,259.27383689332635
1384313400000,211.04047978305732,345.69138928403044,398.4453832285586,131.4009095784494,243.59248258284055
1384314000000,193.08002586590135,343.2965136903832,383.6058034911621,140.14727536020845,249.89306430370328
1384314600000,207.6513283865811,344.14585014832153,399.32632970464385,126.3876385182498,241.85224307034187
1384315200000,211.70950019438615,351.58357025471986,392.52007318164266,133.60400698984284,238.07972502033437
1384315800000,193.6998052391814,386.1331350880108,395.9538706054502,135.38087184448165,251.38753823112415
1384316400000,205.17405471556603,393.02182450083455,404.9435166232911,126.25988164655254,223.4623473619851
1384317000000,224.6059592092806,341.5555356160588,402.76313905114574,125.6542794284473,253.7330822632543
1384317600000,206.84473402446247,339.51689635130344,399.45704400434823,134.3423850142915,256.1332136463767
1384318200000,232.28731607013373,330.4624594171479,420.7885973592127,128.83277278361587,249.15481161199205
1384318800000,228.9140015474338,375.93081917791267,405.2156291679293,137.40682075662477,275.9812885292356
1384319400000,242.69479155068322,340.58990963660943,436.76667943862554,154.44855630667394,284.5709085680689
1384320000000,254.88297050321424,341.23239269352945,420.2674989584698,134.3079203168382,261.185010067823
1384320600000,234.821848307319,316.3252526244069,454.55802347579737,155.09483368219702,236.70384306628844
1384321200000,238.309782726738,375.55136277488685,501.2116975148564,164.01032732197072,280.47013045207945
1384321800000,291.4972623575641,406.7021944643224,442.46251991883895,150.05059001638273,288.6845190404504
1384322400000,283.97958289730417,476.8197642719759,500.0513193357989,165.80088371296608,268.4366838060895
1384323000000,452.3846408173024,474.5185531945272,527.4560242612145,175.91674765126496,333.0692402357057
1384323600000,641.037605846127,492.32688452633215,577.1251832913247,183.34967427529492,329.5100666002065
1384324200000,363.76768988710364,644.8892446474866,663.3918956254435,204.0899367594638,324.6458360675526
1384324800000,436.51855384862006,669.3792014680313,730.3956421623118,223.97937228238104,494.28809788895194
1384325400000,467.7546994980254,800.0353684400596,716.6337424029242,232.2702270488243,436.9446024159649
1384326000000,605.7343242418483,1065.406168092142,893.149414730458,340.8813111794903,485.32642412299504
1384326600000,642.502003296152,1276.4768759906942,1133.8935176139173,281.2547358541656,536.4050246210286
1384327200000,671.3465302960907,1250.4145522629096,1116.2089943461986,334.8336409777466,568.883740509265
1384327800000,753.3596204547528,1131.9456502311814,1226.444379658216,388.9167530690481,619.3007312790409
1384328400000,738.8601137144749,1231.5842428823062,1585.4228885711761,470.32947291369703,729.14380673131
1384329000000,899.1207706845136,1732.5383096167247,1880.6391507485075,390.37887357580865,704.1265529772063
1384329600000,1018.6349071033965,1776.5323391632514,2188.5382854335853,463.4579468586864,529.8256210169894
1384330200000,1329.1862041093004,1716.100449283273,2128.7060580310454,459.81275584324584,581.6566298998649
1384330800000,1117.1924244288798,1941.694990462687,2471.137297837243,450.16965059982095,627.678541640606
1384331400000,1412.0909463882194,1821.404704824749,2665.2115366219127,473.80822335643154,565.6291206913459
1384332000000,1164.0997622688699,1997.281095753286,2478.8117811597976,527.7276206258172,568.3854419862813
1384332600000,1251.5146143590061,2110.1541058429516,2717.881172486825,499.72867420427593,627.6575319022352
1384333200000,1425.1761371584014,2096.8731270201465,2770.825183806707,580.5338849192527,473.54027663973466
1384333800000,1440.18424959798,2083.6087946196753,2665.418377525903,654.8762060538523,580.8244311939918
1384334400000,1580.800572752793,2456.157234645849,2891.934269027166,683.9308826968174,604.6197868653901
1384335000000,1690.0169222353547,2218.264330471821,2959.8953544277824,661.4131701995103,432.0612262668792
1384335600000,1700.7601110522353,1993.7610485684634,3171.9924929819967,596.1300459140821,519.7672578255506
1384336200000,2108.1350758699436,2325.257220135148,2977.0602843646243,533.5534868022861,534.3657121630125
1384336800000,1931.02421819244,2090.0158835129505,2812.2913474643133,570.4312541165959,466.3223246930871
1384337400000,1886.3186707331386,2461.035581511233,2968.985834064597,526.5527764201992,588.2176368281634
1384338000000,2334.736626836984,2594.634680882488,2913.9340298552656,565.5859251230135,526.2716334056505
1384338600000,2159.9699668212525,2770.44585240966,3286.793441683537,550.43919166036,510.8708447970213
1384339200000,2266.9498380361274,2910.1204365098906,3069.097627420668,546.8913865459754,545.3895722474106
1384339800000,2458.481636588976,2858.6656954446057,3076.40926606768,688.7580639145424,511.3058908833988
1384340400000,2224.551528692437,3102.978488820939,3083.198765340473,743.6964886385442,493.5790951347247
1384341000000,2433.4790358172504,2787.7372946598584,3134.4600735828535,777.8720916680024,568.2599493762389
1384341600000,2478.7940164421398,2308.7316924836,3177.5655848802103,702.0766858349083,570.201963552226
1384342200000,2446.2081525538865,2613.198883162339,3216.196336534693,656.6683559814234,635.0285453949791
1384342800000,2531.854201756209,2771.6842607365857,3756.8228804527143,667.1442680871227,538.4158880043439
1384343400000,3066.4393929825333,2864.955253765626,3651.580159182046,628.9363947641002,600.7060727945039
1384344000000,3035.3734761147475,2868.7287707516166,3790.7982528950743,718.7965486040728,559.0526704296783
1384344600000,3137.9256591971603,2827.4225659632107,3463.6805876966732,666.4647005393622,583.6102993598109
1384345200000,3378.0309812470737,2904.7832226221312,3582.890284578412,686.6554378320494,604.0053251517946
1384345800000,4214.568337833109,3183.4721356011287,3436.2211983154248,672.6787960288672,635.6929589560614
1384346400000,3145.8446008831816,3268.892159061676,3228.7714824493705,695.8078430640074,760.9821122401912
1384347000000,2889.563838930099,3113.2304572556677,3506.8350874025946,687.6913352225645,636.8139561466272
1384347600000,2888.7553346390214,2911.6151069087423,3485.6327828855506,701.8439356507433,562.5786403430702
1384348200000,3284.6161373407426,3461.4373018122074,3483.160502765389,700.0543706493112,793.356529536738
1384348800000,3825.676156160294,3688.208094220577,3325.102025866653,712.9326720197031,616.9261507955817
1384349400000,3003.2526590488483,3568.6812208543515,3321.3840584142185,818.7219162121718,582.651016979848
1384350000000,3364.4770767851237,3393.2237551644516,3173.906449312947,582.0219575533581,590.3903255900017
1384350600000,3906.614345296816,2838.339700052537,3004.0535926697457,566.433483086115,746.9935253736231
1384351200000,2838.4491184326107,2737.62823188169,2979.3123414489887,609.3681716271527,663.6278575398193
1384351800000,2798.11308389033,2884.4686652208734,3002.615103950739,662.4765854626164,672.5078810338409
1384352400000,3046.358335558563,2513.379497946378,2838.1817903608235,556.0582335034882,557.4770751945309
1384353000000,2397.5710888089748,2597.6648176693607,3302.3573521111625,709.9611554194959,587.8063913325158
1384353600000,2554.227341246412,2531.946104540226,2913.6545535228643,602.4692733241268,774.0947435957921
1384354200000,2973.862614470589,2472.9000019778177,3061.944292967157,643.6246429781711,597.134691035214
1384354800000,2937.9105703074297,2848.319373928936,3198.62299144666,676.9301796514627,616.1005611235591
1384355400000,2787.0857545212957,2889.6313444560274,3174.7338645791756,731.7589870826341,662.3603862810634
1384356000000,2525.42990087417,2772.44783564039,3058.078603337265,722.5169373581859,693.5764787404595
1384356600000,2308.455722743313,2780.309996320671,2907.5811666536306,765.8067330750793,677.942670210617
1384357200000,2418.477425375181,2909.1189774020063,2926.5414222477993,662.0472267055243,587.3768727096284
1384357800000,2714.717471042196,3405.5648606689983,2674.0213519781105,597.2662634956662,581.1981214169608
1384358400000,2389.990587279008,2722.5823301870278,2736.324066511563,574.7852262889227,655.2119413849617
1384359000000,2495.9875801428448,2828.5654299368116,2818.25444342546,585.8310897655409,694.9951615631962
1384359600000,2461.4937494356486,2759.3680708498096,3437.214044829472,606.8421336236596,601.8790941098707
1384360200000,2772.975054797116,2700.203555677357,2682.6395063019754,590.8219774103908,600.6102452731071
1384360800000,2449.3151046104313,2465.533872792695,2605.84663639965,636.7812976934262,741.8960201729532
1384361400000,2503.636537179025,2852.533993793586,3271.863737269729,553.6237816204832,761.7015878754355
1384362000000,2511.374684054015,2457.031000714551,2752.433416464903,537.2643090636901,736.5268375777649
1384362600000,2489.3129847318214,2605.7482841797278,2858.9284599116704,506.2756319506946,759.5872191132571
1384363200000,2661.759016732338,2641.3738353408594,2773.359760870243,526.5443886132969,710.9883235881365
1384363800000,2365.219796051508,2293.1003715568613,2341.1038270842832,523.9369988071153,888.8936599948947
1384364400000,2053.7446483060944,2355.1337442912454,2395.6719210160322,461.8856636079537,779.7119244580773
1384365000000,2419.888844842449,2312.8114627486075,2315.459102335858,469.5084880907353,719.7427353283301
1384365600000,2355.0754364522,2254.8233471441354,1956.4053503648188,474.9406662286217,672.7863410810601
1384366200000,2120.9993987440603,2134.9128953087447,1710.5135904732351,501.0534407784511,731.2534456476546
1384366800000,2747.5559451126132,2339.3685314995464,1789.4428917311234,462.79932991366843,801.3414931640496
1384367400000,2086.822447522713,2166.021515727874,1809.4100854266976,437.80263383008355,800.2025014684393
1384368000000,1864.2859091240537,1669.972998823218,1578.8513049251192,467.996648887797,882.6264022994396
1384368600000,1996.579243675734,3208.7729610901997,1635.3287871806942,378.79567274179146,744.9408884509797
1384369200000,1938.8879246526126,1744.7703248519767,1483.2425074772098,384.88225765964603,821.822101222737
1384369800000,1823.80795197394,1674.7132552781661,1327.0860866366393,377.17415636231425,742.0466063447442
1384370400000,1736.0013521465862,1347.511514751558,1241.4633850793807,314.70923623002017,782.8304920926805
1384371000000,1420.0681580424173,1494.489871180671,1343.2363517993908,277.03107049425626,988.260190427066
1384371600000,1600.2523196425677,1455.2134504548528,1252.366191045796,292.11815692079006,852.8374280368032
1384372200000,1499.6518044269806,1606.5567770933467,1321.7967330204908,288.606912580892,847.0169920149433
1384372800000,1212.0202605253746,1040.9681750321538,1457.0113588608144,279.0637776326666,972.0591073732841
1384373400000,1144.0351546347924,1375.4085165277234,1191.4937443850465,349.4142899456894,974.2472274140907
1384374000000,1322.779143427836,1075.820351310302,1085.4230526143183,334.0245166496187,994.4204377211581
1384374600000,1075.951220782536,1093.3414251394256,1281.472828108806,296.95871996716403,999.5203088875712
1384375200000,936.4783546093419,945.8898331437432,1246.0648872938157,271.2086435045706,1024.211657646279
1384375800000,981.5749955898534,797.3348464575596,1081.623875734277,261.48009296852825,1049.9610103104644
1384376400000,925.2953492374363,760.3466787327258,1363.7967774434933,250.5970201926062,944.1359377855472
1384377000000,1252.9129322366614,836.8803297763013,1005.493954118539,244.79011376684633,993.023045344641
1384377600000,788.5222796279578,1147.4392977018972,1027.1995768173492,323.04352344054837,960.2790617495616
1384378200000,771.0321258631801,869.1984484510075,1266.6989601231837,267.7028020762365,916.7159558113982
1384378800000,912.3766796709418,705.5068451592145,1284.8789003229774,285.50706685482277,1066.3528260812934
1384379400000,763.3441346138368,836.7032419644995,1181.0965886491233,372.685695428445,992.1203553712497
1384380000000,636.0253765729589,897.617720531138,1144.1437937376443,248.0951223563633,915.9831329956071
1384380600000,816.7642905983984,1036.2592767829362,1100.232158910047,240.42592701397484,1039.4559988302135
1384381200000,604.1292244030574,811.5704143987101,1005.4345112921618,225.1299821798712,1002.1071563860985
1384381800000,510.8261256841661,881.3909498742821,940.9641640065998,221.007782077052,953.6790591535984
1384382400000,437.2888299321839,870.7147022102351,675.1773169864169,223.7727562367832,1085.7388473575331
1384383000000,585.327150025002,577.8496876111652,793.2727717543198,268.88106876354107,842.7779452591703
1384383600000,352.9931102204934,511.87256116488453,717.3357624078379,234.84028315958687,748.8655837366692
1384384200000,373.197260845757,557.2746646118962,646.1807728293121,237.32716947267838,917.7324766203893
1384384800000,362.27154831446177,442.8875732367263,589.2064340198183,201.01088765861462,807.1896759112315
1384385400000,407.55572269005114,429.7505608764642,548.7910316102791,285.22139562544436,707.7966831488909
1384386000000,338.267943131381,590.2317792473227,531.7950340642822,388.6584833877665,764.9252042017365
1384386600000,267.80954796656465,390.23356700896557,529.6684620454606,193.4169639861969,701.7333124954125
1384387200000,255.56325794013853,375.8652595183146,507.88187400957406,238.21284516074172,698.8349822622994
1384387800000,238.94806627804977,392.64567165017434,459.40464151677895,182.46500672709223,609.7440492441729
1384388400000,247.1256486893317,371.5472701923397,453.5357057931365,191.59443495747175,478.20612812306814
1384389000000,251.79937302371874,396.0311862819451,464.5708486027375,193.4823652383266,478.0249350662082
1384389600000,207.44979785299284,363.74158644307624,415.2281499085731,230.77008744714345,444.1765030600717
1384390200000,224.9664898086153,316.9209901205091,392.0626886641744,248.79947938190676,429.446401171464
1384390800000,220.00567444103038,347.60862246320545,425.5158242526549,224.1145098231716,401.08351429734375
1384391400000,329.81364083397307,321.129012142876,400.634163733512,148.5210196795994,383.593621787686
1384392000000,303.4090565915566,339.7099247525937,421.0606606183712,165.25346824294854,367.2417260956494
1384392600000,219.9412044852607,340.951644867573,425.33686151876674,161.91818142363644,336.88241432461615
1384393200000,198.9363972285856,335.55367948041754,405.771711826315,151.47732928846486,365.938653623808
1384393800000,193.90310956433117,306.25301034845546,399.49274283634423,151.2608705987777,375.42962407347153
1384394400000,189.44839638521984,332.533990269524,427.1176318676717,134.45363997453396,345.37341923489424
1384395000000,182.72397301588813,322.66274070266905,404.94850237887914,135.15039535350394,342.5352276916565
1384395600000,198.16830954522632,446.4092040800712,405.34617371366403,148.36278801213174,311.67590394483585
1384396200000,209.89614602201317,470.2141422102847,435.69968397250807,147.78161314969648,298.91817602028294
1384396800000,190.90118942931662,452.1611287052538,406.9353961247385,144.4963911288475,325.58105453419165
1384397400000,209.8564939636275,330.9327556061932,423.5866950866263,162.27962889408224,297.03014767860606
1384398000000,209.90702136756104,309.57186915440974,424.4244418569609,149.0160570147036,290.041766957208
1384398600000,204.95185888079996,323.3283109087376,412.0448437907766,127.7033469950327,286.2742518109668
1384399200000,208.8134913702289,348.0209089497538,388.58174012294745,169.65071344969522,263.97158498762076
1384399800000,187.0652453813274,339.2723255935884,516.3778398072146,124.06522459101625,266.1738011495499
1384400400000,180.18190317043525,373.57840345422534,396.7393989029749,128.66711168581483,262.9390877096303
1384401000000,200.9099176779938,492.1120572232139,399.1119306239935,133.36162788931057,281.56764137061083
1384401600000,191.0823855601871,323.15946977601976,424.3150635308619,132.42884830582923,243.63002696055096
1384402200000,189.95289265062002,305.4301369033113,399.04729587386464,133.41330574352168,257.36219873111395
1384402800000,199.83281180839282,309.5561270306007,394.6143581972628,135.24214425299016,261.90914067736566
1384403400000,200.96700752724607,292.0589005767743,405.7376738192209,122.97155345222237,282.5891173328132
1384404000000,193.46263143656367,310.2645229686579,465.6650887282801,215.0079633460428,251.5799324791546
1384404600000,201.7788039078033,325.4331808560481,397.6819364999478,161.59031510465593,242.2943631783268
1384405200000,193.69505391235987,336.24881731047543,423.17997991499095,124.53806370382644,292.60792668601664
1384405800000,189.62376690937768,320.3202111311417,446.61436659746664,131.41796626541665,262.6952101219996
1384406400000,211.81134741559893,303.97135286228024,389.79760029418736,135.43803817984426,319.30965993379357
1384407000000,210.7107608669085,335.7562664844389,425.96421268091524,130.38104864154135,297.7794314216746
1384407600000,223.3188886968308,424.19983240267106,416.8535250835209,140.45706305303682,289.3363538323546
1384408200000,275.9890946610499,427.8693137901859,409.8834099287339,146.9042525290003,319.2234024384607
1384408800000,383.4715321367099,391.93489988004296,515.3810327893054,176.78306003144107,322.75329252562915
1384409400000,315.8953292699317,422.41662070794894,518.6705136047781,161.74434375627797,363.303877644504
1384410000000,610.280431049859,445.6173221217141,445.5590425525701,186.95326937706415,407.7819282711613
1384410600000,298.14436620958975,494.6308842247649,611.7963265527776,222.45693605969797,430.2740489807469
1384411200000,335.84090738527675,678.3606963898893,736.1680405806062,253.02141218803868,486.16722509750343
1384411800000,422.65434484817604,665.8114742284722,657.759431475354,226.07275578669882,408.52070876760786
1384412400000,379.64358540523875,802.5622383171968,677.0548730913755,267.4910725044061,557.1846785045989
1384413000000,423.1527372052382,988.9873647831196,935.8756411706997,319.81284568832825,622.9491428727638
1384413600000,528.122434770782,1115.7098253458466,1124.8687835420008,320.6884312930179,601.6778808619644
1384414200000,618.193533788099,1405.3177319884219,1230.9791966277994,365.23683021764975,623.3408700210543
1384414800000,593.6454638614764,1322.8399310579841,1266.1322307714197,427.48441801681093,628.9832538534193
1384415400000,814.2420551843908,1338.624953776693,1658.073074420056,438.7112851420699,596.4766146096794
1384416000000,1050.7437800473394,1634.4853621195994,1938.2234067981462,469.53770038762144,529.3429283175025
1384416600000,1002.6573334781641,1815.0377089198143,2087.920711257673,465.7545868930426,477.12000592081614
1384417200000,1258.7583608993073,1628.9960736328198,2266.824486562763,489.49287847430804,504.38447253135496
1384417800000,1050.1899317450298,1917.1558853902513,2289.8688078875184,449.6085265680742,518.6817209143887
1384418400000,1420.5829092574256,2160.606871955027,2510.759394350958,472.7364137779362,590.0335037957453
1384419000000,1269.929339428285,1902.299243647364,2419.051405274359,494.18268203772715,706.4689355117048
1384419600000,1342.067972661659,1943.0326956917056,2700.543267470507,523.762312107854,556.5222537735451
1384420200000,1393.4433188695325,2142.4846431822157,2736.3542671708724,540.7747596799717,505.7654440816948
1384420800000,1219.1046464101346,2149.016379785126,2672.2973126821257,597.0272601978518,478.2121096792315
1384421400000,1458.9024547269128,2188.610606337377,2805.0807229336,643.6569320290637,548.8447279989538
1384422000000,1434.0206541189486,2294.8512972997523,2642.494232264735,646.148723968113,533.6300324328313
1384422600000,1886.9510498752109,2610.30233297469,2740.44285790846,584.3687940192303,535.8926311363957
1384423200000,1900.3226537682926,2320.187509342967,2777.5826937634492,559.9288197422252,487.33516006170305
1384423800000,1760.446265015726,2432.3458045932375,2819.1832782997835,511.3276325679855,455.17018763638447
1384424400000,1967.690940427382,2414.326989473346,3009.3175991743738,537.7262283902464,623.4789543807403
1384425000000,1965.4521869697367,2404.5075135860043,2885.642831544172,534.7858387575917,494.1938136806608
1384425600000,2261.836497874926,2367.7735137556715,2900.648248949853,583.6213494381009,554.8704534421404
1384426200000,2232.5691804917396,3045.326724074722,2937.6913760717666,565.0556384339028,482.9423895120159
1384426800000,2214.8815510627087,2549.745199636167,3139.237745627336,635.9859500275053,614.5996049558743
1384427400000,2440.8736517718967,3078.757024119863,3025.6404155163523,724.2923981952096,705.7099201785093
1384428000000,2156.6041970874626,2776.041262734303,3037.7184695204983,695.808498592938,631.1783623828943
1384428600000,2237.442908462571,3505.3146020619597,3236.816717451333,673.3649778089034,667.6506985617482
1384429200000,2033.608330921286,3450.3730377037477,3308.036013185513,778.7850624193259,684.0199385652967
1384429800000,2319.124136002422,2746.096664955911,3340.5521923117626,794.1905920851578,512.3373455323842
1384430400000,2603.9414958286375,2995.521059731391,3456.4243607911953,732.5220078652372,598.8545462015321
1384431000000,3369.669861590313,2771.6145628632803,3399.970434982364,801.4556700506402,657.2351007440684
1384431600000,2672.933912860541,2583.3898878416617,3388.351934990494,628.5311431491091,653.8256537717486
1384432200000,3016.593862778578,3114.026387824433,3558.499655592426,618.4631123230206,724.805267953231
1384432800000,3397.5738438313033,2984.653715201795,3368.7094314847577,642.8729217581052,627.5857270334737
1384433400000,3103.0300084151486,3263.5105364061174,3467.8747772761367,633.7111376335499,789.5690927128552
1384434000000,3376.9846406218503,3049.3515387855796,3827.6068950148233,666.5913381292675,802.4670845973171
1384434600000,2978.24306530433,2888.381884245953,3270.9418898340427,680.8876189073799,705.4122605073845
1384435200000,3020.789102779636,2864.337712141269,3595.5260537629397,682.5451452928161,667.0042676848333
1384435800000,3756.934856418018,2938.5307161799324,3074.4125465452294,717.0948748003362,674.3485749954917
1384436400000,3067.8032153038066,2832.365901208334,3282.70232547288,668.9593477455544,592.1680130523445
1384437000000,3192.8996660534544,2846.9879124806403,2986.427662113372,576.0412925372058,585.5037348616038
1384437600000,3573.6579076780686,3195.068017540787,3106.614210297892,584.848165357799,639.3492477533109
1384438200000,2878.046267650624,2732.145143938838,3126.7181629293964,647.3845603065736,611.0150700313588
1384438800000,3104.86235400505,3131.651808752143,2965.6536089397077,555.575384736956,565.8457392571744
1384439400000,2859.137106994961,2641.0658199731106,2876.2527496196058,533.6993116610068,621.4012283010638
1384440000000,2856.3555142189316,2760.4132936333726,2979.1427577300683,546.12601280018,581.6887703625858
1384440600000,2787.445573475067,2784.6243487349548,2970.877432194872,616.7904889871387,478.9456336846976
1384441200000,2965.9310330607987,2651.702889113121,3145.2126588491496,631.8736308162365,501.41890362575407
1384441800000,3043.7534391646386,2650.709821240204,2808.6319809576826,669.243636944394,511.63429837327436
1384442400000,2994.07801145087,2445.7625870459456,3168.1465018587996,625.2379756862335,564.772789690941
1384443000000,3003.5537899287187,2419.6094535970415,3034.983953392889,605.7648253776688,550.9552600347564
1384443600000,3219.094011240832,2485.0147193923217,2958.3289976867045,666.2307907419581,550.5960852553372
1384444200000,2616.122289743016,2526.6643276644727,2733.401351795383,548.6897495720397,561.2202631048954
1384444800000,2697.5846361888052,2397.375714961031,2926.8731220061645,568.109032873671,599.0077194749069
1384445400000,3127.9408994015475,2641.167954124641,3025.752238968586,591.1358959823216,581.7454494618005
1384446000000,2256.244013839709,2614.29697450948,2859.222248896492,589.9279038680637,647.4449240649326
1384446600000,2445.4346364084677,2555.6655309292637,2920.388086742768,552.5821417393496,563.7707064422872
1384447200000,2447.5272054254447,2579.992359991216,2522.299069828184,589.6461331357879,512.0365579743595
1384447800000,2144.712713419723,2287.007498106664,2573.916729668403,669.2792293595718,645.7911490435532
1384448400000,2436.263607148507,2264.680873479375,2722.5247636149184,582.0318457897386,595.4074215676625
1384449000000,2692.5508615445833,2209.8286906573812,2783.0705256931396,549.6226064294217,657.4677868758674
1384449600000,2820.67064552973,2511.904606626393,2398.550713697272,503.43879761091347,665.1829339852427
1384450200000,2317.0257050508467,1936.328720039699,2547.812333231007,503.4257469427506,660.8050485985844
1384450800000,2299.8493849202023,2127.2953955536414,2192.881716340337,548.101139768655,629.7384952772586
1384451400000,2103.179720143752,2107.331836885977,2168.5259286564965,506.01097375380533,781.408821157096
1384452000000,2329.831808499639,1733.516701933914,2056.6002415115604,503.9667842700825,1172.5623771882504
1384452600000,2495.555001858036,1862.6075404836204,2246.5959896636814,553.5428117150101,944.1280378660601
1384453200000,2268.347802865597,2491.0708324392103,2008.8696203602888,511.1897779789565,752.37671948329
1384453800000,2350.5821141328674,2107.6015015828575,1796.4689677151528,455.5956622389164,805.9997449065785
1384454400000,2229.0021777330667,1557.2813040096967,1773.499933272334,491.68886016271216,755.9036919245868
1384455000000,1829.6416689925857,1814.7826757472149,1773.572305932957,395.06093759807464,746.5332155857993
1384455600000,2045.6457264546873,1568.8508880429656,1786.2544101702572,353.16763095791566,767.0652061515058
1384456200000,1456.8409612046125,1310.7924782169273,1473.0171059977188,331.825702643739,774.335095530657
1384456800000,1722.6056717842123,1282.0983596535345,1438.895987112907,335.0545599227334,789.763867066683
1384457400000,1339.4853861868,1322.6845795540255,1294.5980345491832,310.3585245119957,810.6348214505676
1384458000000,1198.8014226520636,1055.3732937352916,1395.0322386930711,297.9302464073336,780.0748080108123
1384458600000,1185.9390780922834,1162.9507627964401,1259.4498709730296,329.9292301458914,862.4947335009323
1384459200000,1366.0007751045177,1097.9204414241533,1250.8821795227948,301.41104734611446,864.1420858538253
1384459800000,1501.0106459838582,1151.9051262890187,1321.291390136358,341.0586501395777,854.3060031350185
1384460400000,1607.6218251409061,1176.402822879136,1033.6533971302727,306.8575315607187,997.1088787257086
1384461000000,1209.3132413288658,870.9757857073115,1131.6757726167648,352.39978986508333,874.5949246255626
1384461600000,1042.9308698521081,811.9582883265156,1169.4211932470191,359.6565361142178,917.1435192151448
1384462200000,1212.5684409175271,892.670926057133,989.8207687194824,341.50748473929184,990.4657382265549
1384462800000,1585.8687880684556,797.8265570998451,993.1295217888105,362.781299744514,878.2644294050574
1384463400000,999.1169546381257,731.685737531182,995.2431741783029,510.04327816681365,1031.1619759205703
1384464000000,882.3241577772646,760.0088461409749,1077.2814622273952,325.7796522258489,872.2312852558066
1384464600000,709.828600580578,742.9927643096694,889.3654581565038,309.92440911871245,859.2910668987014
1384465200000,953.7909996278432,644.1797398738539,1011.5747168415716,305.26966267388394,855.3008920586905
1384465800000,1296.664940768278,610.6271762377341,786.5670302528915,243.66578042971892,758.0927354504976
1384466400000,554.7820310743609,634.6442601069887,783.3695698806209,259.5577735989987,833.2352856335934
1384467000000,746.8611244117302,689.7349653508913,867.1387947057193,281.4957947531705,821.9129529607715
1384467600000,569.8240513626749,713.0426788669082,874.4083292630313,289.1654822790821,775.7062228372965
1384468200000,727.6284531295889,697.375559698945,777.201168128723,412.5073879622036,780.0028969786895
1384468800000,432.43147869105934,668.3626326657679,855.3487885708519,307.4766783847906,815.6817591468994
1384469400000,464.61426606947276,628.372438071133,643.8864282905537,301.68978238487887,804.0716284316777
1384470000000,390.51631364930114,652.4655590423514,650.9604954279048,219.1760551759542,694.5019157805331
1384470600000,405.01307676301013,843.6036803479856,581.8033045544028,218.84622514091458,643.3956520043478
1384471200000,476.67037692067595,623.8790511704259,469.98588027854896,223.62560785192846,757.4243117779845
1384471800000,430.55626845094787,448.5827753520363,533.9634547328569,221.6196355014119,630.0452124693954
1384472400000,535.5184250759879,436.23433241280765,570.2628523656892,201.64177981460836,592.9516537143303
1384473000000,387.0380279274194,409.7038977680931,484.61654534166973,188.3145898897465,551.0359467203724
1384473600000,455.7592121202986,531.9272507941625,472.61688934481947,187.71561834635975,481.95659380569987
1384474200000,641.1093194115042,347.4484050110115,506.79663380492593,178.44439771320188,478.26690078088376
1384474800000,491.01150579647634,400.80999827734144,426.42951328032467,169.00075742892676,399.975487151725
1384475400000,321.0265428116725,385.7670012585391,497.99513677484583,176.64477946384275,383.8531659301796
1384476000000,396.3036783390441,340.83017589735545,515.3395632661842,156.23140045284254,468.6675110600647
1384476600000,336.2120054851285,366.879219016723,463.7617321351583,148.59579212856406,366.16925774272374
1384477200000,232.1685695088361,357.7482231555787,494.5855516493794,174.20036167711757,441.461916129429
1384477800000,219.02358924374983,352.3843298834592,480.3683191747969,148.31944108855117,338.43244127484564
1384478400000,198.55550076221922,325.5783421437582,417.30254135377953,147.17458171538215,343.16314923937233
1384479000000,564.8511609870425,332.8204166420779,431.02546676892774,162.18875490515777,316.01944330750416
1384479600000,341.5969167821408,336.53662950615256,439.38719986840323,144.7242434984494,306.01279432696015
1384480200000,192.2091057062825,329.00693292110157,436.5386673487021,148.89623616997005,299.4015569289796
1384480800000,206.9666360710675,314.86596281979183,471.6350635753227,157.36068316110232,282.3621190686331
1384481400000,194.92644288284987,307.507640067783,443.5428493400148,141.33125427133646,295.322513616544
1384482000000,177.9680712213738,350.01034339116256,421.764990071504,171.1289123231702,286.6580985106042
1384482600000,206.71804506040212,314.2288329947182,447.4392831521028,165.9511496190677,292.01167852765275
1384483200000,200.37750230247576,334.6909981798272,414.1334264829045,144.02321107910424,293.4006399349775
1384483800000,462.4017002585257,315.94082798357687,379.0612256989051,141.11705049761304,260.7090077639752
1384484400000,834.6996338430856,327.24113533382956,411.9443416993514,142.6535313383622,260.6658123743889
1384485000000,193.59387009063175,291.9122736802367,420.79111412314205,151.16645216681098,260.22200152940457
1384485600000,188.81345441181318,304.6057728250056,380.050626933168,138.78987640886464,243.39031664358333
1384486200000,193.71802083065583,318.49538354083205,387.2630199594834,144.4749991477269,237.9823497811168
1384486800000,183.72288740985744,278.9516981369767,393.7635005262897,141.17578957208036,241.6446602356298
1384487400000,195.57184129261196,308.4684345776331,362.5626684898803,138.52515378990972,234.15692862690423
1384488000000,212.8540436186726,321.3512269956969,397.34636212426307,151.64030474894258,237.25961622037465
1384488600000,193.88897085614582,297.56797855790626,437.24411472789006,142.218344292229,232.2939667263408
1384489200000,175.39724789659903,335.23549412042996,402.1044948998482,133.5485274230932,240.5042346353608
1384489800000,591.3006363465186,351.0694554861295,427.29455686869727,143.6770087809737,224.00646082739735
1384490400000,212.95185743054088,309.6955897302581,444.10090322064576,126.75201904211032,245.70329532637675
1384491000000,203.23050518795796,321.230100286718,427.2020697674916,145.16799675649818,237.04597811755227
1384491600000,215.51857194182017,346.97572038166743,432.458671313737,169.57120222504278,245.25644328702
1384492200000,196.24433655920583,476.1746588957223,428.64839103101576,127.9710330990841,216.98671454490017
1384492800000,183.9410535155461,370.1013601183432,417.1256290608887,153.58564609415313,230.99155650266297
1384493400000,244.8685063385382,461.1707464152038,437.0745418161499,148.2183647000945,281.3215582217109
1384494000000,216.32047271459496,363.2085323297655,437.33674064660613,139.9016089687737,326.31129024828357
1384494600000,282.30047137200785,368.5469108064926,471.9666581873833,156.16796315223283,375.88117118822674
1384495200000,314.825769046518,386.7203910636591,470.01267881811583,167.74686491795705,348.2224478141683
1384495800000,296.739242289452,547.531717638002,520.3425991605884,174.90004944196744,380.7150787887866
1384496400000,326.32492504420276,492.80159390066154,543.8754050361116,221.4315071893536,437.8885726607454
1384497000000,410.2085251727815,517.2186337175667,559.9067595096669,281.7779896659527,417.4221474158231
1384497600000,391.64936761851413,665.1333171550431,721.0865079555825,205.2446266118265,476.1848340454892
1384498200000,477.79440052673243,721.8037217334439,723.7193333749592,239.9317441188892,463.76298864364213
1384498800000,727.9110546509108,954.0101674717465,812.6422115786488,245.0599410593736,423.465661527856
1384499400000,427.45647376513125,960.4527421920666,914.9509399981799,276.5593932154869,526.104769426861
1384500000000,505.3230125493365,1104.9056219081567,1118.7513264535985,296.7777774129102,568.8974550900726
1384500600000,646.2762688695282,1167.2152747037223,1449.2571033046486,323.9915388474893,655.822577267109
1384501200000,726.050691074661,1405.9507315909004,1374.4391083847042,513.2413729416882,542.1349123283914
1384501800000,738.3194649972846,1481.9788670519038,1725.9035812834527,399.2285433361358,627.4123277327394
1384502400000,1086.810853660088,1709.1222958221254,1987.0240778591208,485.16875143370896,576.0771776951573
1384503000000,897.5706698258646,1552.6285759613409,2090.0299828437005,447.75298925120694,541.4667260175415
1384503600000,1053.2148903381478,1837.4287612847284,2383.535044449718,446.79355434166825,612.1981599714675
1384504200000,1298.7584972517786,1769.589012086677,2648.7947230765462,437.4979817395012,671.997828713494
1384504800000,1142.1598484854849,2125.113063043383,2540.428750444117,446.34041667909077,681.4920364585045
1384505400000,1077.0221453748675,1885.0288743928156,2818.107020960307,431.2303566155843,577.0046631372674
1384506000000,1244.569593542744,2064.3407152622326,2824.926049248933,531.698557380234,635.4558920674441
1384506600000,1335.3758472201264,2414.2224361592944,2886.8047719494252,586.5034175701612,613.4611637809187
1384507200000,1403.6662495232679,2337.0720085783455,2912.756125646036,558.0508618151914,550.3556130172133
1384507800000,1425.9930918490163,2255.2588200132063,2949.1096747077113,584.7861525567056,491.9434859177913
1384508400000,1658.3491402071597,2366.8503032873164,3481.4068296818104,566.1069787615309,577.390731623766
1384509000000,1693.217433611608,2399.0958627497466,3085.8702601516657,561.941639677159,546.1027584980083
1384509600000,1749.5007098709116,2340.332881192391,3324.4618043638748,536.631676065575,676.7477342164293
1384510200000,2019.9761370684994,2430.0193250262746,3165.807660426674,583.7305177510182,646.3220486122584
1384510800000,1765.674119083121,2342.2739560663395,3170.165178238837,665.2867817748454,564.3690127377962
1384511400000,1978.057049169227,2286.675923131417,3754.147985335127,504.48706514456256,515.5814491231007
1384512000000,1838.0836500853286,2566.5011512015017,3149.942736462776,580.8363773141172,588.7516881592766
1384512600000,1883.2224041363231,2571.0968772222946,3323.148102970031,573.1378418761672,706.4704581945443
1384513200000,1961.8535165023045,2410.7618793877878,3341.847890089498,629.6419775699216,660.5551525988167
1384513800000,2153.21973937671,2326.483514725328,3423.592301344496,576.6003732883433,593.1215208719307
1384514400000,2072.2927159546275,2409.155826256232,3067.4650990060345,611.2363157682946,616.8960348592743
1384515000000,2143.3542338472507,2562.6339921029603,3476.570923474112,665.6369241059213,560.183033895533
1384515600000,2697.8162391072638,2696.797789404179,3800.718979802118,596.5050371075945,606.2698487088948
1384516200000,2660.6553848086473,2760.8893055386825,3869.1527393704646,581.2487067990851,591.4282029074735
1384516800000,2500.2068503495516,2770.8235503664164,4221.045656931354,658.589118913926,494.5012981246931
1384517400000,2536.462501962375,2876.5170319695562,3999.9221476729626,673.5382462079453,591.5578389127862
1384518000000,2868.991135531771,2657.0785993383965,3772.3691031662675,607.0654539084413,654.9132726956788
1384518600000,2657.0775373437677,2743.2693657050236,3857.344182612922,611.0472647122971,722.1394819923271
1384519200000,2690.1961194696764,4083.878484592637,3654.9519176412605,716.0132446278296,556.668465678886
1384519800000,2416.483597046043,2842.259825663457,3989.4034952395205,582.8251456729982,682.7621013092129
1384520400000,2883.4311969400155,2664.8977576614175,3858.9613642485683,638.1049601691387,770.6050749255722
1384521000000,2987.510719297117,2618.274565380849,3762.7270165961163,594.8373333823416,761.305667495436
1384521600000,2781.6301807729997,2484.639837058167,3584.3928034438895,571.2421790608644,776.3774848794304
1384522200000,2823.451019568024,2433.816262178434,3729.2745881329693,578.4753002358644,674.7268812511734
1384522800000,2721.327994531887,2527.6150573966424,3604.484648720787,575.6900123134762,697.5895513164035
1384523400000,2670.7692194223314,2524.609799657859,3250.7447675910744,583.4308979164306,707.7336430388511
1384524000000,3003.022366534797,2522.855147546089,3147.5148410452225,581.6972967077795,622.3837259806667
1384524600000,2595.012167284211,2566.6214545648886,3598.7829486432047,502.8541066597021,626.0946617006862
1384525200000,2470.5884420597204,2357.846936232788,3219.6675729873746,472.08913851712384,599.924050317159
1384525800000,2464.0899566408684,2650.4288786396396,3716.70525031034,518.7523378031361,710.7330844048612
1384526400000,2672.678690813345,2364.903790115856,3138.4915575658924,521.0789185543587,630.0712207069328
1384527000000,2687.398910566381,2339.488625026411,3004.693616856491,494.5838644703929,615.9482744794303
1384527600000,2636.2371502718224,2189.7238228179835,3095.2885883526797,540.8443886232361,696.1454552825583
1384528200000,2815.5731914939233,2412.805597108182,3357.0645778001162,527.6683611551898,680.8123042720274
1384528800000,2325.179313530815,2590.42577564561,3010.9129691505254,468.58024571364007,639.96806310309
1384529400000,2832.7886457857,2255.654794242132,3347.229355883752,499.47992988751014,563.5278812190003
1384530000000,2405.8841867463752,2163.8717670882,3229.4843206600276,484.62897923084483,598.8653702571029
1384530600000,2582.903969717822,2666.5011857210616,3007.903487606582,493.41747552002425,599.6125492714839
1384531200000,2359.1824110770403,2397.959190679009,3114.003913004736,583.8028567384899,634.8033354555988
1384531800000,2190.800283221089,2804.8885788111943,3039.958570829817,504.16429791219747,609.8556701141753
1384532400000,2349.1447790877082,2496.9269875668474,2712.0255332739775,465.18629534846224,569.5211259198396
1384533000000,2256.4165983639127,2598.672131399067,2540.8396298264765,492.0862770561345,579.9358925091312
1384533600000,2402.265139838522,2275.032740248944,2694.4255630054886,490.8448531507957,937.9459180798593
1384534200000,2199.801809349641,1925.699870144393,2422.6817963209487,583.100635151697,753.1037665790003
1384534800000,2926.0050893425055,1774.4412557194207,2441.817090066574,449.96977395729124,673.6198869991053
1384535400000,2202.801264988774,2108.4543373786832,2176.4448364591376,702.7045354404547,723.5429470222505
1384536000000,2136.10414117127,1817.913480158709,2449.986041391279,426.8043119439478,678.0547560682198
1384536600000,2167.245478569559,1741.4391313055544,2022.428832127656,358.24839305827925,682.3883037634092
1384537200000,1705.8928475788493,1835.3053494357155,1883.2641290052354,447.3879546867506,757.3703291889163
1384537800000,2176.1035761588682,1981.3201013243597,2001.1070543442436,381.3339313053281,863.4965274661025
1384538400000,2186.480020839649,1913.039349725356,1903.50442867745,358.13424754842225,943.7046243478372
1384539000000,1829.1861987448567,1639.6432857033767,1656.6918250636347,322.0474710683264,768.0979104251676
1384539600000,1748.7664947486824,1797.8004969771544,1478.1113560394328,315.0970947861742,743.7634332971551
1384540200000,1676.2714216020736,1507.451091072319,1782.552507856178,342.63195297456934,689.3084226541073
1384540800000,1796.5284407092543,1257.3442280117652,1512.995176491762,317.45569039872,822.3951296765156
1384541400000,2133.5191633005415,1402.6695680342968,1583.4760512739938,462.6614835782991,870.1823886316727
1384542000000,1653.1115763742664,1329.4580543324503,1608.2803752933996,360.2693840408965,756.2239252776104
1384542600000,1579.203421989367,1220.092120468772,1069.6658791946631,266.3295657598195,723.1223774379522
1384543200000,1256.4994050268394,1372.0951701370752,1129.7400119361137,327.6308826814773,783.2280165171522
1384543800000,1133.5880011178606,1239.8321944350214,1164.955728934335,276.86117640397265,838.9446816719819
1384544400000,1111.538898097305,905.1198521186727,1317.2063720183273,244.5044396253725,862.0030950079829
1384545000000,1022.7791736323253,772.5766965161613,1126.1470986610145,280.05718670508054,774.7741723586572
1384545600000,956.0130450018942,763.0654859150831,975.880852090788,476.06749101458,970.0453381650894
1384546200000,862.5737288454275,720.1230757852837,882.6112924387322,364.79456566537215,947.0178286475984
1384546800000,1012.2604770963386,1379.1750178482002,957.6672984895346,273.5850915751698,884.5378269756533
1384547400000,748.1620968554267,701.4076538896023,987.4467881305665,233.36984859303567,989.72952953205
1384548000000,927.7033091460485,877.2547719474876,1204.0394272265962,236.01444896521838,1030.3678656228092
1384548600000,1152.1535050624036,851.3757201153551,1247.197886503505,246.14559414657748,950.8391930990681
1384549200000,1571.2914928368155,662.7352964020048,999.9616944094232,236.24643150259604,993.1183082052136
1384549800000,1080.5480969253172,638.254857307304,1039.671676307246,253.26390295064243,862.0780363393948
1384550400000,732.9893768200207,698.7556606078058,1077.0942106477867,328.44557096273047,976.4845385405858
1384551000000,767.7881492534268,618.8950898888834,950.6867813645255,288.5757599354138,1081.7224484748097
1384551600000,792.7970670857766,598.3745789064978,1013.7170644565647,276.29298993415165,942.3496448093682
1384552200000,1025.902041259627,761.5168251201086,984.9478381087758,308.6934685320865,1014.2099118965085
1384552800000,615.440039305615,678.4291431250658,1072.0514269610514,249.02066487495617,1040.2942127032527
1384553400000,569.7066482805395,619.6954210027595,1052.5800963111085,222.38641023004416,1277.0936123184283
1384554000000,525.8715972521434,1023.1322633761606,966.7332768825902,245.69767043639067,1110.74247530878
1384554600000,621.5877105352184,763.954533823737,1056.029514062852,243.06820559399722,1124.9146126222013
1384555200000,439.82931430136665,692.4996881837974,1013.2661698563156,184.5978962660556,1152.2796572302775
1384555800000,376.4881247442891,836.7536115800342,981.205983002422,191.0980560601003,1118.5548666927095
1384556400000,566.2631275810307,802.3939856822201,1144.120298775627,199.71081295079463,1019.556370140934
1384557000000,426.41280997070095,488.680843109147,1251.9710096726324,170.62191060118403,848.5289326425581
1384557600000,701.2457133733694,480.4320581708423,1232.225673360935,267.4862376403849,824.6751767692998
1384558200000,446.05286785427984,589.2851801438584,1341.7598118224005,192.53247972191346,921.7134423444999
1384558800000,404.97576915211795,392.23292222064913,1498.0895418930374,154.68629343229836,774.2785031239699
1384559400000,281.17333840942587,367.13997902946005,1559.1848919166525,191.7915410832663,870.4825280815878
1384560000000,395.5720803477643,321.5345465935904,1505.0332136903023,191.31493209026544,717.8101752798626
1384560600000,188.92761889814685,317.51149972561564,1550.5830832992874,186.47241782061644,772.0629831276798
1384561200000,195.02989673550368,354.26839276052857,1745.323985246278,179.90938540505746,766.7556267140093
1384561800000,198.51809491482817,301.2093243143937,1648.0142356268861,173.01554019002643,961.7716043331934
1384562400000,191.10610642618474,309.61926431208315,1603.2087899975663,156.7656281796452,659.5179092492851
1384563000000,151.7759745029981,330.94939673108036,1561.5658737684012,165.5389206759059,739.8200031413654
1384563600000,196.70437018162377,312.7569411847163,1530.9241583106445,161.36008336302288,664.6691770627712
1384564200000,173.78395865850217,268.02701372948496,1687.1136922184776,150.77791915167083,533.5790031860195
1384564800000,150.948734814809,291.5618533048699,1950.1986712880455,155.75217241308707,502.27109980675414
1384565400000,163.16855461369414,264.3784651286993,1537.60758960467,153.48689112910046,497.0307783150265
1384566000000,160.43577064741905,255.33599497347882,1760.3143410166851,132.47072365390576,426.8784531183162
1384566600000,147.09567669877651,292.5833727787075,1744.104176286085,165.33735438377357,423.06787586632873
1384567200000,151.18722218726006,249.9271702614682,1661.2309817628438,147.6844692278308,419.0577923291413
1384567800000,170.86240972066904,243.49183440919418,1616.1540296892379,122.99099730904356,389.952252535814
1384568400000,140.95271764023167,304.71760283545115,1218.4679930644977,157.6778465566339,350.33285630147014
1384569000000,146.5014261363648,269.9843354193083,1299.1492274056748,175.71824272194297,303.8571918847047
1384569600000,151.43578260085934,397.0916887350804,1359.775547395618,140.36440696133323,353.2869562886325
1384570200000,138.9768949314944,400.87787434628274,1391.502395381482,148.44307518154923,315.0830347879662
1384570800000,140.3550212571221,280.41648485560273,1110.1658678717658,133.50337757668697,287.7881411676253
1384571400000,145.49440496870454,306.3979285039952,1186.9519504947436,125.54135482764686,296.36596823394495
1384572000000,136.92984658502942,296.80840083085457,1062.489588088515,146.7487066867903,274.6567793468697
1384572600000,138.83274169728847,267.4582623631686,676.4651670746097,126.774800856329,270.4987704515378
1384573200000,132.94869493672616,271.5029569294406,644.0674576015191,125.43389677737261,333.97214809981074
1384573800000,151.78165661586414,312.20165087270465,468.0661852536808,138.3239896916293,257.49313535724576
1384574400000,142.1362611457287,268.4412654709394,463.79033938291474,128.1313273182756,246.5134991512699
1384575000000,143.1910997925982,272.80518103544995,422.3569252278799,133.61822081827307,265.9837728672629
1384575600000,159.34202643184034,306.65874803371867,427.8564661675504,125.87883692882002,245.6205569937128
1384576200000,166.5777775615078,255.41178150428746,408.2794830914502,119.6849936678369,245.3540255220242
1384576800000,145.64433313262404,309.5266852978362,428.790439218091,110.8061698574611,251.864469350815
1384577400000,143.02152050086238,290.4709286739824,437.4492431253135,111.68030558605359,226.539537137473
1384578000000,156.1472277202607,231.42009727389654,433.010139041256,120.10860550133908,278.66868690489616
1384578600000,156.0093210398318,288.16588083877406,392.3660419342935,115.49097886767579,262.58728179972104
1384579200000,154.0561696587395,296.24968666861025,407.7111672319497,111.23933993815558,233.75362964205576
1384579800000,286.0631171189194,262.77575908193637,391.24772495844,122.01008635970858,243.75446720624947
1384580400000,182.21454170055367,321.2371589316872,322.0411679930714,113.79877709258062,244.0295900516051
1384581000000,154.1526011566099,293.4418851359053,346.05483016241516,125.47604370084076,211.7137410113084
1384581600000,183.7010358070983,407.3401010401675,408.37092308251516,118.65521236281631,240.15011259626212
1384582200000,187.52318409650135,322.68499129005096,360.6682270062794,125.16474558290578,279.97835543016373
1384582800000,194.83682167831725,371.4186489231656,348.7976577555794,132.73619301428562,289.2442751853326
1384583400000,193.3269380764737,377.5492796857778,332.90741323460463,164.52044681059314,321.0528669287179
1384584000000,221.98633683416554,339.76512365052537,339.8201780659867,145.81716406943184,322.1295285132376
1384584600000,197.7844184940308,446.02595813716977,400.16382185027504,177.1419244746731,312.8586925467145
1384585200000,234.81058406135196,378.0896127653987,397.13285245495416,163.67625822064582,307.15433626818105
1384585800000,210.77986527012158,399.963573512462,456.67124861280274,165.58092899192965,414.3708694500061
1384586400000,202.13031420965544,431.39636078947035,421.2305514221566,169.93758150323265,366.66887960244577
1384587000000,289.36563487905863,470.75628742101674,434.6600006328538,196.6979984622887,327.01981827945616
1384587600000,317.5221792557393,601.9381724330306,564.4281901661083,223.92237251221786,384.55508701299874
1384588200000,335.97616072004905,570.6008168675322,459.8988508344655,228.90108690011223,387.3038227071837
1384588800000,378.164210065179,721.0309468866602,464.2672881762265,209.6205392454617,511.0407673553229
1384589400000,616.3390446191293,587.2811996524965,498.55050185594445,279.9087395344354,397.90734523816644
1384590000000,504.7866818268527,595.7396784893259,576.123085899003,209.25876710668555,470.6690721445839
1384590600000,531.6816318575314,692.2395968595347,550.4323815998596,200.07935176533482,522.5244126680512
1384591200000,698.1315916585157,700.5534218468589,532.1208372421493,194.91150938255134,440.65119748038137
1384591800000,734.2593386599358,774.6533654878984,579.4685654199689,229.8129796379277,426.6354848757356
1384592400000,864.9876256154948,841.5706692781739,561.9367811445469,248.12004229141237,426.51584053801685
1384593000000,960.2654163250858,796.4193483333103,531.7396747817476,223.85763799598752,496.69298832408066
1384593600000,955.7009158870939,935.4917742614441,639.5410958849012,267.9833988528242,462.00540922446174
1384594200000,1067.279989262028,1173.526355599815,601.5400573480739,285.39152048854146,531.2781491796158
1384594800000,1193.4776087670623,1372.5260996982768,500.53618684476777,316.3978699337205,618.2446784217841
1384595400000,1352.402008413488,1420.5457705867238,587.7890326384318,252.98113309584508,596.1337208823855
1384596000000,1449.9760991242404,1355.0885054610426,564.9050397266246,248.43422790202075,679.8446711250308
1384596600000,2041.8568354960182,1452.232526247697,783.6234237236878,265.30183296287737,670.3970998156545
1384597200000,2120.3232959075913,1498.5364152760608,602.4323051469815,283.72926104243686,606.8755217883755
1384597800000,2339.9231038630064,1667.8467282762954,685.867695305158,244.596595787421,523.8007170668521
1384598400000,2122.141020762551,1779.2051044945224,649.6749830008766,226.69219111130235,592.7149607163425
1384599000000,2298.4895350637667,1971.201413839278,998.6605775641468,248.49635673233453,669.2155944492991
1384599600000,2756.2624895638182,1950.9739950139397,704.204445887502,256.05758384249316,660.3546915367278
1384600200000,2548.8574732048282,1976.393873326969,643.5504003922858,291.8612896604404,587.3990952168173
1384600800000,2355.7701425254645,2717.338756017845,648.745821943067,281.6199320127778,707.4366889620757
1384601400000,2737.6144760224456,2086.167321644032,706.1933296009656,216.19366380166002,679.174131829018
1384602000000,2751.4336147341746,1992.390369793963,688.4799846151476,255.12906693659446,779.952359840228
1384602600000,3198.7651165244843,2152.3775901705044,721.6772233567619,264.46524583482824,821.5017204457046
1384603200000,2836.8792029385886,2024.00252648706,741.569086312031,337.7639532615105,861.5513809985001
1384603800000,3403.6229531353974,2094.465489296071,737.7267959908302,252.15609877926596,808.0619279797779
1384604400000,2810.627130755011,2444.061360361517,701.6252386927462,259.64010152088616,885.9160259847971
1384605000000,3231.6229755486006,2467.2840324767244,703.9917269166257,264.1253793280319,786.1433419724902
1384605600000,2770.441312846825,2234.6786773980616,601.7366874075963,266.95864325451623,757.1151961688457
1384606200000,3337.388381794811,2185.843414934708,750.2954379969829,281.9155097470138,809.6780383200726
1384606800000,3251.655900867508,2127.4630030345143,694.5759971481938,273.2419708736397,941.6543740210883
1384607400000,3498.7283433530874,2491.165404144799,707.8364154469027,301.1457013072186,960.650213547797
1384608000000,3926.979219194479,2613.9366020539737,742.7842573595271,346.9678818671249,871.3549210837749
1384608600000,3662.1016734630975,2011.7455000339623,692.4005153681236,309.29030063198957,856.404243599704
1384609200000,3745.2443375441476,2005.8042319686556,613.8512704730641,249.25245513863618,879.7541778913185
1384609800000,3856.705255571041,2454.2818146688046,675.2511280233585,256.4550186536583,823.6618672943382
1384610400000,4111.048095422779,2601.4463897314913,923.7197729213469,304.65451579637937,925.8974898429743
1384611000000,3140.026191211335,2506.220060247529,624.1220260426392,252.7598451061497,817.2611303769413
1384611600000,3900.8109497442447,2787.287309117851,653.7209605345579,333.00242571706315,839.6625326322168
1384612200000,4206.056134302337,2293.7420972415816,581.5595575988476,260.4717414619574,874.6827330838018
1384612800000,4391.923633246187,2715.9128163172218,587.4038004026139,256.47486089461813,877.9235516283859
1384613400000,4846.076891713102,2474.791365449541,695.8939939431074,284.792648190768,774.4350773421364
1384614000000,4697.23370711038,2451.6562815324005,683.6907840086208,312.0719169574012,833.7244475929941
1384614600000,5140.108570722233,2645.873301465447,600.9654912602095,300.704244134721,738.5969010995024
1384615200000,4403.723233178757,3035.555807049719,750.5900729716811,318.8493110660137,731.9144647541575
1384615800000,4521.118074255995,2533.6712318102927,707.6987330910855,305.20827552194953,788.3146575611513
1384616400000,4948.252249386367,2215.9484290070372,715.8694986646716,285.4913772192463,782.8998301634626
1384617000000,4727.429220811451,2687.775847672111,644.8737683294889,271.4623009517921,745.010066116942
1384617600000,4994.1744710307585,2718.8838498680934,638.3709101341019,310.76636924016356,759.0784878104716
1384618200000,4617.014518376864,2802.1145119393095,613.9749964066401,321.38363210133735,708.9429428814296
1384618800000,4742.574771042466,2413.4171853488065,670.4388697279375,321.60312881063805,775.7351823315521
1384619400000,4417.222849179569,2604.502315500396,645.0042551444006,294.6271796290994,963.894490757092
1384620000000,4258.644421418627,2417.1980424622634,600.9552223910458,346.2109306851455,891.2277123926671
1384620600000,4536.348165293927,2326.6580668559427,592.8384487899345,282.31442299005363,864.105847427673
1384621200000,4164.299307860342,2648.959209552841,663.536211302428,344.50486572326633,837.403453091206
1384621800000,3989.152984210815,2595.4893676236156,687.3894923308713,247.14432549831452,739.3938347009221
1384622400000,3848.700204310723,2694.2266216827193,650.0096921829146,268.17606685810813,929.3935746914683
1384623000000,4096.874408068889,2618.403657072543,558.8690364773713,396.4852892748541,724.906641482887
1384623600000,3899.9280413265105,1902.666816684177,549.4536825130923,235.2049974836078,731.8790380856004
1384624200000,3717.94269145138,1863.2364662446364,625.5577900891495,251.90232413614535,747.2766510565442
1384624800000,3892.9083743524166,1958.0587203569971,594.9309719404597,258.12090199757756,941.6370568304415
1384625400000,3218.826077412354,1972.7434468038675,667.6464925535785,225.02508750983506,800.9758111092697
1384626000000,2980.5001944301184,1750.352046252904,806.4882540063473,233.490217085722,953.6354226518042
1384626600000,2779.421319793404,1782.812068501621,611.4679603468816,212.94342082278553,848.3065492519219
1384627200000,3051.862976531966,1764.0585013664283,586.494751400516,267.38327028611627,823.528789083545
1384627800000,2231.2477540885166,1704.1481143444732,604.5952407012716,212.37080865223734,972.2564903850271
1384628400000,2417.1175403476113,1910.228419085093,573.1122810570781,222.3201786544486,985.2842515586419
1384629000000,2947.7533208659756,1607.3274338888634,517.0024298530963,230.25948022963988,936.8281723246942
1384629600000,2416.605604707142,1456.5243180722093,608.7308091310409,249.95155870850067,1103.5741231087702
1384630200000,1928.504054255435,1368.7418917925725,772.5408407331985,227.9595448044796,1083.5097938154472
1384630800000,1541.9937144953415,1127.9508640728038,743.4019296919099,239.77069150132544,936.2678211533831
1384631400000,1836.2298511969875,1462.0541355522491,840.1410812633065,211.76897447894177,1057.956653814464
1384632000000,1571.3787844051283,1192.8463276534867,809.3852599519106,262.8470563848093,1217.4706594486183
1384632600000,1222.3167311335674,1105.3967859305867,894.9046209937013,279.8603850234502,1178.608109842174
1384633200000,1567.2476977142906,1447.7582989192006,899.4136454010816,225.26328277322838,1281.4665036107506
1384633800000,1291.7872731809798,1413.683623308533,854.8345298189366,219.9729398341868,1213.3361270898667
1384634400000,1659.2075406859885,1222.6270215543125,944.8955056509141,199.15529622013915,1208.6969602322881
1384635000000,1608.3145351250994,1705.9328022493269,824.6176383311791,219.9735197113907,1335.8699778326734
1384635600000,1507.707628148554,992.4394858784606,877.5777763480061,209.47265948197392,1573.7180224940835
1384636200000,1533.5529682197011,1100.0540750308367,812.7096824806814,197.11471057428648,1555.7713871100568
1384636800000,1582.3980177108685,1015.9315994252199,846.2435236614226,215.44503125673305,1484.0895189822907
1384637400000,1168.9339374778392,1038.854593767099,793.6337628015067,215.65828631935847,1358.6338735243473
1384638000000,1001.0813624421235,753.9234156599456,670.5133612388623,209.56180053928423,1301.6249567081206
1384638600000,1028.2974144140142,950.9715469643045,790.021366853384,194.26363829826792,1551.0499955846108
1384639200000,1051.5576293377703,847.1575556030778,668.6355210049097,218.7891629027969,1567.5459680874244
1384639800000,1049.7563081930452,850.7345074256132,594.0169105287854,245.5255912793105,1401.49867605588
1384640400000,1380.436275132507,1044.3861603847702,826.7562558741532,220.93445979923897,1798.5998145999622
1384641000000,1016.327618491338,687.23412161491,766.062969974928,237.89652309853113,1441.4530412967292
1384641600000,769.7055564516323,672.508880845826,699.3142057651436,209.8442317848369,1664.6662501752319
1384642200000,751.4670294717262,667.2797374909896,761.365979559353,218.6578733503058,1361.481734766642
1384642800000,904.4677041119653,569.6700848109449,888.5931222807042,260.44603523725664,1295.9628658437418
1384643400000,712.5182857091578,580.2330097813323,986.1033100893368,224.7958823019417,1322.7198454455477
1384644000000,743.602773946208,625.3206837538297,1353.193288629274,251.36253746972395,1494.7445714441865
1384644600000,703.6250166863698,476.18180800051886,1563.9954672786205,208.3441153535069,1207.5182283331521
1384645200000,679.795789836948,424.23686267404526,1739.472423979205,235.92133326379272,1105.966926883071
1384645800000,391.3311187116831,516.4882552182206,2073.842808249203,237.03746266038328,1153.2083294800448
1384646400000,380.7201713508266,383.02129386379863,2164.695010933979,384.1214570071446,1192.218178126494
1384647000000,278.78420907609006,339.59122601384695,2010.223701113565,240.32370377862225,1120.5462854406146
1384647600000,262.05872280574914,399.2498943170018,2250.2378736717037,229.75867535333373,894.2516349088156
1384648200000,258.68877221784396,322.56127533414104,2179.1763514010404,223.8945866138075,906.5302630084972
1384648800000,195.15506655374693,289.1877024257919,2426.2267773172484,221.17413654856878,973.8747434695715
1384649400000,226.96756156419164,304.7609423198782,2518.46536007788,236.42980082759763,951.6554630869989
1384650000000,231.98735944448555,290.93719495322733,2596.3940304605567,222.18746753082075,807.6098335894948
1384650600000,174.64860304020917,249.925099500287,2551.965219241976,216.64235180196175,724.2754348889237
1384651200000,200.44225059430647,344.63751455410795,2597.061955159686,225.57027170647308,682.6037800271246
1384651800000,215.93660655093737,293.914893733059,2491.069077976692,225.41154188687233,507.8081152979053
1384652400000,188.38487963417103,267.893634825981,2427.514343235094,246.01765386585262,535.8201012024513
1384653000000,192.55872096955247,304.73926598769606,2268.7246010054764,239.82572722726493,496.33811409916444
1384653600000,195.96282953987725,269.07500727269684,2374.4347254126114,233.05454008143943,443.90820713943674
1384654200000,157.43056216248718,250.2270990012574,2183.17596056886,223.37746408421683,450.82155867730705
1384654800000,180.88297209714284,236.4591826021839,2277.634756248207,214.51002139067484,454.90056513376925
1384655400000,171.9753143467428,272.69622586274147,1803.3167807868535,211.3825732727376,384.3210005873877
1384656000000,154.8459477463924,219.20058911020809,1817.5192955386462,195.80299226908858,321.5158493510646
1384656600000,176.0760397059344,250.9248908994465,1897.850299371403,209.17828588771584,339.8580887108579
1384657200000,164.22648595001294,328.1385269163097,1618.17812169182,212.90838200784762,309.6380112514246
1384657800000,139.7645107190997,222.0058776307144,1563.329622055964,182.87230260226704,315.51721163027855
1384658400000,170.52182480737633,256.1876003488447,1314.161601129136,187.24576886499017,297.6206949884247
1384659000000,166.02995122719167,251.1218426906241,1209.4116795962298,226.1510150804665,284.6198752729054
1384659600000,135.68927391888428,219.4920889484527,1014.6684434031051,160.12377478133376,280.4864082590784
1384660200000,161.96494311844404,238.3729881353466,1288.6658372093748,162.34623188773003,296.1593781916838
1384660800000,157.7668383790451,248.69282185455026,687.4655173835885,153.3016348682766,238.64054766961445
1384661400000,144.2048368420183,244.69951207345375,360.520054158597,156.1401894842095,251.05082007531507
1384662000000,159.51511132145046,471.5925581891414,320.94306170408845,131.1648940968067,252.29299518125134
1384662600000,173.18571526181415,268.70458463205415,259.00783948283777,162.31440429305673,263.28442111461436
1384663200000,134.84309548699528,235.95033943805808,261.12038584881935,145.62089244635007,249.8662800049557
1384663800000,173.10626156150042,244.23665921394044,315.71483302157867,125.78961429922278,267.9617978431935
1384664400000,197.24874852301568,238.136213430382,259.93736446032244,143.26438112726072,249.51648239586788
1384665000000,137.38587684107054,224.4433417550519,205.01235433922812,150.4384329937123,308.4881489089314
1384665600000,172.82565524086215,265.76718765341747,218.84183173216056,105.98436564941863,244.03091338834358
1384666200000,162.94223250503862,293.77820554933004,234.1625835891454,117.5934125253585,228.81360800471765
1384666800000,163.37540174778493,303.93740090579286,163.72493327741694,107.4233252059186,257.43999813661947
1384667400000,199.11854750101864,280.8206505987993,216.76948032405485,105.78602784292706,239.9024958697105
1384668000000,185.6066253906165,269.8701686415743,190.29043460851426,114.4099701614239,222.9675408810357
1384668600000,150.84242410785075,320.1782277261847,183.58541036074374,108.36042296984522,226.59399769483775
1384669200000,176.3748896151464,282.30994247222657,197.2275353527376,108.79271157218824,224.1197963097918
1384669800000,164.98426648474123,313.68891075827247,194.64954273461305,125.55043373421944,216.97455417212555
1384670400000,156.43613880235117,270.2809217080174,190.7515253042492,114.96463479926432,228.77672471558233
1384671000000,181.84305486041941,281.32786130961637,227.97495504903398,112.81990370930939,240.3706513357521
1384671600000,197.5456113994452,348.5077151365472,221.54162718540937,129.4806828689746,253.46217652511592
1384672200000,176.0955986633164,321.109396260618,212.13207450941246,117.58322081658427,257.4626986119896
1384672800000,206.5591920185573,386.6329046687792,263.4177772345675,116.72203012373058,251.06241578738107
1384673400000,174.57970182295287,366.69657083398226,245.79281797972195,141.70350581596833,238.55164350080477
1384674000000,174.1611632959424,370.8380933378715,228.78039854557073,123.38893593157192,287.86782857057807
1384674600000,264.9338907828032,474.469518962003,274.1236367581288,122.1697151848805,288.6396057932302
1384675200000,439.3509600909542,448.41643283206633,302.33192708941027,131.31819676073485,273.57233490115175
1384675800000,356.2153417981589,418.15462561992877,267.7203038411673,137.78417552441587,301.13376972852006
1384676400000,367.51244765351026,470.64324114077647,324.18136157472935,131.0173906825752,327.0031730721963
1384677000000,273.40696067546895,471.40448850245497,337.12955154708726,178.2013925346375,325.8864537203291
1384677600000,383.8980723777091,522.2040367442858,361.2810641279859,160.57256648249674,372.7403875370331
1384678200000,461.8739190400599,517.0849067173671,343.22104888487416,131.7781700181687,389.63572587045303
1384678800000,538.4744731193878,641.3146791594677,306.8901410986412,148.7348210775218,334.7401623080341
1384679400000,493.2572851443694,652.4351325114366,350.5012803988808,164.98936353444896,425.47267636403376
1384680000000,605.8421000353179,705.0807400163797,373.85204278688576,181.45102867900115,441.28513744023405
1384680600000,764.266587537816,674.588840970394,472.96848493604057,184.51138772417352,529.8920317062157
1384681200000,875.1708364087909,1260.8493778867753,448.4836695095338,157.81810212638413,607.7954779563863
1384681800000,968.8703654657965,1124.089606470577,335.3990952436358,173.23811131506918,540.2575205171762
1384682400000,1252.2456870631656,1153.74153449703,391.34854084601653,167.2268559469791,508.76823006584505
1384683000000,1207.9232324422135,1249.3785672494873,387.7697825255527,177.61519600832523,483.0371419531493
1384683600000,1457.2573475888003,1333.2816277161744,354.57898590818456,186.27508051055642,504.6033205338456
1384684200000,1819.3554697168302,1271.9390961230004,395.89541876434436,199.0996793569854,540.2969431569948
1384684800000,1812.508617414773,1418.1828606143588,325.79579932218957,196.4969256072367,564.4804938335902
1384685400000,1761.6550651618031,1522.0896894179723,391.31154108635934,207.11441524821024,605.53318708119
1384686000000,2114.5315902317056,1572.8877599026152,570.0484346401176,208.77288767937395,612.4487680558374
1384686600000,2735.1756113396546,1581.408589576463,353.9369829394842,239.2356957084419,676.2831076483955
1384687200000,2609.5392116768085,1529.946130201123,366.3779028852653,188.37692303620312,691.3532354549791
1384687800000,2196.9195774770305,1562.2326754172927,424.2249978764932,171.71200405791515,642.2830306159121
1384688400000,2454.7427247283963,1611.5560629977165,381.26005851054464,172.25129705706712,656.486254868081
1384689000000,2353.692890701764,1890.5351842616678,419.4143598001262,193.8258899121287,748.9503433507352
1384689600000,2430.495416715808,1922.6329059448453,506.8518467520058,192.40695203998513,843.9040753922158
1384690200000,2706.766542255577,2017.51057868325,417.64801116314374,188.04052589619639,604.5237013521793
1384690800000,3100.8060057995785,1916.9684413802147,566.7067111453986,193.8698909513984,804.8821769409122
1384691400000,3413.214275562906,1721.4796945357593,457.79866894216696,234.05495185823384,825.9551595754994
1384692000000,3138.836917427988,1761.8586076410884,420.6324685330842,248.76206197533065,806.2367077173725
1384692600000,2713.408112770524,1783.3858947384533,574.7521530057817,192.05692337252538,805.0712764074713
1384693200000,2472.5027683663943,1731.5146500342742,523.1229592783403,190.87151661557223,844.7586310487472
1384693800000,3138.0047264704162,2284.752121852128,473.3075384844443,180.27378875427542,852.4860827097791
1384694400000,2791.70619835774,2032.7028449626216,496.02202179601295,183.29682453123775,1007.6230483257169
1384695000000,3304.6324510693466,1858.2941719092123,477.67667595931147,205.51657361846668,998.223790282288
1384695600000,3219.44911606013,2015.1573221454498,475.0179408256845,217.11618880875096,893.0577881349451
1384696200000,3223.581709315548,1772.0607451616263,518.5217908142662,239.75905649156894,747.1738123304444
1384696800000,3312.408264374044,1883.761050082305,628.3817381931734,245.092261994214,775.2295453048197
1384697400000,3498.59247778953,1895.3626311558596,504.9776318263219,239.73769158329588,794.7633619006064
1384698000000,3551.4757563287585,2251.0223906413403,491.270291966178,248.43143345213537,953.0742553180676
1384698600000,3662.2906412506823,2127.9027006990627,523.6545869524947,247.7508622370177,735.744246034766
1384699200000,3820.7067767342032,2142.0129092842194,442.1492248774263,232.51929893785112,754.212322688943
1384699800000,3915.6665846735073,2124.0848000839246,530.2513093503802,231.59718452535532,894.5008058434001
1384700400000,4007.5771854440377,2817.3854886091885,617.128454298842,201.09113679972432,712.1486328504856
1384701000000,3970.418650723164,1994.676921041705,514.3663673208811,226.5160880684732,756.0001719586932
1384701600000,5108.755279461603,2070.169641946728,436.38253223278406,204.2078888783759,847.8558118091088
1384702200000,4854.290291715128,1839.7754022344736,434.16116146006664,236.41828356994094,736.5196627233458
1384702800000,5120.602064771164,2108.062973945591,500.3538225209875,311.4974724376726,761.2792473518226
1384703400000,4618.477326912131,2050.9166922068375,424.45346806884254,281.13170546014345,665.4545485629719
1384704000000,4778.695836174123,2104.586497746672,449.8169795539368,205.6578990451727,707.0942602223826
1384704600000,4756.1251682691955,2177.205048684677,566.0087109774979,220.65746192620938,683.2408066131886
1384705200000,4145.113986404043,2607.4645671545522,489.82521470788726,266.9410124147453,612.3531637559345
1384705800000,5440.515907322376,2016.4562034824216,488.2344345533252,190.78983601787655,743.5597803715584
1384706400000,4482.439339245278,2010.6228084743202,380.45092404208765,216.24844441393776,739.6164056166263
1384707000000,4456.72099843611,1996.547988865994,508.9384708499971,200.65612965934858,603.8653062032339
1384707600000,4697.715968632138,2218.62184172112,507.01417118176954,211.76178564457197,627.068675329416
1384708200000,3851.583136238022,1904.141121320036,371.74545264800537,205.93268404907627,641.4203202933217
1384708800000,3937.2999087095445,2201.933901512001,395.22043169451877,190.369857444745,659.7693128657736
1384709400000,3280.4152951364017,1818.9435591521521,427.2546362537735,208.7923538385941,679.0264633030987
1384710000000,3507.823918940698,1552.670238940975,409.4450448413557,213.46733596607896,747.6638532691343
1384710600000,4917.715499513411,1515.8781382492343,445.494295542525,215.28324172718584,787.77397216105
1384711200000,3303.3942429742697,1551.9413165933552,485.5216760559195,215.5336779380086,715.7722793412098
1384711800000,2933.566259960657,1414.4209936560267,332.1948468162882,275.5996072516394,754.6417805804642
1384712400000,2747.2906998917692,1393.9928994237046,370.60204190418176,240.20811665728016,719.7806709818093
1384713000000,2592.1475000930623,1424.776801343246,288.43918514767984,299.9807883954543,741.8421210311706
1384713600000,2265.8215918310702,1344.846057429886,302.9251803322039,235.7936379100644,807.2186050398819
1384714200000,2190.2363703376063,1212.5588315136297,344.06804657332884,227.31074036512464,784.7077668456071
1384714800000,1801.727064805445,1023.9265392690667,280.37159822360053,304.81871067044915,658.471491554289
1384715400000,1949.6818341590094,994.1859438438344,243.19158277190806,231.31344826632088,798.4644067857284
1384716000000,1636.8707647263177,893.6889880637111,273.5644963657826,243.42014857735504,877.2836333574962
1384716600000,1214.8591354154087,877.5247217102773,280.6595861026107,258.9262075228608,1103.2287171513867
1384717200000,1173.1151752687958,885.1311223180628,284.57183381786587,292.3043439780345,875.2223422440512
1384717800000,1032.8919046453773,1277.5948612750524,317.3689520376448,245.54759129801027,846.0317739499167
1384718400000,849.7848694477533,661.1209247554555,275.3438452035045,228.88448752391108,787.9097339014495
1384719000000,859.074587562169,728.4556723333874,260.023422633464,218.01774119505276,922.0994480140942
1384719600000,1000.7640808808266,740.3097582928415,248.3691759054833,229.91550403082027,983.233034400603
1384720200000,698.5685060155535,715.2386549877797,280.4069987085873,262.9754810061162,855.8950626088861
1384720800000,585.4666270097161,906.4585976710015,232.72658781061773,350.54896115781827,943.2170923940694
1384721400000,538.3380577677091,711.943370979597,292.85979924904046,380.4366508211093,884.2479513252
1384722000000,702.9920669289324,1108.2147361356829,255.32448543629786,243.14611317338785,758.1897064333655
1384722600000,700.4982053393036,561.6613143072925,233.03461325623732,210.68489150956782,852.0930224894115
1384723200000,691.0581590648791,430.48780823151225,269.0849093279746,206.74411359693784,963.1563528044923
1384723800000,523.0657282370008,519.6649127663998,307.0017034974425,221.89010245269031,843.7418631427541
1384724400000,483.8109575992945,451.3452573935629,306.29840774571903,215.8577480598362,722.2399721378639
1384725000000,673.0813314502284,485.09319408495065,300.61189442213293,209.02779449805797,728.0379872324984
1384725600000,372.7830936174515,494.02497141967154,321.0839573713649,201.16150957400052,738.5645427459523
1384726200000,383.7193174224641,417.9964772011084,270.1248640456059,192.54007129183745,659.2492232124699
1384726800000,375.1758101711928,454.0346332029566,297.2725187741843,192.67046244000392,637.3803929518099
1384727400000,664.2016541386811,420.3932950364563,235.08779477222913,199.71834752749072,639.4849629021268
1384728000000,417.51614052865455,362.9165899139803,204.81222690431764,212.08844296394463,575.2406306838394
1384728600000,323.5075769415867,393.4094628243852,224.7913214099539,187.9186576397242,603.4015488791501
1384729200000,297.2167497617002,365.0961673443729,237.63530042904893,160.68994871422066,527.1337941336101
1384729800000,354.4732226612794,442.9880929982706,249.88715963680767,195.40433718348945,491.8962305803355
1384730400000,483.9854766987723,404.28178241421176,185.23457700963232,155.34654742886582,437.27570641587135
1384731000000,1275.5611687141786,285.117478818622,196.18125014941347,224.73166684374462,523.8419106458292
1384731600000,906.141792638228,428.46693243422095,192.6885008232369,227.96779764978473,432.0404473998031
1384732200000,1809.5704675806678,299.503932889951,215.35556343048523,163.88130389938706,379.58250976166283
1384732800000,207.29155140187495,244.62235491750985,249.6828864588914,152.07624670794004,401.50097222044946
1384733400000,200.991953940363,271.8552526251869,189.63631672135622,177.4259758538376,389.53866819505754
1384734000000,188.83423284881331,269.68333066457177,179.06732131384393,187.86090931552414,368.2944971517851
1384734600000,168.2255316336479,242.3347912622182,175.06288990588928,179.08681860254333,336.5892860792889
1384735200000,178.35732233400057,233.6928585322573,178.74182242911397,182.7402682860714,348.5239875580105
1384735800000,175.65507610254946,244.75579842827287,170.08675198810917,135.07682741824462,358.8850891219407
1384736400000,168.58781710089434,241.4324559697278,155.19036364350015,133.31172875329085,341.0833844931132
1384737000000,173.42869762681764,256.57997553790136,147.8014483161781,124.37469810631666,286.95663391604745
1384737600000,171.29460331127189,255.33721982815484,169.3486085457801,125.96726687467114,282.79232590073
1384738200000,177.98981810241668,257.59092159890145,156.7670341821681,120.1573671987887,312.1410550724785
1384738800000,156.7429650040939,225.9711160062454,150.91535239440245,116.48699905881945,278.02323792538976
1384739400000,180.54024907614885,261.8770914729583,167.13385884294823,151.2122968956319,266.03619800317165
1384740000000,149.94300274712532,246.27906849324455,162.51228604720083,121.78843079904762,266.79955399196996
1384740600000,150.951733363328,216.88398412380712,162.7668238614582,119.21055109104374,263.69963662047735
1384741200000,159.50642192707102,221.35713704716895,184.99981151421196,118.1573025468014,256.1255510885527
1384741800000,142.80129405529814,238.9892108126934,173.99367253694348,120.18147048882625,261.2499738718098
1384742400000,153.2799498760846,237.89376704836775,158.39842986452055,121.2004433914164,232.72341163728137
1384743000000,159.50319167851694,215.96447756103697,158.24603328383915,122.69847505046847,238.4749972922245
1384743600000,148.5994616514319,214.6328775073659,151.56131154576644,112.49897254743588,256.4285474529732
1384744200000,147.4987868567441,231.0941527447671,170.11683188884524,112.91074783284164,234.7396562196664
1384744800000,161.67540282624725,249.6005352587866,192.4674292862841,112.1481299814747,221.301448327534
1384745400000,140.99251972741266,322.90924749379866,179.95211428435707,110.29906068144973,242.73587203417563
1384746000000,154.6360481611572,211.57698813317745,158.53335785327894,109.90705251714812,227.64904802430462
1384746600000,168.81226124874573,227.07163793310235,167.26822203911073,118.55723664498018,188.41081496014766
1384747200000,141.48947597710753,217.58908028947192,145.98848941811693,108.44752526360104,219.74561320608078
1384747800000,165.77168449882654,230.2071163939916,156.34221067128672,122.27198668138026,203.2337671523876
1384748400000,168.06221101515592,275.17414892740186,160.7217898927812,115.20724910420591,195.07799665670578
1384749000000,151.99084142893366,238.37427870460243,162.4843541455088,110.4704932290367,215.69596400989627
1384749600000,157.05976512099627,238.4273253970793,169.37377309351552,121.4565800083414,207.39715608720093
1384750200000,185.9002999665399,238.43758977617955,172.44937537789588,126.92895016908288,214.67136016102438
1384750800000,153.27431908777183,242.8002247784273,162.61822327075626,116.0067492805801,244.84889033898096
1384751400000,155.4077146529073,217.84299888700153,176.54856124265055,116.86845839322363,225.9559641762687
1384752000000,199.8137389617523,252.80799928350888,172.36667981579117,123.28967173480623,215.45557846429972
1384752600000,175.8207911840369,238.66336477659863,187.89179233176557,136.1511501805289,230.6878383181861
1384753200000,182.8426499905869,264.4245879482064,178.19623800355586,135.5693651181286,252.83914731324623
1384753800000,223.68574072177796,361.0330379993126,263.39229210634085,126.97348003171945,278.941641044956
1384754400000,211.94538838428124,309.0105248417446,297.01336322676065,152.86085877803762,337.92802791185886
1384755000000,246.49457660518925,369.733112505264,342.37881662672874,204.88273233767063,313.84510066487036
1384755600000,274.1723036050628,342.8728986307366,288.38523907314016,171.0054957793841,327.30339921463906
1384756200000,324.86528009369636,467.40415216259913,337.3074388656485,189.1546010385399,469.1639584415747
1384756800000,284.1683495787204,519.0099555509435,379.25160432575774,210.62190419178083,394.69801580318256
1384757400000,330.92986813963785,675.945336611915,467.8051312796902,219.54441169462692,453.1661001816473
1384758000000,370.1867231813276,843.1819891845569,580.9953825284689,240.36317490275025,542.0546602647302
1384758600000,427.5371713045474,769.3849876400294,699.1097933138635,295.749644792909,474.6190072565572
1384759200000,567.921060408367,925.093103854516,853.190852055381,305.7273921722221,513.408623832296
1384759800000,691.0019886500094,997.8319244365038,602.9936573615537,353.6628037480016,542.8974966606945
1384760400000,686.9683273862616,1148.9349101146006,644.0637747842703,363.82611119466645,532.3217739368298
1384761000000,708.9595748075382,1320.7988228514992,675.7093092440141,395.42504593951395,407.97963209185286
1384761600000,926.5433097229596,1491.065882118825,695.9793899880311,421.01991156207004,422.3688258380688
1384762200000,1006.949866893968,1461.2874956413066,704.5160675288606,428.502821991199,445.6698270358089
1384762800000,1051.8058177882324,1499.7482931011514,751.2512437280062,480.5632617940858,404.8690652093178
1384763400000,1117.536988856971,1689.7660483598988,818.1719384282075,486.9671877957478,478.4861433042699
1384764000000,1155.8432161215303,1552.453627860916,758.2202284039165,452.3959212232073,449.1493869803023
1384764600000,1072.8308206378229,1687.7863687437919,744.1191737857042,497.65402235352576,418.1318914609405
1384765200000,1308.3357075767583,1736.1041407410746,714.0052717661995,511.038805677156,391.19477557133354
1384765800000,1352.0284025979977,1939.8298214976942,778.858666217964,630.6989752749806,415.902817288317
1384766400000,1207.1824235818056,2067.7809482149196,754.327434140503,656.7885859497618,427.5995858795979
1384767000000,1446.481154462407,2158.826494643664,853.1864667798288,632.9258921256293,455.3677083366822
1384767600000,1520.2123985512003,1947.3602005997257,798.5495124311284,612.6031191318717,379.2937221720536
1384768200000,1379.6968710125059,2159.5236111971185,772.3825222875917,553.1075587340787,417.1399700196939
1384768800000,1847.4806071783712,2269.080379883206,852.0843553140057,608.8686844853688,418.3700811807219
1384769400000,1685.7065498502366,2394.154832090591,864.4687464791425,623.6595101361779,439.19996877910086
1384770000000,1692.543389988155,2798.592975882673,806.070917116237,591.298978878956,444.0047868466511
1384770600000,2026.5300810329022,2181.8214077898465,866.6598521044644,574.7441057334818,463.6661683299095
1384771200000,1923.8392555593123,2346.8781499350057,859.9562006604851,688.4671423068381,499.1458721423879
1384771800000,1971.0951064483563,2707.7099026490905,803.8330714922487,611.6199249123546,448.9623359157797
1384772400000,2233.83610934666,2787.2297734411154,785.0784123406969,680.7174117826016,431.0364988696216
1384773000000,2270.335516824019,2812.220143240661,841.9672421476378,720.8271196307431,494.3643658023439
1384773600000,2252.0521700996082,2842.287163116034,863.9535665018494,629.5040141215729,544.9863068734089
1384774200000,2212.4982401254215,2870.7487030730945,943.6561457734445,625.1969719097033,407.9852831037289
1384774800000,2030.7353462174972,2732.575394617289,872.162442780928,619.1365635343778,560.486027014827
1384775400000,2339.1953177386285,2773.317870264582,971.0617115186924,761.6804660877172,473.1139195145941
1384776000000,2701.8789852028617,2803.2318365099195,1249.3904240979537,745.6324908965246,560.7966122251247
1384776600000,2416.564434875425,2977.0223023359636,977.3269922126157,737.3432057785288,565.3470863143954
1384777200000,2937.464641975996,3274.099698119856,972.8246631719103,728.6030748894267,544.0663864017831
1384777800000,2639.3859400785063,3360.8320280841576,1043.3875494042425,651.2463420584905,480.1212279615945
1384778400000,2630.7543538168484,3092.6998568451068,956.8261164933592,708.8840580501762,539.1050981937336
1384779000000,2887.6480279799207,2944.0869739031787,956.6612984234548,784.6336058367796,644.3746175408166
1384779600000,3017.1281092819518,3070.3757315707626,1090.9973454463905,802.2576426600035,597.9582399551568
1384780200000,2767.063515803264,2864.9463737590077,1204.5379986040068,790.2504596069332,576.2221290807793
1384780800000,2599.4434282887614,3102.392203471553,1012.3733610982495,717.3146731143676,546.8993311893794
1384781400000,2682.5619002639,3402.7814868606147,1017.9485690784262,679.0079410054226,532.2361082228402
1384782000000,2432.000080632118,2828.569379173809,917.3705127296585,621.3092424638968,512.9280196358304
1384782600000,2312.7651797237118,2699.854696131496,962.8730207041153,645.7396346229356,537.4256584596851
1384783200000,2304.385773022754,2480.7211273928992,907.7103705608463,594.6808791224332,571.070527477879
1384783800000,2605.477176575733,2835.726651464091,860.2588129112693,633.3264736626891,478.9638861816711
1384784400000,2393.9298635041223,2679.2084276620935,978.4965899963094,627.8689180713301,539.0776560515376
1384785000000,2517.155006310243,2644.8453882640433,873.8683262709822,590.0952754858237,587.2557175101774
1384785600000,2197.0278366055395,2348.000373346694,874.2310345309787,579.9289378473367,496.5482601600677
1384786200000,2095.323702533745,2778.0667547001544,881.3752551825072,670.2237720046965,567.2481463584503
1384786800000,2527.717026370285,2735.788597677939,1668.7546254510607,732.8833463561998,527.2542177777809
1384787400000,2240.5050399319184,2401.9822056958737,1757.0713491827612,744.2450342941046,573.2545052830037
1384788000000,2561.2172248260204,2850.0350130339925,2336.7657394133007,621.8761559959855,552.8746073462203
1384788600000,2120.807799594632,2660.9072898839604,2350.697309885706,720.8997528166017,530.1115310619424
1384789200000,2574.674857423393,2380.860034881225,2366.529163520139,664.2439687517938,597.9565415683157
1384789800000,2213.1717638888067,2422.509967413444,2384.041442565314,703.2948163114838,487.2336641432497
1384790400000,2616.949312158547,2453.2681982599393,2529.6334758700914,632.2850387252519,464.4459386546731
1384791000000,2010.3240041454997,2073.1518524198123,2390.060593298211,588.9695272685519,477.02548759621914
1384791600000,2266.8588253378116,2316.097404664652,2651.328382106789,598.1430108559025,484.99737177013657
1384792200000,1965.464023552255,2088.284676354309,2397.480544210737,634.2468348420978,588.7634183147707
1384792800000,2261.2867137334006,2015.4696264251065,2318.5251292683192,698.4322290239825,573.2419167784868
1384793400000,2356.368472371319,2189.7675363526155,2762.658294198616,673.8651881949855,583.0955301742109
1384794000000,2469.2688995392605,2320.2244076039915,2566.101425601045,580.0356909261795,601.5379984424852
1384794600000,2537.8358144242793,2267.964481194987,2610.4780599874944,619.5517915885622,635.4545719759474
1384795200000,2312.4194820347097,2072.0684686249288,2430.6025225776966,548.2697033489561,629.8068579405399
1384795800000,1905.4375535575134,1918.1297830881958,2389.777469583564,488.37965237264166,573.3904902447409
1384796400000,1949.0525694654975,2038.01233559758,2519.1968923223494,486.82471426347104,668.8784189557311
1384797000000,2294.0547527669355,2144.766615717018,2324.166091797534,439.819347135052,713.066658834452
1384797600000,1752.720429318854,1737.1470085562764,2444.783183631461,499.43990325728345,682.2525116574046
1384798200000,1588.768734396082,1715.015881562803,2432.6653672253665,437.6853767562305,702.0973415952312
1384798800000,1979.5509189703912,1635.3755904692198,1947.4604297104793,404.74987120009007,645.7011285339069
1384799400000,1593.507812051734,1668.9274098398957,1618.214962651033,510.6802136657108,695.6190025327763
1384800000000,2547.508142048049,1674.164398983508,1499.3611019787063,428.39046244290705,665.0875074750688
1384800600000,1629.1965543338354,1718.8734105916246,1348.572181660065,360.3817564803779,706.1871352511754
1384801200000,1449.4748034429256,1605.3650500994963,1467.3152620302144,412.8979815337881,716.5672479881091
1384801800000,1751.0646708487957,1224.530247567434,1482.5988092204348,348.1688238710441,826.0999343309398
1384802400000,2298.473290284316,1413.2683301725299,1266.6873665550645,317.66411748010466,821.0730580861866
1384803000000,1334.5380420917654,1068.7850610483592,1116.400499076503,325.1020469646244,850.81204689072
1384803600000,1069.843000823435,1091.844031703734,1031.1093140453665,303.09927150401035,785.7734938066358
1384804200000,1115.9034568366246,1151.6849252605627,999.8744848579319,287.96566683573883,771.9137441681356
1384804800000,890.4807984331303,979.3890285438462,895.572063433146,328.3385346558034,803.6952838855051
1384805400000,801.4585705058029,981.9374412537926,1035.9638101074765,382.6853041806345,863.9952594513369
1384806000000,852.7985145642836,1319.4245688611238,907.6358340993476,264.333010296414,775.7889709054148
1384806600000,1091.1448517592232,1050.1910316193976,812.7008122860977,311.00935252250963,803.191752746934
1384807200000,750.9013685711079,711.247081017961,852.3785636140382,271.4021344140603,756.5478912791864
1384807800000,862.8137100442428,929.603742833454,700.6637098901114,283.9056071946548,715.4080724518924
1384808400000,749.6434372820429,1097.0352391047186,769.807344594308,267.98218186958394,780.4126826086324
1384809000000,608.1065131520618,1005.7346816969688,975.8200837175343,282.56879574982395,740.6701824459087
1384809600000,699.7524569563006,787.6220418887066,885.0849260495335,246.3833220782583,771.0126517491193
1384810200000,863.1909349347878,711.4442741235501,728.7244311807038,285.7023487435558,722.3762985388158
1384810800000,686.1410707069656,679.3374072901497,730.194967964906,249.99106105642426,696.0511439536326
1384811400000,608.1830126243594,685.1625908124706,649.6118302550944,236.3852234467906,725.1896577573611
1384812000000,555.293284070164,611.7613485044675,615.9691345477803,231.59940762471487,618.0778047076558
1384812600000,440.1852718474325,543.0753629952596,682.6881489479348,220.94834202789443,756.9972068717416
1384813200000,479.6858811538164,1066.806955087126,564.5913899903306,261.0091435227995,690.9524130036792
1384813800000,412.72670222536476,421.6327060970869,747.7085963201371,227.9072933863379,580.1123167785308
1384814400000,350.4904897587944,435.792538196816,507.341205577449,228.74823455782644,627.682892031663
1384815000000,368.2370656973062,511.58321379013296,534.9996668615227,212.340092139186,635.4131280547268
1384815600000,395.92788404664253,510.3356100406576,498.7901136228388,207.50719707797808,674.7056851473973
1384816200000,314.0708112105509,568.1367914010226,672.668599197591,214.5174757741096,542.202158650721
1384816800000,303.01346161734523,407.89607115606896,420.91105826633543,284.8555337294738,488.1224997615099
1384817400000,284.1714836997474,438.1563164309476,469.73703760712147,193.8541394734065,580.6507532710211
1384818000000,229.58723752478758,347.17324168009407,419.185660838394,186.1754039519791,626.884671949478
1384818600000,288.4530210943477,377.64731854403374,414.3416290269627,164.5391281419325,868.4320144322451
1384819200000,255.12118451311903,372.94551246373885,377.36462423668956,152.99528652883194,576.3329555780954
1384819800000,250.68567237028756,314.15686553720286,358.7641250301018,165.69835196102875,381.68826002953966
1384820400000,262.36472064143766,376.97569024138454,368.91988033225294,154.76309096308702,375.7160987791331
1384821000000,159.48904326835037,328.79109226419394,347.798409398023,142.43741993983102,357.84119339233206
1384821600000,168.08169554245043,308.37813654172436,412.33245168261664,162.3542095679233,369.17376158450793
1384822200000,192.79461048540182,347.26759660767436,361.3968854610205,140.8736316733596,359.5586457369332
1384822800000,164.20917396887583,313.73897635599025,307.76287194020483,143.40406313789774,323.44095824232477
1384823400000,154.48892046088363,263.093930723866,343.2378812168051,150.26880625188724,352.5433972693867
1384824000000,280.2108572282805,328.6319358694014,307.4942481322828,157.75356932785726,310.7395691372448
1384824600000,191.4808797077454,278.5948113163857,293.1482424018543,137.1790403812576,287.6571449696006
1384825200000,266.0404856596644,282.0279633549931,324.67814748097067,136.04954305717519,352.42612863275025
1384825800000,199.36353326557528,320.87349764712934,294.03473556396295,137.68551050839224,293.7027042384284
1384826400000,132.8722554113413,282.5707329896749,282.3171928817018,128.15914103014768,252.1591181933285
1384827000000,147.0657311498325,254.1584711617228,311.0326405234374,135.32027033673157,274.32915765354335
1384827600000,155.9624724685066,324.5621807340628,284.6729360901697,122.44144490635888,266.25785308361355
1384828200000,181.3132932958519,275.5339266931366,296.8952960113915,131.49115349671598,238.3339486952395
1384828800000,188.13467294666776,254.16383268448982,329.14362140311977,136.80632477241602,264.04473915416685
1384829400000,184.54054856836441,306.5892102833597,298.2040985098566,122.7688479093933,261.9189719403702
1384830000000,140.6593617264122,271.90812824924194,294.03266027211254,124.2279554838499,208.50224287102873
1384830600000,147.93188418847538,292.11787679929483,306.57610391372503,120.63959780400717,240.58821285747757
1384831200000,171.7644480198122,281.7035415896024,296.48459439022236,119.99663945334105,244.68257804043455
1384831800000,145.73874341205448,278.1753333092197,309.5715833613856,120.65576439214064,199.60068067431257
1384832400000,139.66411690080068,272.3732204752632,319.63486558541587,118.50538416000587,226.35252292892392
1384833000000,171.2427028616535,289.9177905685876,304.08230595741344,121.64238587513653,251.79076350402573
1384833600000,139.74819574370622,382.0477812480887,293.13797471383714,116.45532932179306,208.14349946847844
1384834200000,152.84523895257834,309.4175252617085,306.3945418634843,121.6566599223778,233.7843102390719
1384834800000,169.80769239218253,322.75767573669594,293.28880444922333,125.32096410730188,245.832307099088
1384835400000,158.35222278871086,384.7463847241211,325.13622338157484,118.20816673429394,206.44084118966344
1384836000000,145.90807984013085,291.0610451275707,325.21574308714474,132.10435153852453,224.42242527395135
1384836600000,198.2695089796881,335.0672935603976,302.25116034493703,122.932065088457,238.430281305452
1384837200000,164.50472383544147,318.93516710884023,311.01480712602233,118.92052202439535,204.3122668979156
1384837800000,159.96498500730604,293.2571450234993,323.821068518002,123.74339282516851,274.8131866703495
1384838400000,173.8555418164876,356.2166091767952,307.48657908609124,131.69651608826214,261.31069993831323
1384839000000,158.0800611976876,381.45265859983687,319.1598955297406,137.2785978539689,239.1419838148369
1384839600000,180.16922709849217,339.8182819045352,331.2818048027672,145.25533481021984,243.75090145226844
1384840200000,254.5944879232534,377.9012835822235,353.0812458207138,159.59973720843723,257.23670612107145
1384840800000,217.93284410315823,389.1747708933572,439.0859377135492,153.43370275059075,234.83526700982256
1384841400000,226.69567485719247,383.2643279246296,437.4998175919717,189.66148264416853,265.58120868293634
1384842000000,337.2759018701415,442.24799347859323,403.9664312855386,170.35567912330777,293.2830905906076
1384842600000,328.0300224823395,512.8780083105885,432.80330406665365,193.5123265822259,366.9955822152681
1384843200000,332.53428688133835,593.6775434211112,627.428669374735,210.086487046336,367.0034019324398
1384843800000,445.76202115083163,780.3287752234096,671.0170175034598,239.73322595791942,393.0628606790376
1384844400000,396.2249691426537,849.2379799494404,616.1716884933829,253.79504741975518,432.86620721163877
1384845000000,440.45804309987386,919.8756027056116,834.1145245678997,304.8882822852682,448.9500649749697
1384845600000,577.2587718060554,1158.2484765248323,1044.554250129376,321.5221833867455,563.7523672529013
1384846200000,588.0202487102435,1109.886755673216,1216.2019272813523,314.46231094245434,453.5458435872296
1384846800000,610.7633855727386,1141.747484061286,1649.4453074182354,421.3015699692538,597.9410831687129
1384847400000,730.5611077829415,1484.2784293683255,1796.5348102454257,396.26719396895123,558.0318794316742
1384848000000,892.8201157768875,1757.5291887292292,2247.92307891485,456.2988795881591,467.7521025435587
1384848600000,945.1730979038841,1625.5595425697152,2304.6335458884287,447.1761466813142,492.1500759600524
1384849200000,1117.9788057948545,1820.1201886872036,2442.3250908300242,493.1406163828178,527.0240916269313
1384849800000,1099.727311033,2023.7534246256369,2323.016305373236,493.99897793303484,489.304713967341
1384850400000,1104.6813056921296,2013.3474759581522,2446.2054196376994,475.0977443854245,492.6610832909273
1384851000000,1264.5144767160753,1955.1105933860538,2724.2905352253465,574.9015987497229,602.5422775169542
1384851600000,1125.5594559936253,2017.2457287811264,2978.755879496629,558.1234666367352,591.2868107856204
1384852200000,1330.7733232170149,2067.6712024287253,2686.119578377657,653.2607767633099,523.5903000335543
1384852800000,1513.0796061436845,2124.5937436249837,2663.318870795919,703.7849165487767,514.6595681016694
1384853400000,1419.5137550591442,1965.2413876164587,2992.9963033067875,687.5210984838168,477.850478996571
1384854000000,1555.254338327729,2056.3189257957133,3057.3657049725,611.5768122571754,546.0589247357664
1384854600000,1737.108479828834,2232.1564011114233,3085.251225237627,678.1409477362847,444.8661965484226
1384855200000,1654.194015915329,2410.9055857421313,3121.872529384069,651.2334512010707,475.33483253083097
1384855800000,1683.2950951141072,2876.243660816727,3071.3083660380967,631.7879752260973,544.4802655905573
1384856400000,1831.0878359931544,2665.502026127634,3617.085800733417,641.045518867345,593.2290959342324
1384857000000,1692.1571743971385,3026.4697158480085,3420.8091713033164,689.4354070310517,580.7511588097989
1384857600000,1783.8170772779133,2381.585156889044,3075.497134975983,617.4112927874847,536.5046054217457
1384858200000,1637.2131458994222,2501.0253474135197,2965.659905459123,710.7373707287392,466.99057382084135
1384858800000,2060.682525005861,3409.590106260407,3039.5454737776486,723.4718799666717,660.4297325411325
1384859400000,1786.7841800655713,3258.5350454677878,3180.8497610280715,736.4813308767933,492.4919671595563
1384860000000,1864.4938820909551,2609.808660212505,3251.3778987055953,804.0971291373094,627.2056064922918
1384860600000,2598.572598008394,2792.82336870264,3457.7472706999124,839.8298146164024,578.6257861167827
1384861200000,2368.6534389001968,2433.491923048519,3468.5174521935896,896.9311313231292,567.3584754169076
1384861800000,2471.7624607072594,3107.2226896604006,3632.7739794166628,778.3013762798513,686.7408897521212
1384862400000,2401.561571975142,2995.822555111461,3547.206599055602,836.4036451630186,743.1519596962513
1384863000000,2612.758026555772,2709.1334370475824,3932.994778136035,717.7260135601508,766.9734689435833
1384863600000,2639.3177191688446,3113.6570861103846,3359.2902306651567,651.8792986332558,676.1889101326317
1384864200000,2812.4120695287274,3434.1486304987334,3642.966720046855,709.8187309643477,777.5458187691997
1384864800000,3030.0865464143935,3286.6439525485152,3540.0854690399606,635.632362433156,717.4530565522067
1384865400000,3138.5352841746007,2846.243709358521,3616.742507168821,851.8767150640099,627.7531188169985
1384866000000,2805.7825657798,4666.120339234282,3404.4255182334327,868.0635195564571,551.9480669456602
1384866600000,2874.2403649275484,3215.2703071500355,3565.2244249061755,716.7360323072111,613.8018790675778
1384867200000,2776.919452273009,3680.369421678268,3655.0948725137196,664.7177457369464,541.0441351519563
1384867800000,2621.134961151285,2967.3385919021903,3283.122367687722,661.4520514571418,483.6870454014207
1384868400000,2947.9146452894493,2836.1975783237517,3209.2698767026154,642.0342586034421,615.5409556478123
1384869000000,2502.6696912620223,2687.3402523776213,3286.635786274053,575.1061445394567,579.3430898014893
1384869600000,2533.0368584281036,2418.5621724812013,3200.6526950830407,623.0025824785265,587.4677884243863
1384870200000,2382.41206704552,2336.329228485591,3081.3599613807532,653.5536497430702,583.1409213896123
1384870800000,3190.3209041554824,2777.384169627185,3050.252153670877,632.4840881655714,668.8557347059123
1384871400000,2416.2538415742565,2452.4673149087794,3173.827376857583,612.6080778480539,628.4969455635124
1384872000000,2465.523864581626,2501.5437684165167,3353.99501935785,618.3661618080506,601.3610593488161
1384872600000,2444.4328531767596,2760.335057845718,3065.8162237725346,647.8044754965981,587.3445013756129
1384873200000,2231.9960849639065,2721.204685275346,3112.2656262211553,711.6774046225897,551.2083543882442
1384873800000,2636.681646976628,2653.94761551667,3328.039829611467,712.5365995895397,611.5111131566345
1384874400000,2531.565331084094,2533.9031666670558,3261.0632940700125,639.2385347190418,658.1530801366074
1384875000000,2950.10385877694,2484.413629549366,3032.721262423517,610.4306556038227,682.7061298900006
1384875600000,2044.7404742933863,2541.4674685133523,3119.1488898114244,714.0086986782329,599.8551728296078
1384876200000,2622.533317398188,2389.6745795176257,2963.9086177387694,629.8057026240937,596.8049743487693
1384876800000,3129.975373228948,2236.890908921566,3027.3331788517885,618.0528845960357,553.725088914713
1384877400000,2166.005070005031,2257.0151640568524,2981.611950378064,620.9943385510664,587.2230383476788
1384878000000,2046.7309005887946,2171.1184550922253,3062.131374330697,616.5554509415432,534.8604676479346
1384878600000,2283.3961400336143,2341.076589089536,2839.754106091542,597.0553075478542,485.2476221896997
1384879200000,1962.90293085467,2316.4293890402737,3234.0274701139692,698.371132079792,557.7298649647773
1384879800000,2280.451562950453,2277.0531826986803,3168.9077189889745,659.1604132840567,567.1790002176815
1384880400000,2133.1961021210636,2402.3924419981495,2833.2611895973823,618.4089277355312,577.8572202283161
1384881000000,2021.3169182229408,2261.649175726175,2838.8902566738006,558.6089105312628,699.3070405169778
1384881600000,1923.104670431855,2077.2553949102376,2612.1639282977117,499.43750735886084,742.7685172528484
1384882200000,1859.0337010305361,2196.2787815626443,2321.020537013725,496.5499610431387,677.7003598115999
1384882800000,2686.5385157004152,2166.0214637815798,2180.9727031674606,500.38244729374935,682.2044000564641
1384883400000,2155.6995627587035,1997.566643212402,2529.0699898431517,464.8029628257454,692.4850458060732
1384884000000,2497.668796866191,2163.781111721659,2182.851663332559,471.1337834108206,753.4247824835619
1384884600000,1993.1687439126615,1950.1495018297417,2183.9328745987796,445.0870279523233,628.0055877782963
1384885200000,2470.215463682266,1655.1267248851314,1990.1431342583592,436.90576922161557,652.0200559343675
1384885800000,1800.5780072610057,2071.5131218627976,1995.5196020746716,425.44088626101774,702.1015088658943
1384886400000,1562.8129664979544,1720.6832966365703,1804.0333297967848,385.9127509347872,721.2145824923276
1384887000000,1794.564759535055,1698.8471800730533,1500.8265768587785,466.7629119001922,892.5525423839814
1384887600000,1900.3579601172862,1669.2581225328645,1595.215283270587,345.37603666606316,966.3426600292078
1384888200000,1419.4025143084464,2137.8319686845457,1866.019095626617,349.17203290231345,872.4273926817119
1384888800000,1295.9989587197526,1713.102887793474,1419.976808741486,333.4447781896623,787.9200009461124
1384889400000,1090.7601583443707,1357.4806817535207,1184.5632215437977,344.2306282315084,743.5437865175345
1384890000000,1052.8972879294809,1292.8337623906607,1251.8384071536384,300.1378499762187,886.6843621615576
1384890600000,1245.3666482091523,1329.5762241410373,1275.1544365395305,305.4931860168429,777.65486343243
1384891200000,1433.5791013453722,1471.4492354513688,1226.4844586050249,303.94204239584053,845.6665406571453
1384891800000,1119.274533980514,1326.0549238672638,1110.6291609769605,287.1935341215018,753.2630449571546
1384892400000,1278.2309770511063,1386.435183165989,1199.491114859241,281.9518815624766,696.4510375890894
1384893000000,1252.3953951174497,1140.3366492853647,1040.2877321107885,288.69107489650145,813.6261450064916
1384893600000,946.2124921620782,1422.4121845832644,1019.526490734896,260.236881619299,722.8047506573055
1384894200000,754.570862272152,1003.4486777848489,1065.3358902732698,283.89112328210683,1053.7244502090782
1384894800000,888.2504524932957,940.3028897256098,943.0640910183189,300.9368771309356,861.8459095376394
1384895400000,925.8018715334364,903.4492956527769,1070.6420447900614,332.6264719620605,874.6642768361684
1384896000000,827.9474204030893,826.6730718050572,950.0692411116031,307.074345900032,861.7574270103598
1384896600000,818.0709369594186,807.1241819936001,833.1193100778515,309.1712969682706,873.703891095834
1384897200000,765.7512347801182,760.8969672400631,912.5054959390105,286.3586555156057,931.5162411389995
1384897800000,609.0585984767879,727.9791458855035,834.2985481796096,293.63337993451404,728.6714503837584
1384898400000,852.3314025608968,1040.8029128601245,836.5530610954305,294.03913839108094,964.3654067097724
1384899000000,706.7833456559424,709.2298533490825,927.906488588914,230.20117950994285,866.0279053891064
1384899600000,556.3289947935178,734.0592488014673,871.8170576824037,245.30832776714954,777.4454067403249
1384900200000,619.9893561408885,795.7467038979167,751.3509696094629,274.14058316244297,793.6198355340719
1384900800000,424.25260290594093,741.0197988140635,763.78447351925,251.93898983926556,708.2528418917587
1384901400000,427.3777891476189,804.4096475559844,614.2558921795048,269.92177834563364,637.4327714964064
1384902000000,425.19127558642515,1064.788825269723,559.679833220748,288.914394664163,800.66316451647
1384902600000,407.69127727608503,995.0628955641962,545.441327109966,204.89067550172476,665.705490436756
1384903200000,392.7057894791097,617.8764013687638,547.5244811284487,216.5442787581798,785.3906042029495
1384903800000,381.6512274447212,721.2109752715354,480.11507224402226,183.30548567829453,760.8492616555662
1384904400000,322.83383326725163,629.3094264106803,513.4562301999341,179.3394020759544,694.1668255447038
1384905000000,285.76353762955335,624.2108352567649,471.20698651737695,190.798744146608,508.55087994462116
1384905600000,285.1057604051119,648.9208592738469,512.2111212902665,174.22187763930586,677.2669156841562
1384906200000,239.62273733180675,613.3599358465946,497.7823324576033,176.11930918779345,608.6478486819146
1384906800000,259.91258064495463,675.3579530240557,501.4892415518118,167.1526714822188,427.39365484037376
1384907400000,243.79577516904564,622.1973369364943,716.475026849904,153.05705234135527,400.85478844042126
1384908000000,275.2372044893399,582.466253967078,699.7544714453045,167.20037918613716,351.4447104381258
1384908600000,231.2590299170909,542.078811841812,482.5855746327739,147.04209698542465,372.5985672833225
1384909200000,269.7951388255803,590.6502096128183,412.5031660919031,151.0704219438211,382.70564243279534
1384909800000,202.3460908224055,571.2823848279302,421.0390395655342,145.64268777084166,316.74233727272065
1384910400000,231.14779774406196,596.701166193237,433.5515832711292,137.16814870274155,290.8181428273921
1384911000000,243.22833118691253,657.5245406963226,392.48729699722924,132.13365866749163,300.0058589208212
1384911600000,194.06656794741235,572.7123233496428,398.91596171014635,128.38227923329282,281.0544892099482
1384912200000,243.58223868589852,523.8853307958443,439.7404763129103,137.81534716830666,288.06172069987525
1384912800000,230.7956167274235,566.4978649219363,381.7248422469803,133.0579432144508,266.48545286424536
1384913400000,198.5161800125097,543.1647954239298,394.6004066551272,122.86688879113709,270.3692211387524
1384914000000,219.9492313205552,601.8665859341744,396.4657597844879,134.16960135708936,302.4716759279868
1384914600000,234.90386456052107,635.2215558531028,396.55001961295403,135.11243846877576,303.37025936208096
1384915200000,202.29035412731048,654.6492370977629,412.57348232877087,123.14200654420178,387.7891122437088
1384915800000,223.11933883333325,595.6823643835693,440.045159560702,137.92379219450356,285.99037718747
1384916400000,235.54748977317772,623.1742412408481,363.7942785535145,126.9486280328486,230.58119647667263
1384917000000,232.21514369011922,593.6586233848724,410.42285259525374,117.578663628244,238.57000656569852
1384917600000,261.1805040458645,637.3373776978053,382.6613897165576,165.19226275080462,229.6082092512408
1384918200000,255.43835607806813,595.2503528199524,353.6777871517054,125.73498833399645,219.6717372194784
1384918800000,248.22773857863973,493.15154226748865,408.7338478130155,118.21882023630847,228.9748708080702
1384919400000,225.32907926839025,505.25326880483664,395.5855949102249,132.12414345583562,233.65994370532016
1384920000000,248.41589293832402,531.8782877727966,347.73801321948287,120.64864416523848,218.6861614895296
1384920600000,366.92774366256725,474.4540358105396,372.42582804413354,118.82079589532911,217.07574226221078
1384921200000,237.8118627095701,530.532173273609,401.3440466997768,128.37281456129844,227.89299932388226
1384921800000,233.78836751737396,535.0034144780994,394.33695380663886,128.28611196205424,221.5724407581998
1384922400000,216.3522027295144,472.08514160801684,441.77555999259687,124.85333713846015,241.38722522653907
1384923000000,260.0572425811392,502.076465601255,445.767496931467,144.9931734218587,296.4745219484135
1384923600000,284.2545730316143,526.9441690504725,432.47170041068654,136.12755052993035,249.08294392621107
1384924200000,232.08941459165118,517.5879071041496,414.01238290989295,125.84900328109589,240.57502283627855
1384924800000,250.81834408564472,509.496979353948,380.2385276540536,133.90509883601695,301.1421541064004
1384925400000,231.50405532879884,562.2697432215502,384.2593279559074,137.35745445214678,271.3408947627846
1384926000000,251.6413415952638,493.3101566370895,500.237754110847,144.83266948804064,291.1549574110675
1384926600000,257.97775345227853,479.80002056828187,452.78991548183996,150.9875746998798,280.44245419346237
1384927200000,310.0972552742637,629.5592732845156,488.2099790640802,176.21023874215263,312.4844300131951
1384927800000,268.8245123944539,620.3001668937402,561.5492050334974,186.7261610635017,293.29600963941203
1384928400000,317.1904522083935,613.0188135235518,572.3262999613587,221.05502502061304,480.10284867099347
1384929000000,322.1763202008578,704.5969623238644,510.9356486958765,197.3819545256572,404.4252511192069
1384929600000,360.0525593749003,779.2459665779033,609.9011651374698,257.22033630373926,385.0184368357217
1384930200000,600.9836849414075,851.2851910124064,725.9222404179834,268.97930455328674,414.733866815747
1384930800000,528.3023445982722,1104.1073876445196,896.6713570134351,285.89195408480435,503.5422149362683
1384931400000,596.4078285998638,966.104289352337,912.2963019487884,327.1600923951028,500.92452527654706
1384932000000,543.4159114444823,1158.356106912999,1042.491022333591,310.5193420765708,554.9526412542649
1384932600000,705.7730862597715,1390.751343597331,1206.3212330051288,424.3391201196626,530.3026756851813
1384933200000,759.9196007781624,1663.8297269396298,1509.7371834349117,478.6229253700537,567.3834183095204
1384933800000,810.9307720237731,1853.9218522854292,1849.7395414137254,381.9720288669364,702.3580855259625
1384934400000,942.4569987238638,1832.2271181674903,2100.809000985407,396.82719733289855,533.9390970459427
1384935000000,1157.3650761496326,1898.7035843253007,2745.9110248483166,410.3589567589729,539.3263024265136
1384935600000,1129.4133288900202,1897.563617243016,2565.446431792166,471.84590129051924,717.7736941614238
1384936200000,1130.3188524267978,2102.923755154609,2353.392753536536,550.0001289372458,639.7606374277257
1384936800000,1340.5757115296599,2252.91455123475,2583.7393509833946,486.35952919468633,590.0849134233988
1384937400000,1126.359625792464,2114.5793555413156,2451.640033151148,533.1590548595575,653.4570053941318
1384938000000,1241.2197035675254,2626.420577130742,2887.795018618186,636.6860046824917,593.9179700148009
1384938600000,1312.6135236130492,2487.046628465333,2992.975879556469,568.7147809109881,550.8992290436514
1384939200000,1531.9618167239173,2647.37634065793,2798.191333857646,705.9634375612611,503.927548622245
1384939800000,1642.8487305103627,3078.88121092436,3162.998180572543,628.8820974650934,535.0246817080055
1384940400000,1785.8678852835524,2765.419204903268,2930.4216084023687,653.8703840988788,649.7565566950681
1384941000000,1908.3301929997272,2832.8353155859536,2912.720002348318,661.329855645616,555.4664220522441
1384941600000,1659.4647729037422,2804.569457915432,3146.661357964272,595.2823631787005,679.3893642409734
1384942200000,2053.601907441168,2475.539366660604,3064.5661229191714,632.9153115735769,700.1562866008481
1384942800000,1916.40591385585,2600.3285326896844,3086.2587294140108,638.8286229627286,601.3422822922338
1384943400000,2018.7120544006507,2639.342851577672,3041.2276001646583,578.3925564030781,632.2515687814684
1384944000000,2066.1333647390434,2595.2700170087755,3709.374098681716,599.1050723947136,723.4608166964808
1384944600000,2216.3071525674645,2950.087054935736,3011.4287081421567,657.7323080651096,662.6094932390399
1384945200000,2051.513918451664,3376.6669975832424,3197.8982614298984,679.2859100844054,582.195940967085
1384945800000,2212.84070360021,3403.7768631635236,3085.7572144972514,749.4457634548812,600.2371217964592
1384946400000,2160.2959673926007,2868.8546684151793,2986.1012117392047,807.3065515644986,662.9471304754684
1384947000000,2357.188399918291,2963.4096331595097,3392.356962392378,736.1040216138265,598.8153479427958
1384947600000,2420.8591523517407,2818.024603354525,3540.6753355166898,685.0981698449468,535.452889974735
1384948200000,2495.15761305622,3075.9830742056392,3535.369204281153,608.357086219844,647.0829053515887
1384948800000,2562.799256940599,3119.545862985783,4195.339896076872,696.3823452249042,609.2974074458446
1384949400000,2665.465702999167,2947.925155128865,3765.158722084476,637.4478627810452,586.9363967474458
1384950000000,3390.4541123597096,3127.351764430692,3779.802112030469,627.5775227731964,591.3340888389955
1384950600000,3398.338579491329,3042.0299033007655,3841.0909372035994,661.6627675413184,620.3278744785962
1384951200000,3533.8111226010137,3527.505057201882,3710.088302985523,681.9491348332795,674.8967354283078
1384951800000,3611.2681358239874,3749.3206969296157,3883.237708983208,712.8980929933141,655.1070911130292
1384952400000,3079.883678445679,3406.139878284827,4067.5310939022565,689.1202748025561,699.4709240328765
1384953000000,2740.2848089031936,3097.3166697067923,3767.553591270502,748.1602289364936,644.0762555204283
1384953600000,3382.382759643291,3118.5601914020344,3546.3479360688325,770.3676247645831,805.4662169754855
1384954200000,3035.992944776249,3500.6917694663275,3360.0972682202128,754.7793100804961,550.4552067981654
1384954800000,2662.53278257014,2806.3583264447293,3190.2596642523713,631.1829231135629,526.1532245526694
1384955400000,2560.8064285310024,2624.768281214027,3174.1160912926694,575.8281385403702,539.168470933714
1384956000000,2409.547377786836,2692.265259721257,3096.508709776881,567.0161771586334,534.9788992168351
1384956600000,2226.523390577591,2470.936855815996,3073.1381473577576,582.2352236349983,463.79688382008567
1384957200000,2284.0810247788195,2384.015332512249,3029.7968789768747,571.9604684425085,537.7798769267654
1384957800000,2460.066248961487,2682.9191694102387,3396.109304565861,590.2158696400194,541.8831781677306
1384958400000,2520.001038361562,2867.032505660355,3447.6810792529322,547.8667856394518,665.4159376808637
1384959000000,2517.108052749315,3202.6102340895472,3031.809811059674,595.0333718742254,526.1293113084811
1384959600000,2432.4709311902893,2903.8930352409875,3300.4776058139037,724.419232414472,491.37074674749664
1384960200000,2607.3943915166797,2577.5381476433263,3271.866816783887,663.5371237958285,573.2217892645316
1384960800000,2555.029527323297,2768.359849816378,3563.5488180516154,621.4152651998894,483.92913141947065
1384961400000,2418.8139595240027,3269.255358867592,3300.3018399855473,581.6313855046022,583.0763314760987
1384962000000,2203.490237834895,3091.1168370268297,3201.9335275430712,590.5892129304045,557.5972376016462
1384962600000,2306.647244646926,2371.6185743263068,3250.5246063102213,572.4738415673625,497.0469629392858
1384963200000,2634.5511433522447,2363.2154595598195,3321.30240933231,589.8192266009532,540.345649784405
1384963800000,2371.4359130034404,2613.536712156965,2785.7631118487825,547.8375378524438,536.9641326579165
1384964400000,2400.182413916134,3077.5416806801077,2995.0011821834432,616.3917601439216,566.6550110209829
1384965000000,2112.966670155733,2638.0499455791055,2864.368194525586,585.0355147162367,573.5710959248576
1384965600000,2202.933492118849,2644.756138523645,2749.8698392057763,591.4879127214886,646.0516945545936
1384966200000,2325.562615491654,2264.866220841823,2767.3397956394256,581.2361714398655,648.8498923069767
1384966800000,2559.283451139254,2224.542427245467,2759.732965229064,661.0286875388699,610.940629384163
1384967400000,2223.877824128195,2474.4570564634364,2834.690022795682,506.0180286171411,647.144242670113
1384968000000,2058.079798956627,2480.307140475673,2508.6327072044764,508.2507950645116,805.7267907664035
1384968600000,2102.600095499657,3088.9099398347903,2433.0989051200327,500.91520754141834,750.0488730227635
1384969200000,1909.741046482461,2411.4000022035652,2300.1794919792874,659.4920179995104,700.6384037446992
1384969800000,1924.8909796276732,2595.405538191387,2063.57255505848,492.18493140683626,753.431442513596
1384970400000,2258.2203135460545,2653.885642075545,2176.8819628117244,514.2496866533841,662.9697333633836
1384971000000,1814.849807027771,2050.552486677577,2059.835025686915,466.7338133282555,759.0401013094458
1384971600000,1750.8054058528228,2075.3454532673745,1968.3275288535176,467.2528946041042,823.2936502935902
1384972200000,1898.698683460146,1912.339236501558,1824.3952965481112,473.2061687548604,685.7844404111556
1384972800000,1681.0878051190673,1651.0337325410062,1726.4478240572168,465.00477399630495,734.4433466729353
1384973400000,1674.4018776919274,1959.5051520915981,1727.3974610043444,406.13949193522643,767.4087686172161
1384974000000,1567.3309974420904,1595.3730050372747,1647.6662846136846,385.7246855083388,760.4107267725115
1384974600000,1513.693419955951,1314.982296116829,1737.4714370912109,356.1415415221754,885.8352776417503
1384975200000,1379.3393174761438,1299.6088292233835,1719.6461963237239,457.82042996645447,938.9879788937017
1384975800000,1449.4785893948567,1676.4429903425153,1492.5694435130335,356.027729653337,865.2561216762423
1384976400000,1133.040250977258,1345.0554305044386,1363.5999719576246,433.7829126909117,808.7773306866131
1384977000000,1313.2397964350112,1922.047830268529,1231.7116580182221,358.57366631351914,900.9058975565692
1384977600000,1035.8506677603266,1167.962080574731,1350.9134162141922,345.05800219976595,867.4831333068903
1384978200000,1111.8938431346387,1051.7978177377324,1140.9181728481035,317.56127098053554,864.5465760512019
1384978800000,852.8190765761207,1302.904967735403,1269.3088423701402,342.48811355919526,990.4683209236543
1384979400000,1193.0881681867368,963.8984599625346,1356.8772159902244,375.7966660185683,1167.0849269168764
1384980000000,978.0732224610448,1060.561633599292,1017.1413631063571,366.09323136915543,973.3136996843358
1384980600000,878.3996467692492,1125.5437967283067,1437.009361409249,272.6620519103316,973.6084222389113
1384981200000,804.2467776225129,1015.48485719684,1025.7466223717875,292.57730638879696,915.2562224287475
1384981800000,938.8903007443396,973.1443121913261,1311.4823601690416,286.39014135396354,1052.3132002324594
1384982400000,554.8187155308132,1264.3988676118988,1073.0742316513379,331.4241280720397,950.5040226609649
1384983000000,729.3828422842543,789.7923185324909,1092.9604824774187,325.5444679941256,859.4736950198087
1384983600000,743.43606591393,753.2412566279115,951.2515505563603,303.8059089331801,899.867224707094
1384984200000,528.8544338812019,736.8357291179371,818.5670108398584,288.1160035629777,831.3807818228572
1384984800000,543.8213291046758,705.803589034945,765.1445580459138,264.5794255928462,899.6702058504854
1384985400000,423.4542234622919,725.124049531715,786.7659952432037,268.29656156218215,932.8735129311909
1384986000000,470.0707552391137,600.7945493519347,729.2379763004245,256.37654720279596,818.9719368316031
1384986600000,478.2151478442012,726.3464339230954,713.5224697407826,228.76467489248708,804.9093460252166
1384987200000,490.43827631798433,695.6401310991497,610.9346990180496,496.9193008660416,919.0191271064647
1384987800000,433.12377103597294,658.5817341611952,557.1542787718832,246.9627766599496,1141.4347477853407
1384988400000,362.5458582332658,695.1905735408515,578.5404216444341,230.71211594340167,813.3180970612241
1384989000000,301.11251084663843,647.6268316867634,546.196254090863,254.60269282175412,723.0079831009607
1384989600000,383.9922812912858,739.3024473755416,496.0714433847576,248.96548370234856,687.8562586466155
1384990200000,391.4387178606383,462.536898338409,515.1079682038011,181.64747172471175,709.8121050786381
1384990800000,283.5432837465628,472.8776088895364,479.4392411216591,176.11732101607723,644.4204596038797
1384991400000,271.57967057739984,467.8850269104725,559.5606910905226,194.79113721103423,531.5590324451789
1384992000000,280.019402984151,445.76176402466535,587.7677776550136,195.26732859145844,495.6928591349792
1384992600000,231.39381313762703,415.18110327018485,505.50901481379526,187.98666421495506,482.62218327962694
1384993200000,255.1955720792156,528.9827163663235,439.0666739055076,206.31733573956134,386.79904194393595
1384993800000,216.32490211721478,387.7019996137156,467.38262127216353,145.84401169034,416.2249224130805
1384994400000,197.21228692392538,336.45323470296637,421.7690377103155,148.9073931920709,454.2099959112561
1384995000000,243.94685482230216,377.90276115736776,604.7849613948915,161.19728102312038,396.27285236218495
1384995600000,183.91020046657496,399.76306643470247,459.89346682504043,158.73093645152844,351.3346729824444
1384996200000,181.38172137498725,322.49558953813977,394.16891184279024,141.53500793162777,359.7121354145415
1384996800000,203.21246820659124,329.14024988996437,387.0953179881955,154.0297888601837,333.3333927611854
1384997400000,180.26349014004998,342.63784183433506,382.6000447526682,150.93475834704927,322.6000001084686
1384998000000,172.90389504753028,294.01449332340115,472.68798587127867,141.9899124064178,308.85134353512007
1384998600000,204.765255690189,347.01532689501556,476.6291924565102,147.26697274019182,301.27573740600917
1384999200000,193.92790996872296,309.49201634726467,429.4661194356268,139.91873797823445,269.5668738870044
1384999800000,195.35628094615885,284.74015209527704,368.1703695061109,131.4325807682153,278.61654572184744
1385000400000,187.0213598170797,336.4699338597549,365.649843545342,143.84460574520887,258.2258107490279
1385001000000,178.4070719299955,322.98349176965587,384.274717031056,138.96578847778528,249.8083144250913
1385001600000,162.57251600638372,341.4121828069591,416.60385762643085,141.081414164815,246.54289326752095
1385002200000,176.2960213723346,409.3279486539074,448.35049280259545,134.73098401546207,225.86082161895487
1385002800000,166.91725729594378,383.3873815341877,416.4738797923341,129.98250537632302,251.38324741196013
1385003400000,162.23794628064,285.9675103942542,429.98038326571515,131.67506886226656,234.32131607203
1385004000000,179.1886447907333,320.5177219220176,454.2227370339788,137.26020430482677,209.70362540909565
1385004600000,158.40349528170833,310.70208750236134,426.6889933045255,122.23599356495458,224.62575414547285
1385005200000,154.74325394879193,304.6203369874582,327.15361738025763,123.57535115420764,233.41137104229105
1385005800000,173.53005659231422,334.03916647759564,433.836552780021,132.63683476858813,196.11455063743912
1385006400000,167.55507632221696,292.0438302538053,411.995147236086,121.93548628608748,216.4487766509725
1385007000000,164.9506410030943,282.60758613178007,383.7918504913846,122.57734698612448,216.82997667713292
1385007600000,181.69083694827614,323.32049728367406,398.8464060635811,132.63128312060678,183.26637523097077
1385008200000,163.79754156080173,333.99725742418906,436.8552614120547,120.5037862491537,212.57715576877465
1385008800000,189.1714218511967,315.17520146961317,431.67596573009945,128.5400134510536,208.71022996197513
1385009400000,189.03866086014798,343.78927411508533,457.7740015851131,171.23780709279015,186.20575486429385
1385010000000,202.8921089143165,347.06602740389644,442.9174723652053,125.6679006495397,200.696390287809
1385010600000,185.07807216358776,291.45854971352236,393.67713222017477,132.60659612360337,220.88705431472025
1385011200000,180.14721379946548,337.84745198585307,341.29767081564177,149.0370448848434,200.23065062394983
1385011800000,171.08662674912017,347.87683958774545,348.03933885213087,140.40651891251213,219.30754980083876
1385012400000,185.94479471623745,347.97049063161336,375.18089033113085,160.3507204669955,217.71241558806787
1385013000000,234.7852059138226,420.83954020586225,458.392960146156,154.56735097812893,303.3352510899273
1385013600000,258.48606058223805,410.2631941811187,508.13133004175955,154.03488503508368,252.05231919246737
1385014200000,282.0112749513219,417.11978661683736,460.88783889084607,174.40120560154293,262.92115602160544
1385014800000,276.43368799232053,511.6874779213134,461.6602345673635,180.39175034999127,278.2353088397137
1385015400000,350.04636050299627,550.1534197057211,519.7050600123367,248.22695397118758,397.8624319909462
1385016000000,365.94044939177905,563.4516259169663,550.4331562030783,204.4364818354721,376.18263722012216
1385016600000,429.03190500229107,821.3937108334552,611.5201740338018,237.67014542119423,411.2130363350879
1385017200000,380.1659310475069,1281.1103875336555,765.0190712700306,273.73555723540176,441.1541173668166
1385017800000,527.9511722071283,1189.9407170312477,895.5651914698049,298.22233990199106,535.7006140240802
1385018400000,524.7252164988008,1167.2855280636743,1086.5497939645343,337.753106722021,471.22522683910034
1385019000000,667.7219055216946,1588.9544821626093,1665.4768963738861,329.21077048935086,509.2491311957513
1385019600000,681.9262276916509,1362.6520341303226,1828.7117434698175,391.84278282359696,507.7715268566726
1385020200000,777.9057640654379,1499.2632634122876,1972.2849255785761,417.1125091810134,637.1926905340512
1385020800000,898.2849303795446,1961.27160635543,2170.3376219995253,408.116047025143,577.6743841853576
1385021400000,960.9903798569715,1750.3013307942856,2363.4365103171344,452.1362698182369,525.4648479108448
1385022000000,1007.522417540529,1986.3079104603007,2439.821779564186,431.58830594389184,526.877245753765
1385022600000,1041.654066463399,1935.711951956462,2522.33948643059,499.19080755891247,560.9666615770537
1385023200000,1209.1027976477396,2190.959761851549,2814.319029702308,542.0013215859565,589.3409598832576
1385023800000,1196.0466723370023,2083.222410862133,2506.3242796563463,592.6750390496171,527.7123317397895
1385024400000,1291.7161475113537,2201.546649723953,2840.865579778069,535.7791967602701,585.4100132284833
1385025000000,1382.9861251937352,2383.633975776642,2619.975763047514,566.7309192579614,529.9393976117069
1385025600000,1685.9957811698746,2622.243869450846,2875.84086329579,618.2648542553234,623.8047856640743
1385026200000,1539.2734887900829,2925.131760461535,3543.4330686503554,555.9218056704773,532.8821457385633
1385026800000,1742.1136164563727,2734.9514428514394,3829.2309486670047,558.8294273904974,614.1773413893346
1385027400000,1780.7964065637243,3114.862785085411,3095.7197656551616,562.1933719575505,622.9209258289461
1385028000000,1643.4017061901857,2474.3088775394262,3057.825795071359,551.438762198508,657.4960148147278
1385028600000,1865.8640711709613,2435.8754372941457,2927.1732577159055,580.1092453947838,495.9389357936669
1385029200000,2022.771521351487,2596.2770558276497,2851.607263188804,598.3875151351328,542.1248870500657
1385029800000,1999.5786289274204,2777.544280361028,3117.096293516143,582.5002698570597,577.8764189263132
1385030400000,1825.281986234588,2652.411031906146,3256.29977430006,584.3332879325305,647.9270184928641
1385031000000,1936.9090808368137,2703.226500656897,3070.5969496860603,666.4571755091442,574.7238390572489
1385031600000,2181.2437349736547,3101.0480630602665,3201.12247274443,732.8954189204073,763.9193101877531
1385032200000,2155.5493014175777,2790.086031108019,3343.79927224499,777.1695921339075,583.1379170512133
1385032800000,2558.3354998983737,3049.1985543944356,3226.635167430321,736.0359735410777,568.3406555326886
1385033400000,2669.667667312837,3101.3360921882804,3494.1872425352626,708.2438559290514,683.9397743537514
1385034000000,2636.4071223542715,3180.309149955174,3428.5209369501563,723.9931623838953,741.357747330023
1385034600000,2789.9808912764893,2845.9929174645245,3368.9777223584492,692.1659937610477,607.3975492756804
1385035200000,3599.8685482686265,2982.6434915490454,3724.550198336289,835.047276740037,598.0547990319488
1385035800000,2915.982793798182,3202.9125035922834,3697.3560102573074,767.8570877978977,716.55176895824
1385036400000,2897.0571930798037,3062.7899283443758,3884.1548132276043,638.8128626515654,598.4026446669815
1385037000000,3272.1279458943027,3630.1620152377996,3525.303548036627,694.0807101025282,727.6184310709173
1385037600000,3298.959552505641,3281.000930792221,3703.7475695383255,676.148807884902,608.7391480226405
1385038200000,3184.217814028641,3322.374672769083,3502.4432539113636,753.6678137342238,629.2352480916625
1385038800000,3382.790980906682,3854.527201280971,3863.5356925494957,732.2464784459187,600.376208683935
1385039400000,3407.9536509286595,3557.4298164029615,3636.4431767063566,718.2351915436542,607.5955479441593
1385040000000,3361.1362076045048,3061.4182641957113,3538.0630610555486,866.4406399704599,528.4387437079713
1385040600000,2969.712100584328,2932.156819320583,3413.8240746274732,672.9418146369869,624.6116328163112
1385041200000,3038.356320490071,2787.051743805365,3334.190087341704,634.8984151477758,523.0217075036564
1385041800000,3027.962097237581,2682.3663863910874,3250.472334319752,650.7777079804073,551.8973422820898
1385042400000,2751.8275634123916,3404.494606917396,3638.96875080673,643.5251899108739,627.8358810251707
1385043000000,2947.4980436430255,3246.1149397274653,2986.474553776658,778.2174558104755,552.3014769001567
1385043600000,2588.851696135558,2950.1868034070876,3075.406057810296,685.6321223664453,574.6805330997423
1385044200000,2405.1389363319327,2592.74591793248,3035.599017526354,697.26960403211,526.0651159158629
1385044800000,2707.801070682352,2517.625644065614,2979.787070893761,667.4895621146427,626.7464098001781
1385045400000,2746.1196188285044,2502.588502778483,3110.984737081105,940.8911808690987,637.7888313695062
1385046000000,2301.7859179092075,2535.7525621839395,3326.9249860883615,750.7636735052653,555.0365089084613
1385046600000,2547.2768511982244,2567.3498826464365,2910.8785180699065,856.8756378985792,603.3077187636474
1385047200000,2886.4284553873144,2693.1747800264643,3182.853338126176,808.8722066589236,493.38470232132676
1385047800000,2656.842167773241,2292.97683634203,3037.9641746668203,775.4927592806978,519.9279061317555
1385048400000,2866.174421086439,2266.635611834641,3129.9308821100312,764.8532719811741,730.1700276052344
1385049000000,2276.2409983404164,2612.678298609871,3096.343168986646,690.6026517200999,600.1142390039201
1385049600000,2459.1274298942885,2299.8515935709584,3450.739245041219,655.7569281690911,521.9858157712018
1385050200000,2861.647548357604,2186.2096914000454,3212.634094556893,672.049766411177,630.2569451895902
1385050800000,2480.517270662019,2063.7349480860394,2759.4238802185387,628.0788989229175,571.8106085951445
1385051400000,2070.124843617005,2098.462272810239,2798.9068139748133,625.2743483174671,550.4731656068249
1385052000000,2360.5206202774916,2385.381138138045,2722.9519834680723,655.0545066478451,679.375746088032
1385052600000,2227.1136454705806,2041.0820933153639,3002.2384677920218,631.5376990410723,732.4814249593602
1385053200000,2059.5183273748403,1939.5567264699878,2942.6519538848747,575.6187138515995,701.1746845124743
1385053800000,2164.248120394753,2078.595968798329,2480.597122536223,567.3537234586211,610.2535749194883
1385054400000,2168.537261265378,2339.198452903641,2396.763654871942,605.1164278306162,586.768196451337
1385055000000,2102.484287161718,2092.6936140113608,2615.259475944909,545.2011474358608,784.2268017390929
1385055600000,2769.4940498884844,2080.6687329313254,2255.8966941093536,496.21018354683287,750.5386364987314
1385056200000,2131.440194972784,2219.7239953396797,2247.1984799434276,454.2661795241597,685.100584300201
1385056800000,2354.463599195346,2018.848419745087,1988.4998581752145,536.295220714782,709.8498131059494
1385057400000,1925.4971681739275,1944.4044903120407,1999.2412468608707,578.2611743041202,693.2923818215336
1385058000000,2045.386218498682,1956.0276244581685,1726.2187486585938,479.61013020688176,806.1793067982169
1385058600000,2213.0220631609573,1859.522893278817,1576.1266839749956,434.3013751510462,763.6390499952026
1385059200000,2191.256582660593,1768.4442320485418,1675.392166686659,507.10855322522707,860.1548838268637
1385059800000,1936.6536946639164,1791.970452256857,1442.3546994843205,422.00813146697175,802.6962884225361
1385060400000,2200.6665040248226,1973.3903998306914,1293.417116506529,440.60037520755935,720.8101671665273
1385061000000,1871.7086649811108,1411.6694343028257,1570.5052117119358,470.16997224006707,832.3382357772658
1385061600000,1367.862088291133,1529.721663521884,1293.579253691548,330.1472119049036,806.6288326316851
1385062200000,1247.6226482819936,1285.9496729089165,1356.515900376416,334.7806322977097,874.6118007041171
1385062800000,906.9857909733869,1272.6074586372915,1348.8810332358073,332.9790785307788,718.0439170211324
1385063400000,1418.6904848970582,1221.160767566962,1176.787233460803,287.89464692709976,817.1202085735837
1385064000000,996.7534791937682,1557.3981105704238,1113.515085512033,283.9526362073704,896.5162180378086
1385064600000,830.6210399352078,1049.402552601786,1042.6917173256154,324.4109630347737,812.0889569027923
1385065200000,876.2269302709066,1313.5372732198553,1150.3724191866418,320.1515531608192,832.9067752256391
1385065800000,775.378758640801,1211.1594941544222,1033.4466389730985,309.0056607865918,845.451890291079
1385066400000,1090.3386783686817,1284.4157834274758,1040.8674507768344,287.8976660502806,894.5879715243098
1385067000000,901.9387517234186,928.0728718466763,1033.6785564187935,280.80174374104683,888.693208668301
1385067600000,661.0279003985862,1157.7846814182885,1026.2803336992702,268.17156779198774,1007.7686035471979
1385068200000,743.5417649030537,931.0842117348642,1125.752399379445,250.25460982571053,887.0106378022259
1385068800000,1057.4287615455362,743.718827927864,1125.8796758074925,271.1839321487753,852.1542276836847
1385069400000,508.0152402007676,768.2468503383184,994.9094424738844,246.4107817458366,876.0456753586619
1385070000000,803.5436019675411,635.3203048359472,973.1803208751702,271.83913344077894,873.1707479502977
1385070600000,540.6056090428852,767.1398773780446,845.4148041199494,232.61164483780698,856.3439922562959
1385071200000,846.9361090579465,900.1620904525628,804.9243456658179,209.8815272026322,1000.9375740311265
1385071800000,641.2932938663967,603.7500647727561,814.5224924488165,223.57761717405023,1009.8336164142684
1385072400000,387.22122774883,738.9933413615429,789.1698536965027,222.84256361903752,907.7502100429407
1385073000000,386.5867976780011,507.3239226979252,754.8190603816479,241.20187647743643,799.5359451631073
1385073600000,410.8934374751558,446.1106582664794,622.0836194351468,240.5335364121977,846.9220694338815
1385074200000,369.7935653159097,512.6971444350077,648.7037620105345,255.12440618262295,767.9559200317586
1385074800000,317.69579251769045,484.39029551442843,857.8438330157178,241.3530042053573,748.0655048632099
1385075400000,543.7643972324715,347.1462844233747,652.5615867591873,222.16312723122672,735.3473697182885
1385076000000,303.9348808781162,438.20551836550476,613.9909550315161,202.77735187460294,719.9003197242431
1385076600000,447.05010420335117,453.730035282103,582.2458342180338,195.04162602246743,721.4796042617572
1385077200000,454.7501933752626,363.19268727669345,661.8508923981669,187.87305077167096,682.5496738895553
1385077800000,373.3242216481394,428.5178575270033,590.0397186545226,179.09186033700672,652.3962910722083
1385078400000,598.9110317728479,400.2877720254896,555.9655017037524,190.72206505940704,518.6488954875848
1385079000000,265.2238635801599,327.2679925255852,494.15596207858175,205.09408550494345,531.5917853196246
1385079600000,247.78419383427234,340.9986858624355,465.4020828757169,153.9064273761348,541.1431978829315
1385080200000,231.31064339050798,378.20668030860367,516.6974961316901,180.95189682398473,512.1455864118826
1385080800000,486.640425206945,407.1311444637999,437.4537434184375,155.7379998338039,447.3813942519978
1385081400000,410.78887619312945,288.5523996129534,522.6725458877141,156.68550645715436,444.1212469707036
1385082000000,219.54286108906862,286.4471109934546,492.852195552858,148.11035163528354,457.8353234036408
1385082600000,207.16384643623852,257.96010901302446,432.46443350809596,158.36270654570652,425.35236653279446
1385083200000,213.17783250636663,287.60278725557316,466.09340749765715,150.7516189244649,417.6275615452394
1385083800000,169.69368939834172,279.9015561321429,509.7034891785255,154.91369288769442,433.30550726109186
1385084400000,195.70089243745016,285.65019674527775,424.4867478982754,172.38738163661804,390.6315707306027
1385085000000,192.646239785525,302.99634518381146,466.9976472309086,139.63429674104577,372.92811383006944
1385085600000,215.9110198985808,314.82169719832007,434.3550904169914,146.8919369562892,348.85812950716297
1385086200000,215.65727436461904,285.4774892390836,408.9298893492233,139.4869113059313,321.3213329891659
1385086800000,197.0560823088739,282.1804493757994,515.9099228103539,136.09825725412617,307.7237036998158
1385087400000,162.64324648856163,281.4009406029304,442.53488692216223,143.61315638375763,302.0179969639093
1385088000000,163.7348982616479,243.8624028013458,390.6649611260324,137.4815020573107,278.48633091577204
1385088600000,182.8108660923984,265.54447985592304,477.3423947906632,123.363316558395,251.6551957791035
1385089200000,158.25943461480375,267.46988879015413,451.0853467553132,131.9114623359505,261.2110693013876
1385089800000,191.29044341688513,250.77435973659067,444.6548918144204,130.75957265648972,269.1890087435305
1385090400000,193.28084915666145,291.8455033196387,421.1419255593219,117.39601151550552,254.61162487592077
1385091000000,158.25971649824945,260.33221467603937,416.77624429656987,129.73218002290682,271.2874638538443
1385091600000,184.12041683401438,258.5480205106358,366.7152095458353,118.9937649364326,261.3245380676218
1385092200000,191.8456843414516,274.1287940787006,388.89297315293766,113.98606702021151,243.10769489000464
1385092800000,162.8861159162737,247.08666450712988,439.7688430701778,138.5404028651932,255.8840763226389
1385093400000,194.99934544600632,237.1472448957973,404.48354984129827,119.81233542545148,257.95253904514607
1385094000000,192.3279260579298,274.93838834886446,391.3803586950761,115.29657137432363,235.66715580171535
1385094600000,173.80576866129962,270.6639861242309,457.71686638631303,137.11195798637075,272.3133910394547
1385095200000,192.42390572851642,267.96975323314444,414.7667224162204,160.34058490358055,298.4717185018218
1385095800000,196.31013348281263,281.94625779552916,451.8710060403339,129.9057447346276,388.98957570127163
1385096400000,186.4267301829788,313.9218083725062,468.3155951311904,141.8669627717224,393.8590898455406
1385097000000,179.04119623234814,310.524775974006,406.0324067171761,132.65458396256713,268.2955983531311
1385097600000,216.9917129150734,560.7381443594102,445.8791242926151,127.41506981307332,246.20568740807673
1385098200000,191.43398096361494,338.8610415221734,438.18046418243796,141.74449891630596,260.5889223140486
1385098800000,245.81587990210718,309.45943860266215,399.76286491800744,138.2415678200847,302.88833831908914
1385099400000,313.5297560468828,300.05113870570625,460.6791865199868,153.56338033867414,268.22761723016464
1385100000000,264.91366078679323,445.9750143864673,584.3950265353147,191.55585326379173,291.34573463404547
1385100600000,271.720140897821,513.4885086757178,540.6536306557384,180.82263079261796,332.41741517914033
1385101200000,374.7440544732814,468.9715039635744,561.6945748463544,167.3841100629963,318.64475866907605
1385101800000,365.0026940022832,378.48395957687853,574.1799331166314,197.67860495506622,379.4299391645587
1385102400000,323.70257783697167,589.0228479464956,2290.6572322337693,223.2086906300996,395.26996917681294
1385103000000,399.29162898570365,702.1087296357078,1706.2696344661979,261.69432447693174,509.8021612484942
1385103600000,330.8521892258287,701.7346505226006,1572.3806576612303,273.81401206995866,466.16106188950425
1385104200000,565.5110122550278,849.1629438577933,1097.8722859510344,334.00166863525885,557.3530533452358
1385104800000,747.9486567449716,923.6760429125724,1188.2086284740642,310.4131834362352,475.61490519838753
1385105400000,575.4047325638062,1122.9819448374853,1292.6479039750552,374.11100189723265,606.8938208766612
1385106000000,598.6077456420587,1281.1334656571637,1787.4345362959737,382.5785089436715,565.564718302941
1385106600000,680.9006195651316,1309.8342011009038,1999.4908411879521,425.5540868362205,574.6038370546081
1385107200000,848.9669779159673,1571.598989815477,2219.7943397581134,512.9896634103358,586.9824003744567
1385107800000,763.9845114700944,1616.7411567293045,2308.85854973694,517.491469206094,520.23686133642
1385108400000,1101.001980235485,1663.6092220993976,2519.5257733194585,490.4552201937148,663.0941010566087
1385109000000,1092.8215666096787,1398.9022413293617,2697.581608030702,514.5856658852415,631.5456278518798
1385109600000,1022.0304565431759,1830.1535294666492,2742.0966485669887,467.5792221100138,525.9904184362113
1385110200000,1197.503304133495,1770.8502032106853,2767.346552323871,458.4453367317459,489.9709418139235
1385110800000,1217.763077031102,2176.991328461924,2933.5094671990487,447.94706689032176,448.45880802233506
1385111400000,1306.1302077510825,2075.5697240075497,2964.0562782394254,615.7113489248958,850.02394642923
1385112000000,1365.7644886739504,1863.5231223526366,3057.357800467583,612.5135430377387,532.8876894275304
1385112600000,1550.6500758905524,2025.5270506228421,3039.9897552682305,570.065215927771,445.40050587134954
1385113200000,1435.4218631543918,2023.181126674992,3133.247604055638,644.7476460450599,491.2905987615433
1385113800000,1462.514607876833,1986.6847483971435,2957.714071173863,622.4095473352038,468.6601259650038
1385114400000,1974.7691109588352,2221.8343930907663,3350.7048746257638,553.4444625851273,440.2811552992058
1385115000000,1825.9181695676125,2199.9484405322264,2871.284260693488,544.99630589694,630.6872982859924
1385115600000,1790.860051076112,2174.108877536885,3093.98961234399,522.6104131424336,527.9958790641255
1385116200000,2185.8616305165747,2375.2512586432535,3223.708699135167,490.2461427650826,475.3465258303518
1385116800000,2555.1624559407715,2159.5369405561228,3044.6367542010703,576.0805191345249,553.1472536579122
1385117400000,2014.680571101224,2284.6213438171835,3122.1456682080275,533.1952256572304,508.5774929440823
1385118000000,2361.624221735873,2399.402813065231,3226.0460808993676,630.764555555282,499.19053180239405
1385118600000,2138.2137547674624,2809.430025872953,2926.717104283338,688.9129876763204,508.145625740632
1385119200000,2243.1378805827703,2028.5303087155426,3349.600378290254,635.084408805168,580.140092710141
1385119800000,2719.567122890065,2325.848739598982,3375.3528332342403,639.0454823633195,483.9052647665946
1385120400000,2630.256723111263,2169.607217070948,3700.279832251975,686.37055447477,559.6118153224246
1385121000000,2862.9112171110282,2469.4038390925284,3439.008525061393,726.6246563266519,510.67596103486153
1385121600000,2843.1167992892933,2658.8550721978336,3690.090679724928,720.4277673970134,679.9516933473859
1385122200000,2930.092253664075,2565.221627301978,3747.8608157951603,654.045689139074,628.323612324924
1385122800000,2938.669765322936,2713.2743623111733,3742.388966569497,698.3024010091575,635.8538272386336
1385123400000,3094.7809162673375,3129.114721691169,3733.88048917546,829.2120782283583,595.0299704158768
1385124000000,3122.4243352134868,2872.7341397055516,3424.3598507777656,720.85226631941,638.7308767608662
1385124600000,3629.4184925472177,2964.6685598814292,3948.7426781650865,723.4417462881254,746.800772301082
1385125200000,2933.7106333061047,2963.9328466797533,3600.2447784455762,760.203595442836,610.51770356946
1385125800000,3403.642238202661,2981.134571047562,3441.736412304696,640.642130831818,816.6955020842272
1385126400000,3015.4302911048603,2608.96481487476,3466.8718011582882,738.1396870295745,643.9373658932849
1385127000000,2847.4559265880393,2514.021736164467,3497.720456034206,638.3603119748784,643.7874051136843
1385127600000,2780.1435181699926,2979.634125943697,3440.2173066816117,573.9982373226239,606.8137313030124
1385128200000,3556.0170023485716,2829.16370154914,3121.880440133464,639.2419119258981,665.872500679966
1385128800000,2880.346144292574,2533.522813826873,3215.3992872219433,622.6640012402698,666.9136261875968
1385129400000,2889.75748592517,2782.4527746368944,3231.7053130491868,575.0727518519162,654.5779787091896
1385130000000,3665.0661257857823,2476.665808723377,3335.4036547389646,615.4854257846036,588.1179628450521
1385130600000,3600.4593658070407,2747.743742006418,2978.112796337918,637.3853763353283,602.3856393221798
1385131200000,3929.217967091218,2696.9660992278764,3288.4880350098506,533.9820180423308,608.5948739514159
1385131800000,3676.314759332492,2626.417396790722,2972.1626262253717,549.8021703399103,598.7801315152672
1385132400000,3153.418401874912,2452.098129871541,3240.6918984218937,577.5801955333606,820.3500523935766
1385133000000,3047.115407462423,2663.3048860452614,3122.309416640325,641.2976644287882,613.7836254111309
1385133600000,2861.952455863795,2986.6687771111106,3101.0360386938623,652.4247131385474,633.4457558349651
1385134200000,2959.589780675335,2706.7727766691114,3186.4603580360217,595.5414919145604,653.7303735258799
1385134800000,3014.698982554529,3065.2103604326085,3032.956520811524,564.9117468868419,622.7310936475183
1385135400000,2921.949154241336,2489.99998767492,3121.944706950292,550.139775965194,623.8356287511031
1385136000000,3288.917111405182,2300.1459541124987,3010.237009399307,450.9813305708697,580.0587015897236
1385136600000,3334.4206540187934,2281.321360108903,3007.3901058093415,496.8141336357509,679.5221877049639
1385137200000,3130.677366133174,1995.3599041504892,2872.0472657585533,470.85371977326986,674.9693379146107
1385137800000,2526.2023397380835,2545.882598341942,2761.9104174303257,548.8149115480813,622.445146746592
1385138400000,3272.0404294930013,2632.352437663097,2769.94050951679,448.31155471403326,681.0090760317494
1385139000000,2955.6086216037256,2308.02526894035,2878.9026655185094,427.30036271170025,684.5744025228138
1385139600000,2828.655122590918,2527.0529245476814,2517.3125135170535,390.13718657688025,733.0871239998871
1385140200000,2572.810378012375,2749.4366957281472,2502.873191262883,370.5695095867661,701.1892606874312
1385140800000,2842.8826766658235,2332.6720579642783,2407.6491866630968,413.1308172986451,702.6971684879263
1385141400000,2249.2172790901027,2256.9137686928498,2357.773669759904,401.87251899091274,826.7764106773418
1385142000000,2851.3168066334847,2204.184902679919,2137.3893982331715,388.65872555276263,743.9718473602553
1385142600000,2510.0966130835486,1685.7072163464231,1894.8110801706955,361.2837958252597,848.3797803755414
1385143200000,2354.1483732617335,2185.017849449748,2283.856365708383,332.45447813207034,893.5523734800539
1385143800000,2749.261021996787,2079.264373509257,2072.7312170288424,358.8611272225926,796.6093100340604
1385144400000,2864.069772086148,1992.1556879812322,1613.7541048149394,334.3806203560709,802.901691657025
1385145000000,2354.19627380978,1575.0298346465934,1577.8272976320645,358.77006748548314,873.3095638654942
1385145600000,2280.295002111509,1640.5326872080007,1472.235978111061,327.28136085231733,925.5138023882637
1385146200000,1805.8883874419314,1463.039712172318,1339.1058199937725,296.06840588132326,857.2968605436381
1385146800000,1822.3084432694038,1589.9353416219121,1465.219489641514,359.4656354783247,906.227495196194
1385147400000,1494.5182663449639,1357.3807851945694,1309.5402599714873,280.8210903048937,821.866668625912
1385148000000,1532.6933836666124,1210.2180039521875,1073.6457978324172,281.5841251368886,827.5526933649014
1385148600000,1319.5885677949948,989.9290861446519,1138.9870500296033,263.97318254532905,844.9254873777362
1385149200000,1650.231968464349,961.1642847077981,1149.3395950480465,273.2788121112819,879.8305737579267
1385149800000,1152.2609496850528,1155.9692284279847,1179.90720167353,269.46543880264255,963.2319174427121
1385150400000,1011.2757135401317,959.1071993122096,1168.931507724879,318.7693818655323,1041.1448340459535
1385151000000,943.3537692698784,1272.1380929121742,995.2744246533416,264.5945500015728,1061.8923150154296
1385151600000,1080.9393138888265,1314.920154718497,970.796517698617,229.15248015556844,1054.0166160277158
1385152200000,920.993692014988,1166.747248395671,1097.2589086473554,234.93953078518192,1066.301395823374
1385152800000,805.2058081774205,1044.3658192271628,913.7360719563341,255.81789727905067,1391.8226769824128
1385153400000,758.9691011496342,1143.5760467126356,1078.8584721279751,231.82097686573033,1140.5509669930545
1385154000000,770.4402204978301,1171.8911995971487,1092.1300566081452,261.94701344972486,1193.555043782609
1385154600000,972.8967159788587,1008.6747633340548,862.7410996063315,284.69579959069483,1119.9312850273568
1385155200000,1121.7556120607765,921.2856793521395,877.2822071024871,256.54874830401667,1203.1398703089362
1385155800000,620.0072092298195,965.6870997716317,1008.4651135813326,238.2547112132883,1380.2957018366699
1385156400000,579.7044227007735,854.8670886405203,1024.9747421494003,236.80200000945902,1404.8401321698534
1385157000000,602.8950721746742,1293.7162437110217,1095.5019167947758,222.21464111157655,1228.718070260706
1385157600000,460.3683692899448,1202.2358637756868,960.2266410029628,202.0900598436404,1413.3418473225402
1385158200000,464.23984785863433,804.1623098001344,866.7699514807817,206.2042977678777,1279.9237750632108
1385158800000,547.0494754692521,924.0007114566492,906.7741056103132,213.42991247097694,1081.8384674867693
1385159400000,626.9234035183301,681.7017783805231,965.3580982622977,236.42241941768555,1263.5008396685394
1385160000000,494.60512163839564,961.2707539194487,864.3386208566984,216.8170996881604,1230.5700509463509
1385160600000,623.1561470305068,1185.3529519275744,1007.9263604385654,216.92454613766577,1124.3232166986986
1385161200000,645.9170973791196,808.7997305772764,812.1751756314187,243.1787021499972,1196.0968361743257
1385161800000,461.6533861692264,549.9674953121769,835.4711475815078,214.75256090328858,1187.3093171400064
1385162400000,483.59697104097313,621.1847029680863,1130.0980675962842,193.4713451389205,878.664213632067
1385163000000,531.6667868718046,683.8912063174096,1191.694887006884,176.27370704171437,966.335123105423
1385163600000,349.0392610840632,455.88260796323095,1074.6090914098302,169.5236711146305,921.6021313886341
1385164200000,325.5714821335767,663.0719252870613,1350.6858499881844,193.4832675956445,972.8819159284014
1385164800000,267.63204225721285,469.9702205751544,1487.6106066905854,178.57024447367206,1195.6180604033736
1385165400000,226.2888528992531,452.78301071803105,1993.2836894016941,173.33311338871673,886.795244985681
1385166000000,242.7827592069074,449.35993618454654,1765.6324338826064,194.32455834085437,879.7861125178414
1385166600000,243.2654519540242,392.7163371465074,1634.184684387349,157.70868933991716,708.9170440523394
1385167200000,182.37683949092133,396.57739879053037,1649.6172712107327,165.05883079545993,674.7936257298135
1385167800000,223.15058552454443,305.36374367727853,1633.5099122658019,150.52557748638793,679.3587432158502
1385168400000,243.2893631986964,317.46959830650655,1514.3895277750294,144.911251976855,669.8968233575696
1385169000000,210.49643298448584,361.3947678614833,1420.6693858660992,153.49950564978246,620.2877907502025
1385169600000,222.50976159104675,359.6709490850832,1286.1512012007977,133.1469780563995,466.1282960345931
1385170200000,305.3051654126895,353.8665723769995,1492.3997441266506,126.28233799087543,490.9011075402423
1385170800000,177.2832684571744,388.58008701567974,1515.7146164307496,140.32463284520927,529.4118252757311
1385171400000,163.02386079247128,304.8638314414645,1156.000111195953,134.09812367081307,455.5215025975319
1385172000000,178.63964053598116,294.05853103418616,1345.679233565182,132.41059644177335,388.9840482378965
1385172600000,160.12170427624656,314.75000015324,1216.1947301454966,129.0526293086671,462.2161632922594
1385173200000,149.3461413344769,291.5742066675625,1097.162102579035,125.4513206305286,425.3215526519386
1385173800000,176.50921815609033,311.61335909347025,1217.8841780484177,136.96304491661098,403.9787664801111
1385174400000,149.34281890905905,475.0466074139515,1003.4594754652359,162.20650778896214,464.8839988146734
1385175000000,156.11978461789965,290.84477156994404,837.4085453946259,150.01548458841245,320.17132322277905
1385175600000,183.4141100044565,323.49251351126446,866.9447547044003,144.36062447010818,326.8856703191388
1385176200000,135.68279870945213,298.6858104205817,740.7133494374957,172.7097454091633,313.0693263111379
1385176800000,144.7284267939654,293.0782470715639,599.96309544671,143.55757090270237,257.0038964407714
1385177400000,164.63694377028924,305.56123045045473,604.3628932673461,116.21855983258952,279.16177552821165
1385178000000,129.69153355214866,315.6599051493234,522.877057314209,134.35272973296654,280.70149324714015
1385178600000,153.85231389689397,285.6236427482856,417.388040775957,114.45459323947176,251.2454372697953
1385179200000,162.2918179313107,334.54684394677173,394.15382028528154,102.58432692263192,241.64208518860255
1385179800000,149.84829689576,301.1470710010601,321.39730635702114,121.40243745655144,244.58965402485535
1385180400000,142.90620039555347,279.73716005689346,328.14045584124887,113.42893883694654,273.35471380753336
1385181000000,150.26193257537284,315.1870186744331,375.4705280709706,108.05356891318125,246.79093812581493
1385181600000,133.80631871915108,309.62621906666584,312.2081350753786,123.97155196928354,257.346913716566
1385182200000,139.6484454625231,282.90328949231974,323.22081116775996,114.49086627578576,265.60919276992155
1385182800000,181.5319568596525,325.28407273821745,370.7583408214133,111.71729910209304,234.81664711258807
1385183400000,132.01551627048462,323.5316291330755,314.29058674751235,157.87455429311296,287.78593560635613
1385184000000,154.8038420751086,293.14421537447356,320.11648807715727,116.15270328247772,272.165809206063
1385184600000,210.96352303296544,332.6620681592205,365.84670054457064,116.03762344879,239.2811444143747
1385185200000,163.56156518179574,325.56843174459743,335.23429253893295,129.03598854072501,275.84317055870275
1385185800000,166.141954374427,332.9092358087109,331.5898892841754,134.58626306993077,250.4984555158622
1385186400000,211.3684558449302,337.410506757846,377.3249087908025,128.77949880299596,233.61678517170736
1385187000000,351.12086849416903,350.1495067095239,329.89482812813407,130.0047456836758,280.23832654481106
1385187600000,295.38954945725214,357.9813109100984,341.78876533708996,127.0874374717109,244.69400361268742
1385188200000,223.89625309263744,346.12498481542667,394.26037597942417,124.76775846566316,282.56973875931857
1385188800000,207.34662364314542,518.2500436741781,353.91390605261313,152.7755635069586,306.0839867841122
1385189400000,290.36478587657695,491.5606274077805,384.86154583982557,144.4719183494186,281.55688129164815
1385190000000,266.0324687618027,468.5712630898676,393.86375090083385,154.24858465627227,333.88524249636845
1385190600000,245.90947741556235,547.020670064472,431.42061967386485,172.1763526649097,366.639288225747
1385191200000,259.8036342067782,484.2894282720578,392.24653882813703,198.68886473016713,336.8836910700424
1385191800000,549.8254451336298,540.6170825759584,461.995788001752,241.80509399584602,331.5142743582026
1385192400000,381.74936957710446,588.4687141117146,417.5811055107072,262.7000819324542,481.66032793813383
1385193000000,336.0831481254982,484.57068592912645,484.1932191600835,261.8920888944547,476.13020010318473
1385193600000,433.3530844741357,630.5803660595651,561.8209223916052,292.16658603698545,389.60678700657877
1385194200000,478.305154895771,799.8217773941054,506.7584656176384,420.0151747896394,444.2284404924604
1385194800000,479.42511614784553,682.0791058243866,534.5397437751067,469.6032088550818,410.01023403241624
1385195400000,506.16934679350527,736.788902162649,541.3598279553441,410.15949886981963,494.4555731197624
1385196000000,622.0352987248051,674.1676139753907,581.6623082233136,464.4058734246552,565.2317761420263
1385196600000,1055.8073460749777,806.6007489683648,557.2989189578858,401.1523507286542,503.8844605554525
1385197200000,746.1535547016641,841.4341632504079,627.2268098007675,395.35843326807526,495.3143924748232
1385197800000,1017.6602932887778,965.9786151660841,577.4208305182789,458.2390536896747,476.70122466097206
1385198400000,933.4809118444293,881.9964440353544,557.9585616955089,368.6157720601142,615.5406348388636
1385199000000,1240.2892626179907,1258.0599184003452,640.7091078319055,384.04911813798896,543.9974233812931
1385199600000,1184.1759498672357,1156.2021973309222,614.7589700210957,484.1562250458399,599.4050227635379
1385200200000,1364.524063106347,1246.7374773643246,603.9836602450731,401.4534142413487,539.277061504156
1385200800000,1766.8033781424438,1568.1798607408175,578.8309604979314,422.9487442259263,579.4919581156462
1385201400000,1733.3048418601372,1560.458701659117,593.393836883387,382.3061408885397,638.3271225236407
1385202000000,1834.001853514135,1390.632650260029,687.0392852908693,498.2774199609716,611.1019756348012
1385202600000,1935.8088580732276,1319.1239343138056,811.1127422996286,391.6970974178035,687.446202044278
1385203200000,2165.799019122279,1603.5116126146836,676.975346396403,387.1288971788086,709.9077657053483
1385203800000,2291.616024005737,1494.2481308632948,762.522895728605,455.93058074072457,663.1287136483935
1385204400000,2087.6857566307185,1639.8422246787277,782.092514171165,467.04935070407777,625.9084029230402
1385205000000,2620.5452914363664,1748.8917641244852,789.440875921859,418.5481974715737,700.706014222163
1385205600000,2359.2741508393906,1666.3021839475089,675.1858755830866,505.23449182026053,617.2301399524531
1385206200000,2544.0221890755997,1644.4885556981092,752.2530005817725,398.5548691250934,630.2608414878588
1385206800000,2750.008481986405,1765.386029436512,738.3062813168766,487.05521661328703,729.6753479179125
1385207400000,2874.777819290226,1847.2079567635622,1168.472857338029,395.5924728082855,930.4636997944549
1385208000000,3588.7616855589927,2006.5998609728829,1041.4847845177546,488.0165348894741,723.689064585222
1385208600000,3780.696839821239,2728.7024212138836,876.3148095229616,421.45959592618635,657.3457624323513
1385209200000,3446.3374005182404,3236.186745261478,877.6720334409168,323.36090213169433,689.0123864982476
1385209800000,3534.564536669271,3339.7536669014985,805.2780627377401,385.29473934041613,883.6396012064399
1385210400000,3335.2861070195595,2343.457013129796,927.9321950927746,412.8532138356396,822.8888773028679
1385211000000,3598.267267982178,2721.7560828201426,640.2799720692518,309.59423545896084,1009.2418032539506
1385211600000,3061.7526038097203,2251.74303428445,622.3296528109358,415.2244083819736,830.8884745914911
1385212200000,3852.5286383950693,2818.4744014249795,679.719235798874,312.827015686114,1016.0892079308371
1385212800000,3704.1967804188384,2361.563900313238,851.6411219585721,314.4699589588374,999.0675316187024
1385213400000,3567.8100590819754,2151.7602080905062,735.6663433556274,297.43221107753277,838.4667273940789
1385214000000,3455.7561152048243,2335.5814019124705,693.6582240443082,410.18115721645967,844.9157861534445
1385214600000,3341.1561885023193,2708.8936581150406,912.9438476726372,270.207415662988,874.1500679064467
1385215200000,3987.036716324977,2240.5331166061833,1374.4927504589687,347.39594118374134,904.1049740870185
1385215800000,4366.3564723268355,2322.174811062994,925.8687943065024,374.4296761707507,874.7314450418359
1385216400000,3921.72859073833,2177.002960843372,686.2782825462019,391.69876718447375,852.3229720100795
1385217000000,3828.5902209957694,2426.516818683122,715.2628029831418,298.66704655036307,838.5161287209107
1385217600000,4166.3469743828,2598.9463297352663,706.7981086364459,294.67270727329617,943.9124781549438
1385218200000,4513.628603575883,2565.3057766071774,659.0174083857322,358.6057934446262,985.4040064642808
1385218800000,4117.073544691139,2544.0052392922366,692.6467688464828,315.07064321793086,1135.5086288700481
1385219400000,4583.8235627414315,2529.414434270445,581.3589224263953,330.9627828350959,942.2639130334633
1385220000000,4525.774655651664,2401.6863024111044,576.2006936255314,283.6321229297324,926.8049486037107
1385220600000,4224.498712434416,2690.6993001994383,676.0642268891172,325.03152889115194,814.1919207230993
1385221200000,4588.57440184263,2575.503759432178,766.1974511589923,327.2210491102159,792.9527991750208
1385221800000,4845.130039923408,2993.7200003082175,621.825489497275,296.62683809953734,872.0816290594474
1385222400000,4976.080529397782,2399.504406400698,685.4462910268333,290.45359267124445,753.3552341720969
1385223000000,5153.127000224765,2584.5832788610574,617.5845784783028,342.85805709676373,720.2725836923952
1385223600000,4522.657115172766,2777.593965593114,627.5371429275896,284.0150235119399,857.7504150332651
1385224200000,4697.685477731976,3284.0472857907666,677.8730834319671,300.1160804208347,826.422594381073
1385224800000,5024.908714583996,3066.235407484395,621.4044345734063,290.37208434642696,809.4119750813417
1385225400000,4658.852361761507,2542.7401772489407,617.4464921051176,304.17543917340197,827.9623489559749
1385226000000,4101.390437235569,2306.5593965141497,642.6113700087908,324.90442447521457,647.1422712252651
1385226600000,4675.246052132508,2448.9526268049112,824.7784575807258,265.6518147954689,761.9079980424295
1385227200000,4162.106270312972,2484.719388584928,570.0533143110596,312.28842580250904,736.4756349457831
1385227800000,4214.821774049403,2313.5741471230126,551.7784042547335,288.18670719441974,817.010108300883
1385228400000,3955.822980480114,2543.4723893433643,747.9905137538465,335.8897194686193,852.374749037994
1385229000000,3825.093081514291,2187.854738864143,518.8865139909384,282.93661788605345,923.7451886725587
1385229600000,3582.5189066494568,2086.5433305126057,529.5949316864566,246.7389817001911,894.9034328447462
1385230200000,4234.254130228255,1995.4806132861427,608.8415550654004,289.91449541800915,1041.171322570734
1385230800000,3536.3542372884617,2705.852873413649,538.7154109000872,245.98013062579548,828.787584208202
1385231400000,3193.8923341541627,2445.1475719656487,505.1507001116272,281.0165820047307,841.530306666467
1385232000000,3131.9081939017765,2476.3926740221214,436.42804146461583,290.08220818092394,910.8170722759234
1385232600000,3040.9350713548934,2549.2105802851706,518.695522692924,285.2442550291089,875.1897996106339
1385233200000,2830.025899878866,2257.1368229052105,630.5118359417836,229.7953620882109,1022.3450769100541
1385233800000,2527.2481070087874,2011.7741711451931,684.8303700838752,230.3827805309518,935.8600037231618
1385234400000,2143.1483407034893,1516.5652762110133,642.5383449565837,342.048860691826,1178.2919299466514
1385235000000,2096.7847790134538,1526.7790757757655,758.6940966194236,238.87835272181857,1050.090484751599
1385235600000,1802.7379039167595,1826.5633275292741,781.5211533571917,284.2437471299368,1261.058457937381
1385236200000,1598.4620098490605,1440.9937700741898,885.6038273231849,212.05167416539769,1099.7187529130517
1385236800000,1309.8551045600088,1215.9146422296647,927.031224897954,220.48744381074638,1204.4220663261312
1385237400000,1166.3753268904923,1286.9786545005984,900.8374848492011,194.9713495873204,1464.917886834946
1385238000000,1151.298577863982,1290.537804883523,920.5966500589985,247.61421076416661,1159.8824280389774
1385238600000,1550.2796315499536,1097.868312077822,936.4139108565751,252.8630031024062,1282.5191175076538
1385239200000,1212.4325635338791,1515.5702617726306,993.1275367234258,215.17102174328596,1258.3814587306758
1385239800000,1417.8248216807135,1469.5927345452776,1025.4270089872505,224.02170121752783,1537.2112751550844
1385240400000,1222.3023683684871,1687.0891415970425,1129.9338132627531,233.51227832462175,1535.8432627546492
1385241000000,1516.8856982299735,1198.7938693277176,945.3075237755164,235.76973603113646,1352.0074431349701
1385241600000,1051.1725705952108,997.8213787335843,1443.887123970386,213.46021869808376,1391.6520803549558
1385242200000,949.2745784292836,829.0735317967687,1207.6067997527425,244.8487640642588,1590.8059664761513
1385242800000,805.158914574614,795.2811898531992,1146.2178264715592,246.84656012549863,1608.5470066960215
1385243400000,819.527028288555,862.5069284213748,1211.3755960636943,247.99198278506225,1746.6347889549559
1385244000000,672.2108472503259,812.8682211025346,1188.6557118725923,220.78272928311176,1386.4404084435039
1385244600000,685.7274022370527,662.5574859704845,1191.4192577902722,203.4880282592692,1245.896726206871
1385245200000,589.6070078659756,851.3076154157233,1509.8480538925317,189.0945436202385,1208.1594221898795
1385245800000,628.2690412797484,797.2470952964203,1350.1690395352505,219.78951516774057,1231.7816224123446
1385246400000,499.7761243860542,750.8318482315456,1363.8905177510753,207.02904212078246,1164.73779622557
1385247000000,597.6814885087697,633.3080864023282,1619.0901318102913,237.76940681365315,1240.550334024551
1385247600000,719.6261621147165,680.4865321730655,2011.7780595028935,215.7105596736179,1095.8270316374183
1385248200000,471.15570514777363,582.0181170215776,2159.6893849114135,234.6837469915195,1057.862977613067
1385248800000,529.3493037503616,787.6462086827429,2256.9807565473247,207.88453193643474,1090.914516118884
1385249400000,624.8856628440114,530.5591003727166,2035.387016077794,209.07233051720442,1282.5495943538538
1385250000000,588.0417118535491,542.3007477822149,2438.435408735316,212.26354747069186,894.930918333284
1385250600000,350.2854682549961,555.9007153850112,2574.0368673906037,212.9850908842572,891.8042178225173
1385251200000,425.4614463050503,469.0631808167341,3158.461209106102,227.40500088425804,894.1705537023041
1385251800000,283.2995638231252,441.1610983739788,3179.568870405652,195.2204205056248,972.6730292276283
1385252400000,252.39803560270087,441.512616398081,3129.3264595709697,198.70181186981156,946.624983072703
1385253000000,266.5019181645484,358.757431572716,3099.688120134152,203.783480573598,795.2382110075291
1385253600000,326.11807353238163,371.9154333490513,3078.940344906355,198.47693755606895,711.8267488615626
1385254200000,232.21816137168875,466.5593702731065,2737.418369595477,186.13462709833536,677.8760395450236
1385254800000,269.9205428643689,349.24298693643476,3286.0721607077567,183.03908990876727,653.3941973148601
1385255400000,217.41335855155916,363.03701486556434,2976.751857424317,178.35048371733342,535.4454008018508
1385256000000,229.588237659007,504.78822277619787,2985.50311555861,199.26311506157592,560.0990556734165
1385256600000,259.72250188946265,571.7787798029962,3003.3883798144893,180.09256456776885,471.0503588632718
1385257200000,254.68120309420397,322.4814860069766,2855.71776929571,165.85304408662446,588.5708365416314
1385257800000,213.77741253522524,309.8816326748229,2655.5357820537874,167.58263389279261,418.9914694920311
1385258400000,215.225764254412,266.35233227754713,2651.185141948727,158.81615343705027,403.2359183859943
1385259000000,213.12929649724896,282.10887122267434,2603.7792393932427,159.02337088304228,386.1549390170875
1385259600000,205.1833253379395,271.4173009322183,2264.187061396716,145.6484876539487,351.0224598521669
1385260200000,209.09377145397264,281.8688745140077,2369.1793365833805,159.00545970427046,334.7611351904314
1385260800000,211.14656996782603,300.72909935039866,2016.7541284396816,155.477340451213,308.9830149617738
1385261400000,205.94453575902108,285.0219044485103,2228.062762652517,139.7329924679333,298.00858865546604
1385262000000,213.42115116379347,270.79220580194016,2124.0821833183163,148.6893537481086,313.681521732098
1385262600000,205.44720816334018,260.187976039738,2069.8596593100274,154.65544874579504,322.0455502911209
1385263200000,204.33235066954137,263.0968449705805,1405.76010736042,139.5744518046306,281.19955765370264
1385263800000,201.14841553983848,249.44371659138895,1273.2292733966983,159.56911045824057,257.6690318219101
1385264400000,226.2807632195996,294.8329574979992,1016.4592734608942,156.55278552896976,288.7512234179907
1385265000000,206.48275171594182,270.7661042261274,745.5791076291198,205.71496289949027,266.36943385240056
1385265600000,223.13522763778494,286.3605646887194,701.4231357848223,151.4689182788225,236.1188232198448
1385266200000,223.2301601808426,261.2147121431272,433.6408169059719,133.38246696388256,287.8522628482967
1385266800000,213.53044320769803,245.67511403415023,327.77441849994887,124.5436689520416,272.4822394435577
1385267400000,233.31284668671947,254.99637591365905,279.1192468886681,217.97103471539813,243.0521050112226
1385268000000,254.37386022957128,250.11037707450782,269.4678455503809,132.72599503600603,272.9331850416308
1385268600000,262.76544278331266,245.57546554775791,222.29289966006533,125.92423594916428,244.99812605339855
1385269200000,238.82102368676306,259.9649044293336,243.15203287423225,135.66930505986483,265.32128415960125
1385269800000,204.407333864751,246.97197449122055,205.32933564940726,131.27414710044437,276.77168564912216
1385270400000,198.69815643990077,245.35384160199376,197.6664985520092,130.21165613040836,261.57535314789357
1385271000000,234.14375207329823,268.41733376449974,203.8887744336523,133.4195393064105,243.9596103632712
1385271600000,232.71950687540516,248.81504073838332,207.3175059313778,147.6575349048545,266.37693600575017
1385272200000,221.7072042012958,246.98229540746743,191.0120113195234,180.07858151117347,267.77227024500723
1385272800000,232.64310196925257,296.29664202918354,222.61148282861103,134.59024389766574,251.33224204065615
1385273400000,210.02771285980555,267.4111662207923,249.76098427608972,148.83084077062887,260.9201227418215
1385274000000,217.94881125072214,277.8626678010254,185.98287465113526,135.89988544904574,249.21966484805856
1385274600000,223.93418063563274,493.0623743198582,212.63228708088593,125.92681473944248,238.29521426463046
1385275200000,238.6100765952412,623.1714191535372,214.81737215849625,129.5445291256314,224.02061976565457
1385275800000,243.3459449516805,344.7747630004814,202.47420325542387,136.00598697172822,242.9817709030933
1385276400000,293.12927051265535,395.8062568121485,259.6179667757069,130.4582321525917,240.27283498432672
1385277000000,288.96476653676405,314.4239086373532,264.06640046674516,145.19942853101082,238.16146082520856
1385277600000,274.03019944365303,422.66060557041806,230.33786322890103,142.06055550479496,247.88717554404667
1385278200000,318.5066917632611,343.6877089693456,261.43809299340376,144.00087240437472,266.51075342178007
1385278800000,311.37512879640747,449.52650003864284,298.96322247223884,156.9226405881654,262.6899536310191
1385279400000,307.2429114864978,483.2256693178595,266.56859463415105,148.76152541056805,281.09949888503473
1385280000000,270.06182703065264,377.8058784153079,296.11011572875935,154.59127618713103,292.7515753650512
1385280600000,330.36723863207516,408.93475307222195,281.35333107459286,166.66903869305202,354.3398650334382
1385281200000,305.0008642049524,401.53840665912315,294.32665921904993,209.71286299806593,392.1220746478081
1385281800000,368.78086191226026,408.2380210881507,300.25400116068914,201.20774423172824,371.38696220648205
1385282400000,594.1865192203882,516.1376633775063,341.1342033672573,179.48025566401435,391.4042800143396
1385283000000,569.6008113482483,492.3110100907107,364.8101676255111,186.98159352751708,429.6171646936487
1385283600000,539.2835281158194,567.020915394405,358.7007427257564,169.40405610489776,440.30608521135315
1385284200000,666.857955535269,688.3440954227409,365.12462128898386,206.8189643885951,433.63597613346946
1385284800000,756.069837075709,754.8910455278186,363.65804759420485,186.61108138155535,455.7440897389433
1385285400000,889.971751758169,853.2003946837112,336.5894688222862,168.95921203441023,527.4950043344852
1385286000000,930.0932404539802,1174.9022967458757,357.686960704742,207.9542384627705,630.9233063200126
1385286600000,1212.8046895843058,1077.2703949701636,401.67235879355326,227.9955209498081,586.126717482046
1385287200000,1355.399021321258,1361.6948780557204,556.4374463231491,190.20703427059755,636.7247680248422
1385287800000,1564.6470035357054,1169.6885077947709,656.9824636386792,167.8193867244178,605.1372201098781
1385288400000,1605.0250457596637,1106.4901122715007,513.0064626523716,197.4467044515216,691.3284768422335
1385289000000,1789.6512785965763,1202.3710910769616,446.94064694382405,208.33856079514894,714.7454601957298
1385289600000,2075.192801085716,1194.9517922376554,387.42128102444946,196.0586304625396,624.7258148269665
1385290200000,2205.243511849669,1339.5799017160696,408.1405562061574,251.66171856832744,621.3216644466121
1385290800000,2498.822061437914,1612.4107246694405,406.6152552770718,264.0640218390232,1027.0037579442594
1385291400000,2550.93520141663,1366.2014125604685,442.0476744985948,199.95882370172177,867.7576416549832
1385292000000,2776.2960741388215,1583.3716539581017,431.30624233894866,194.33363917045838,890.7643018385779
1385292600000,2372.851160163108,1511.0299448269827,511.9575175890334,212.70745414786862,969.2031878929118
1385293200000,2946.8764443205523,1417.9389327044557,488.8955006250243,262.0873120082199,862.1431617074442
1385293800000,2619.4835453591345,1628.9049490272926,436.5406867957123,297.41143429588476,782.6307755664526
1385294400000,2434.008822074842,1894.4833169145672,456.5046204756899,230.9697802356013,994.6766187007422
1385295000000,2543.7820014534136,1982.240823215474,444.1029122097009,182.50544959159157,880.8589005200121
1385295600000,2681.7931725683734,1764.701168981443,400.85219723739647,166.69694112096178,951.8281329178354
1385296200000,2766.720458289696,1643.335791209496,484.6267580748407,180.73498915423914,1103.4339502460625
1385296800000,3405.829205924573,1703.4955722388202,585.6935057433294,209.42893277396496,1151.254420339374
1385297400000,2891.2841641392583,1694.433066833682,560.8515598968906,223.03869693317688,1150.328579042951
1385298000000,2944.298651138573,1790.4054071550324,446.3601975103906,196.34797017347168,1241.394991196228
1385298600000,3097.21868941463,1926.9264289434147,508.26872819393753,178.1327014609851,1045.4674482771254
1385299200000,3023.406889354041,2189.393632277598,454.7453679636993,214.19957954368692,1125.552445635196
1385299800000,3633.83030794616,1986.1901349270258,691.7127440229912,212.8244418014146,1112.2947328553748
1385300400000,3471.1450678434335,1750.8157114684213,496.7170444210025,214.86678848285612,995.9686135299139
1385301000000,3879.684094373523,1886.6422565494845,400.82273329148916,226.07183240057844,1027.138228798718
1385301600000,3537.642000446615,1895.1499526654352,471.4671425989753,238.2547743297751,1055.2904179318068
1385302200000,4537.444883098473,1816.0492214902374,479.47347990369497,241.1776289989469,1050.257990348286
1385302800000,3780.2254529239585,2205.7734582614858,494.6470266219617,194.2449725052141,1000.0367991759321
1385303400000,4245.246554000285,1908.7944709230326,479.39735726160507,187.23675543269977,1003.0578886531983
1385304000000,4280.184528336037,2188.3859220667496,431.28242154868894,216.61978434631646,978.573292426649
1385304600000,4215.815844263031,2549.8238811113447,447.8976260503703,216.4636968618538,1071.893593691946
1385305200000,4295.819710953833,2650.609228942234,481.3973133726176,181.3898564758153,909.147938528049
1385305800000,4725.724703806208,2288.0973431395255,732.5164858068413,226.2615468654871,879.4012762708796
1385306400000,4298.071497441052,2994.078645235656,480.5245813051789,230.30003107849316,940.5166416858798
1385307000000,4963.323058101316,2445.5760704839927,467.83921876248166,178.4545708125451,1128.5122986265194
1385307600000,4705.412394728771,2558.635320148784,484.0759300344488,194.11869902077055,1295.7574236676262
1385308200000,5147.585977290818,2071.132113833882,697.5631346682253,187.63369443122937,921.891019810825
1385308800000,4772.823606845617,3318.307811197232,800.1558424538022,196.43572762733984,813.5707329173645
1385309400000,4445.386299601861,2201.308776757109,593.2290225435107,177.29209697891602,882.230789747923
1385310000000,4566.055905557005,2160.216644616268,486.06662425850203,174.0025137682092,1069.4131008367153
1385310600000,4709.754443045675,2473.544294069275,459.0393312988507,208.87743113395229,812.4305511688556
1385311200000,4842.322940537555,2318.873536415662,549.9843609652983,216.08465531553884,776.4832326755363
1385311800000,4922.503320727407,2003.7833600686101,448.31909180903733,188.99663846748064,796.9050026651676
1385312400000,4524.524569728242,2762.478010316973,476.70652452584915,215.87211782686398,825.4892736472196
1385313000000,4781.274105979821,2406.1666341913647,513.0398176856241,221.61988944146063,881.8735495572635
1385313600000,5065.003787531165,1849.1571440541343,484.56769145050737,171.74895080045758,827.8578519442492
1385314200000,4151.806973188773,1795.2359229894575,501.26178675836485,207.62276195653217,919.1564592804483
1385314800000,3855.191031541888,1869.4426576817605,410.13290323011046,203.15718487031143,1043.4005267820705
1385315400000,4190.240132522533,2068.9068183008194,393.2542305720721,199.83691373795995,939.9709144403854
1385316000000,3771.9584219641665,1862.610727687128,487.69992044765644,218.23195074092882,1031.3711368389388
1385316600000,2938.771135485197,1948.0727740090888,420.8830602652309,235.8544545622214,773.6325360750672
1385317200000,3422.9987227809174,1822.1761999684106,481.5679613557487,209.0084695381511,765.9875420389657
1385317800000,3182.8206928370073,1757.31582874188,366.70654911919644,212.20067574263413,935.3686535877463
1385318400000,2670.0798368356222,1447.6839318610077,425.82367119610205,242.02587585477136,1304.630527054377
1385319000000,2600.131227206636,1285.6750475664132,512.2974566552545,187.14002141334214,1059.6581252853507
1385319600000,2369.3059195399624,1227.9689446441228,449.68845755334036,262.3833480071642,1158.0942992209266
1385320200000,1780.6407995677982,1128.1314009727232,430.1472198963063,296.40380852497856,1076.9013732308722
1385320800000,1553.09555627481,1218.6528592407326,362.2702465368737,237.22625040960517,787.2676805359959
1385321400000,1413.016036768916,1105.343400932129,377.8131687888046,207.85675597550983,824.55807502735
1385322000000,1143.793306674106,1012.9734312767337,400.2619622054295,210.56452987062536,871.4923941914399
1385322600000,1262.946458292516,1155.0700660287025,430.7733523971843,227.73044824568532,1003.6810880048814
1385323200000,1180.15445428776,888.6649206326456,627.6838753269951,229.79052671515703,1000.1472647633559
1385323800000,942.3368554003472,824.9030843882548,415.49502157392294,202.354726138403,960.7877983829705
1385324400000,2149.7294568659827,636.799916102362,399.3972497769138,214.69690226763265,1020.0559182887092
1385325000000,1755.357969462239,689.886187174255,478.4289710830065,202.62741820453036,940.424877357323
1385325600000,1837.238667073671,915.485398269534,386.54739123557346,216.52418354483174,1013.6991354369284
1385326200000,843.3705001141337,659.0041272684375,337.75523194874495,212.17355929743061,996.0508880344508
1385326800000,830.5982812681032,760.9562156329434,345.3062536939956,276.44083807087054,1076.8064745253182
1385327400000,1109.0095469376222,783.1202028475327,380.62725480540183,244.437785512716,1011.337177068833
1385328000000,1133.50754073879,830.7522713890976,360.9536147807138,225.89693603656863,922.5762783010885
1385328600000,1267.1121874376379,644.9444048241538,392.51027234322544,242.15771953467527,1181.6346335999194
1385329200000,638.4012773308914,608.106884706757,308.2960605546044,254.4142251418733,998.4928383887403
1385329800000,577.3198759799478,749.1168045032056,314.297362450038,233.11672282087707,1041.8449257770387
1385330400000,552.6965976117871,616.6557768784696,362.319605023571,202.9115983879183,787.939129177174
1385331000000,556.3391586230466,579.7888853200801,266.3966020121152,215.60547855214557,764.8411219019526
1385331600000,699.17262699807,615.2847083281255,224.65410076331662,180.8124638995325,805.0865018501265
1385332200000,667.6163582127949,530.0977169293477,287.29310694431064,173.32511876541528,729.4683406388364
1385332800000,551.521648242914,808.5594957243611,283.5520457891622,174.93287401317534,737.6169666459755
1385333400000,837.7374657648006,384.89269512342463,228.62602784677844,181.5813377743285,833.2940576405035
1385334000000,416.478303821294,401.40493487254747,234.0583253885021,206.60044595303967,830.9960464084359
1385334600000,543.1171024331987,394.54736953396934,255.9002675744154,170.6044272449881,638.5885015819009
1385335200000,333.9015519082708,346.03387238769005,216.1811719681679,156.34968192985204,659.0721844458076
1385335800000,332.2147691205957,370.9610685397652,210.92770656884488,156.0806578872985,593.2966695554925
1385336400000,439.6689109588927,520.5647893837144,331.4524229647475,153.5584833456109,530.4734359621242
1385337000000,293.4496429850037,470.6663854893516,209.25018868693272,144.4700792829602,638.1846791970324
1385337600000,327.63170747867935,321.94303602500634,240.19168195901256,154.23858896880313,430.4336210471
1385338200000,331.19507857154446,273.2273905327822,216.906265314875,135.81140058312565,456.42796532057554
1385338800000,507.66803171505217,293.04561458115035,191.2330600806646,155.96872465584235,468.5938550498296
1385339400000,257.05695823487156,301.46728697577464,205.25564296404008,153.93864423909451,406.3128415938027
1385340000000,252.84411849254698,300.02865417498026,250.3671709651563,153.84621091564185,392.65968199744833
1385340600000,914.6452183983827,269.1160488764575,197.37135648734065,152.8983456249201,355.7072390611029
1385341200000,620.0686328968487,303.13292328081127,203.22741386590116,145.67011965038415,340.50582020870695
1385341800000,234.7584093183609,262.5022824451634,224.13706135496471,150.0150843448973,339.0850250074407
1385342400000,241.6041614700132,271.8082946417983,189.0967813124053,138.71213319732144,380.8257643525775
1385343000000,228.6823939311838,276.8530414083671,196.07070142810235,130.39592663610912,313.48459281314354
1385343600000,212.1803509861643,267.69755964012614,202.29604024587326,124.59167830484589,324.7861628444811
1385344200000,226.10814831408422,290.0396542453284,179.25740489987518,134.72049115854202,311.1359208941134
1385344800000,229.93333225562358,290.67404371669636,182.14111840027337,129.19422430250614,324.73655452186256
1385345400000,226.27394763506956,261.8894316804676,195.31703131482436,124.3409062563524,323.96878416539926
1385346000000,232.27991051232124,275.17044886994404,163.27815554188854,125.3577916953647,304.85667945590893
1385346600000,258.8955116190394,269.6577491364398,195.35017282928723,123.45941907779508,316.3051929479827
1385347200000,293.3147255297548,286.5270123400264,189.24415154346732,118.6904284706332,285.478768339913
1385347800000,234.58192118432532,301.6572935451755,184.83996000665505,122.31336778106036,358.9445254625525
1385348400000,226.2029268150773,273.6953242625132,177.89515577116384,121.4477971134998,567.7685255288766
1385349000000,214.79917426042738,261.25421550014113,185.5719707322721,111.98746899629045,379.4228781234168
1385349600000,267.90406472918625,257.9296604817701,189.9012498469343,109.10946191458804,443.2603792137213
1385350200000,258.08183670092654,279.7630667837788,201.5469154564318,121.05424722522305,284.22912793660055
1385350800000,228.9508212602613,247.5522146086726,182.6585570309604,115.03858401233713,282.51432226547627
1385351400000,220.34280587648274,287.56998703583673,242.56835862951763,124.50884985939291,261.57539000386697
1385352000000,235.3498538170289,292.4687448712425,174.54247236598837,114.54580080223994,241.1317150708689
1385352600000,207.11502730514306,245.10073206502065,190.25296331002363,110.99972820584459,297.0790309360416
1385353200000,241.00386407563568,261.440138690336,195.1120623227526,112.17947444110268,273.247249313382
1385353800000,231.18565259765126,340.46630601274836,185.8973568241591,133.42713108520843,298.34048818737585
1385354400000,224.03499447138412,275.3813680629326,180.95878165019306,119.91907856283551,240.34225001195193
1385355000000,224.96970157667144,288.41915374356864,187.25225309728714,115.08059379358926,276.95090401600754
1385355600000,213.95989014443137,304.9993874970537,184.14244423931683,131.12304586819212,268.15974667523363
1385356200000,204.41471783515374,262.9818121240555,188.81915482468764,127.86223059381416,325.26679300199277
1385356800000,230.6092121413639,300.96770535084806,201.75745820754952,128.09418744061472,292.04661308785955
1385357400000,233.42093551140775,344.0077104377882,205.22572761437462,143.8855212836704,294.28515112334196
1385358000000,229.03204984506445,299.71775169834507,265.3462639573373,145.88345145647006,312.0923690754906
1385358600000,297.06745579693137,351.98449290813886,303.3892392865282,138.56522831118755,280.85406384424437
1385359200000,336.573118446819,365.7120800370124,262.61550015572345,159.5109274965332,246.76531026911923
1385359800000,322.1541779747166,331.8532601634977,312.0024947193279,170.14760361637258,301.5008237970038
1385360400000,277.38930562085676,464.3633610375616,314.74718380599495,179.179810477161,337.71332330463866
1385361000000,340.8951541508614,670.4388630017495,351.88139342549607,209.87012935486513,348.551580369342
1385361600000,368.18620551193345,757.9847927951685,469.6672132491917,216.8966186376112,388.28000828633577
1385362200000,381.5015000567316,813.437508433465,547.4644686461021,215.40118288112967,425.5253724722219
1385362800000,459.11615979156295,782.5587184182497,699.6741079514568,289.89438687597664,468.3577376074776
1385363400000,582.8405621681535,987.9238617161284,829.2974661690533,334.8232490773107,460.32204282638344
1385364000000,627.6480152819626,962.9199453015328,929.5210737737231,269.65170987872006,556.2550243573081
1385364600000,1188.251012268956,1415.40472723218,1222.533031980982,346.27076275578315,474.43965560583206
1385365200000,779.0232923589133,1099.8288380812796,1405.4417543733148,367.8611865528079,471.8666721975444
1385365800000,1142.040229423809,1160.1320324573273,1761.8851846932137,342.4690189808899,514.3047307327265
1385366400000,795.4120207121209,1370.2393866032241,1898.8699777996876,430.5768504890851,567.2341230232099
1385367000000,859.2292582879608,1495.106988371468,2189.9915406775904,402.2264077157984,540.8851147657313
1385367600000,979.4577724170775,1515.6808408829863,2591.6916795110515,501.3365794888099,458.47208666715204
1385368200000,1000.1717699554275,1551.1329380956408,2513.741731890238,479.9723572761438,417.24981995026644
1385368800000,1483.483075021372,1612.2914231470659,2547.30934044752,506.18922124719614,472.5922724081307
1385369400000,1397.8835300148914,1764.323639616314,2559.105287278445,477.09767140180963,514.2261228147522
1385370000000,1082.5478603172915,1780.8127172461284,2657.600595030414,491.22683199076613,550.6639667051957
1385370600000,1119.8131358617054,1934.4358614287162,2771.20711327103,508.87780184812135,452.92507950852195
1385371200000,2291.6893565352525,1979.668574011604,2790.6196992729856,576.7194332594917,515.7626790359341
1385371800000,1549.93275919864,2049.2007757505635,2841.072652275217,579.0918124783236,548.3329826224304
1385372400000,1911.617395031465,2002.2485904980852,2883.564457449008,526.2766965181096,583.9808466298023
1385373000000,1634.8961910815033,2016.5470767601057,3229.2353561361697,547.1828020314967,616.7881899842813
1385373600000,1798.287641204019,1998.9354630005193,2986.372731001852,649.6297044931782,400.4340118603363
1385374200000,1958.9723278837942,2297.9908325132474,2885.2037229354523,515.5752133391132,402.7598727359608
1385374800000,1980.4720761908434,2196.6171638056244,3287.4510615285176,615.8355071485123,498.74113600763894
1385375400000,1994.8220301519264,2285.854348491976,3249.9371736716434,603.6383241093645,579.3475507604667
1385376000000,1775.1673221157914,2854.2873858322446,2810.937775803907,573.3871678064207,425.89190198109696
1385376600000,1713.9542698550479,2803.713113732941,3089.7109074972695,602.9162937846103,606.5247313868367
1385377200000,1811.7261071650357,2625.7391159060344,3164.8474973563934,644.0005851274924,411.4676403908346
1385377800000,1880.2571239236424,2595.121639844703,3018.998600546953,597.6094884386536,440.04774410222376
1385378400000,2056.993488741666,3166.886142221178,3500.9257061993794,662.0451853846337,430.3595141892029
1385379000000,2127.3627748569115,2481.9153093329714,3250.938229316971,616.4570949743288,493.04048201205296
1385379600000,2257.472173676146,2468.78711815084,3451.4576674960754,577.7747619268612,474.5754606923021
1385380200000,2356.983235406727,2871.0793166482154,3599.4808215152325,568.634910435418,478.96769578741225
1385380800000,2324.632510641531,2771.102219942724,3302.0244304846683,587.0362686001441,500.4508553275959
1385381400000,2781.465871661999,2989.40136729785,3627.1488551931266,581.5086885649114,550.9834640981089
1385382000000,2946.89130140791,2767.819131531679,3825.062389253615,557.7513390233105,510.62299835876354
1385382600000,2962.6930797098735,2273.9164998569877,4132.487045174631,609.004884665674,520.6740283770774
1385383200000,3487.7842908353077,2532.049356241765,3618.3390570533566,614.1623621326058,486.9409162786488
1385383800000,2882.4883623743667,2708.6053511345845,3506.3648000060252,628.390978784163,516.2095809118448
1385384400000,3070.117726976895,2567.1762475783503,3725.97314031128,680.5926900586736,522.9998762722364
1385385000000,2866.554571621739,2499.9668265805744,3512.2237229799503,687.5480451076564,629.1939645750313
1385385600000,3242.165349988897,2957.8388746467413,3620.4999460629774,636.8906070263937,537.983292490699
1385386200000,3058.6467480291126,2958.5763262504183,3243.6390294958596,639.1338526772204,496.067639737895
1385386800000,3178.293032312863,2699.594583145889,3365.350253709508,647.9331213210087,503.662022923588
1385387400000,2951.4639867540604,2969.6134902569947,3142.3529559837393,588.0302422217925,613.5453360183567
1385388000000,2700.860772779782,2445.433174979328,3036.5047060995316,770.5567861905441,481.43640656505653
1385388600000,2626.924115799164,2552.0795695537313,3082.5341355908995,610.2087514254605,449.00214983136726
1385389200000,2970.206231891568,2849.526827254175,3328.573547374535,593.3349072958804,477.5077521639638
1385389800000,3543.097485470605,2270.819193757531,3087.014918626497,638.4224548063543,473.8320945289041
1385390400000,3371.465787438279,2778.238595835351,3064.452289937214,681.6331198663122,572.0130519970088
1385391000000,3098.8553351559235,2474.6899529038424,3141.415508124533,791.440160417339,640.4767044682213
1385391600000,2672.4822676301283,2428.8318343772994,3043.0917135922446,711.9293325078382,465.505353515251
1385392200000,2949.85891705364,2557.0999486868664,3146.8029351270748,730.3307394956302,444.0685638428658
1385392800000,2704.4503557852613,2369.257364087866,3593.904964174764,602.5819040136232,581.6489066105595
1385393400000,2583.3407549500143,2526.0394557896007,3282.566624447108,601.1225632993213,541.2725900364843
1385394000000,2495.942148362409,2609.842916392653,3032.326815034227,685.4240723140097,544.0275154422077
1385394600000,2962.2214786034992,2400.3536566621046,3176.6551294869146,609.2180222718955,489.63889161287824
1385395200000,2464.0635284311493,2300.3165459300194,3015.994331052109,563.0148056268948,519.1942748034958
1385395800000,3460.241098466942,2779.1743078245845,2776.1419900318356,611.4423276019071,483.13368480439016
1385396400000,2506.4103017281236,2394.035806712614,3008.9542037215188,587.4279882597166,478.35397003392706
1385397000000,2430.996442514855,3028.4124052277593,3020.1944340474042,537.6380439287719,465.53951641884737
1385397600000,2314.981657623067,2514.254721686604,2680.356545445675,634.362543291767,462.12607231567756
1385398200000,2608.141115132184,2295.7139699459644,2743.8121771953265,689.3243944880555,510.99253869624994
1385398800000,2671.5720099818577,2175.3067311874875,2765.7683712849894,581.2890890931669,592.190492391874
1385399400000,2326.1654829520126,2250.3337189517115,2313.9924768215483,560.2172605076707,488.6492494448477
1385400000000,2390.131157317114,2715.8231045667603,2477.695954653449,556.4949201943512,483.60500176817845
1385400600000,3722.749056867394,2550.228957701798,2694.005961285671,476.16340645016896,607.1582193395543
1385401200000,3014.798464329638,1890.1777802791325,2135.56130094006,436.46735936477995,584.7681559640041
1385401800000,2613.253919565873,2515.02932917221,1903.5288186585008,446.6011080068348,604.0547232335
1385402400000,2204.2136386290254,2344.6264383466496,1782.8380540685187,493.9774990669613,637.1843548331364
1385403000000,2877.204943906287,2001.7598979099848,1702.8259448980052,403.73084435814866,625.5283820548515
1385403600000,2659.678479643792,1974.485780363537,1723.7325915087026,403.1281816686666,577.9292450734448
1385404200000,1682.5971233493274,1783.783263191664,1616.7453896113802,394.15349361055195,724.4670206244855
1385404800000,1630.6078359946137,1986.3923980999616,1481.2272077315151,421.4427021040929,705.6527663563555
1385405400000,1527.4918666081924,2086.2003331288433,1420.294643752639,320.5720986215653,746.5330280606904
1385406000000,1569.8060066449402,1591.5958553277053,1569.7734592438587,339.88693616811514,775.1494536456327
1385406600000,1341.9688140389685,1329.001282607827,1216.0167295277574,357.4675937760163,808.1178625430166
1385407200000,1309.440623103686,1301.0983706603304,1237.619819926137,324.8044034371994,703.1723221780902
1385407800000,1016.2308517603866,1182.2074585050802,973.9622205455393,297.9969426180715,726.9094890481715
1385408400000,1011.5958281476129,1339.442404553659,982.1504364095828,321.79547654203856,695.0087818017909
1385409000000,1056.6338790885247,1215.332111136842,976.521176134526,334.4505968106959,696.3629831934371
1385409600000,1053.8778128906597,1069.9136516421845,983.6503827916878,318.7031080780006,728.4156822361591
1385410200000,946.9048024408996,886.3480481493375,885.5409068628167,289.5282109924419,697.3648323256698
1385410800000,810.902256504627,905.267197056705,806.6764596788623,301.60665241205203,786.4064279935723
1385411400000,757.3994822517627,753.7361653668758,717.9896912085717,304.88776383762615,797.9298872217729
1385412000000,792.7004323767235,762.6905604060753,718.6275541874279,299.6807643457562,747.0408544230256
1385412600000,749.1473420723231,830.1607477153461,779.4567779384997,300.93589160248075,731.1061683975042
1385413200000,736.2186098212356,791.5767831243518,732.1750561097858,277.8316260644084,840.1574756421325
1385413800000,616.1184285505333,887.3692117124765,650.5037322050758,304.67262909122815,645.234690925384
1385414400000,667.9538655517232,814.6753432982212,671.4931720604666,307.9317859699593,625.2002596774244
1385415000000,792.6890134198995,597.3253825979963,624.3160445025192,311.56460866003306,608.7468377010991
1385415600000,465.3054928323336,727.193377771772,588.2958550358055,284.8778712377423,675.1942043292382
1385416200000,486.4056007718735,605.2507375749288,744.3594984175562,262.5317797239616,668.5663455995058
1385416800000,472.1915184422815,597.7498123310289,633.7428338897603,231.21158267531723,633.7516698452573
1385417400000,656.1679851426886,647.6413125208362,588.7149106149952,227.5115593360657,659.4162475957338
1385418000000,388.5992539886811,650.0823406506094,575.0445681313445,213.42568612653892,570.1724458874739
1385418600000,418.3929407904553,582.2581051290424,541.2187578253386,248.26168819345182,563.9087507008732
1385419200000,433.74840476779184,594.4685670588916,470.738049885575,216.48703204839364,631.0561548192145
1385419800000,430.40114745265225,573.8472676254405,555.9468239478584,210.79319028737063,530.8571255026442
1385420400000,568.9433504318602,449.88114829671053,501.8566065842637,217.03807336830545,491.43847103812243
1385421000000,501.7437099168027,431.897329538937,452.2145910274746,209.72874929074902,504.28913271359346
1385421600000,431.30143218987797,370.84179121204255,521.26343076365,220.88909324518417,629.4747222065556
1385422200000,498.3825220647063,398.900267557432,450.7247728377325,214.3794999597798,536.9726612145639
1385422800000,413.53639242595204,420.1292823124591,437.44490152845793,204.40563153477663,455.580056713613
1385423400000,309.0060252238471,426.64132872030126,461.7677092444879,209.6224101896034,426.7030216412524
1385424000000,268.61262228940075,423.447990738255,448.4040787814006,168.45584849527873,436.7973381463953
1385424600000,232.93173999425008,402.8571725837882,433.686065584342,185.11539540889976,404.99835768976254
1385425200000,267.3717332453489,367.90850773370875,534.2252909767479,171.79627456467114,396.6851469770499
1385425800000,236.58986953955042,425.3893348805414,479.1006154078899,155.80857175044932,452.69413186473815
1385426400000,213.83572481464358,586.7675934825324,414.3436324945813,173.7322078045067,321.20290142026533
1385427000000,223.0095233262806,460.9975019800592,412.2930466122945,162.23322460440724,336.36862379129803
1385427600000,201.65257551609145,313.7525822840011,395.3418261518872,155.24683462651325,328.69508100750267
1385428200000,183.79666023801303,331.96286027927994,355.71031637850024,151.88639168444618,282.84502200914847
1385428800000,224.86171760543945,302.47890212391707,409.667566000168,161.02485402806124,300.4819078159813
1385429400000,183.87058292374928,340.54083502742793,364.2588214200103,145.95612348156672,287.7433287529865
1385430000000,192.6639467846922,336.6076402634743,374.0999680230952,143.90930016908843,317.5611595919154
1385430600000,215.26104216829637,296.8065955381013,423.21430728619544,148.69341750940066,290.6322178391603
1385431200000,182.50530901548117,321.40178465617686,401.86435253298384,140.40134099155588,309.7857534892907
1385431800000,177.3518223517135,328.8208115520514,378.45211327260745,132.55163670465976,272.2242896101973
1385432400000,212.4788109964205,284.30742483442606,416.3854892897579,145.55968290141385,247.43041852962332
1385433000000,179.30031057488983,330.5975470239563,384.2204163832864,141.4512232320676,254.89589077518653
1385433600000,185.0337452432416,331.0070754185504,346.36343181872826,142.46938417930718,374.7347271758209
1385434200000,213.97277067012,291.86947552514056,411.5182547788503,154.8738887617384,224.34903699098416
1385434800000,191.87181216310245,301.8191908999503,370.3797708557451,137.54962145582553,236.00356612915635
1385435400000,179.45803445501667,306.3858721381713,374.28003790268434,132.67700382819282,232.88078787781933
1385436000000,207.9439237070835,336.28757605881196,405.76124311523387,140.60503820566788,222.4040217217246
1385436600000,197.50084673392269,304.62166278101654,390.4822111236967,131.51812272405974,229.77593157905312
1385437200000,179.95981609085757,302.55699286529955,342.35638057525074,133.22608947946415,230.9245442967547
1385437800000,234.04098982584534,263.07794179498177,388.148916416525,142.0921512118282,216.2880416523552
1385438400000,174.91778494113208,312.54655531281685,375.0546792980857,133.5615460810943,220.4334988991436
1385439000000,184.86408413156664,292.23516890341136,330.53000489823427,127.42502373525944,225.39930879765177
1385439600000,194.39682900628716,273.0185777294261,415.50077735827426,137.17789932640312,213.767640539324
1385440200000,187.94434101125643,314.60011548092376,440.765013370009,144.15575513317282,210.46185819075325
1385440800000,191.61659485913734,318.1609275765345,383.9285290583703,126.2598935856224,233.52030513760113
1385441400000,214.48306245738507,277.4032711340693,448.02596354482097,139.03875967855885,202.06266095510247
1385442000000,198.68737416301724,341.8334275490455,399.6551609417476,127.6141176272069,228.31088862385684
1385442600000,174.74226005147432,331.9167919136865,346.6578884201013,137.98119438508803,255.92735840475257
1385443200000,190.07199793594933,300.99638247912173,413.19504446082766,142.57237835350057,265.7919161593066
1385443800000,184.95296244905325,395.42733631237354,399.25993357419486,154.51521101877563,279.94892445793914
1385444400000,182.1490932507394,384.3350785916018,345.5230309223942,146.85523260670251,300.54206922177605
1385445000000,223.95597540004198,323.0223811026141,431.72629671735325,144.29656251826003,259.23337486974447
1385445600000,229.62064636542482,444.7340866165885,431.84071072275094,178.36576593980394,278.09297376196366
1385446200000,264.15090786829705,377.8256257714655,471.8578729537773,164.18342008439245,312.82428579124297
1385446800000,262.7449182884941,429.0055502375631,486.8338825313803,195.53825146494148,389.2754618707165
1385447400000,306.5160906434688,521.3303920928416,516.7648921668602,205.1707067844754,377.44495282047905
1385448000000,351.5776885074746,769.4840909046867,666.7958661001111,204.5585525943662,392.1226024525433
1385448600000,408.2509445155861,727.8296285749994,634.9878051989102,227.70293920744626,469.11788226209035
1385449200000,456.5492829166569,808.036467336436,827.3315930121291,279.7741761869821,444.37672027040037
1385449800000,485.4186108115796,933.7286651447362,856.9616409068215,317.5995757138886,453.9349966144014
1385450400000,550.2652621799195,1112.6454447675173,1021.5061088195079,298.101667794786,498.67242008415076
1385451000000,829.9200221875014,1158.1899529223208,1249.1728605281571,337.9779314409301,513.9210910288758
1385451600000,722.083814357834,1226.699270813249,1497.0039379221143,433.7403440036907,496.05224091030016
1385452200000,721.0469544472685,1395.5462869195233,1649.6475259392903,423.8857807919072,468.91330376577724
1385452800000,1057.9817377924771,1424.7292406843721,1823.997419033789,450.3953891324137,542.4214607459999
1385453400000,1239.0362268309339,1543.0271443088022,2186.4879262546056,490.47177095914844,767.1049799657627
1385454000000,1171.655359484418,1607.7570203500327,2533.9702996728547,477.7237587151988,536.0542613401244
1385454600000,1109.710093943956,1737.1646730063294,2476.142971479385,505.93367254076105,508.667366029835
1385455200000,1256.807959814233,1721.155445237089,2692.2885482775955,497.0206434224308,486.56987921948416
1385455800000,1238.9770477291308,1808.680656342744,3303.487293395124,458.6094391044872,444.273440432208
1385456400000,1032.375711461577,1941.0507117512832,2837.648721693294,481.5620711463288,521.0370994547652
1385457000000,1288.6602614440735,1972.796002727407,2766.009650037597,533.4377234913761,499.7238082317702
1385457600000,1370.1328438358796,1802.3229468454238,2746.0866447746325,513.43652443472,505.4646532785435
1385458200000,1525.517916211089,1955.96601232309,2976.5288177707475,477.5139073125172,606.6613320053099
1385458800000,1407.5284325241619,1853.6073406367855,3206.339932909119,496.5043684711028,498.2414209651771
1385459400000,1670.103659471699,2151.4895564244603,2980.9799777204466,486.2004809836093,526.1286360797369
1385460000000,1608.5674895634725,2107.4553057661387,2892.652781392524,515.5642836363427,551.843998065677
1385460600000,1654.6438192550654,1911.2512062495264,3106.822488657012,528.749544568403,675.8785221827818
1385461200000,1824.3352976102321,2125.5289886188893,2890.9326755428933,471.79020321000485,514.2636574571236
1385461800000,1879.2398475262746,2279.241180640876,3280.322343429323,463.5613184093001,489.00485522515925
1385462400000,2558.053949536492,2037.9215157812093,3184.6530564264062,498.262289370995,484.1951079657895
1385463000000,2933.863451278144,2128.651740864398,3043.185517571438,494.47414159048924,487.41939187103384
1385463600000,2528.1688920994166,2121.303653844495,3282.7116397627633,646.4911856266276,497.3686030764486
1385464200000,2488.1131550487535,2230.610647539933,3160.574335697951,591.7919988251184,592.9488964729333
1385464800000,2079.546549337352,3082.0715649682706,3313.7772977076447,557.2798591307933,506.3053436851316
1385465400000,2599.460080289118,2354.117477813887,3199.2954782646098,625.2868729328633,459.68240526334256
1385466000000,2261.564113766469,2440.7085593760394,3534.4841208910975,491.55731648851923,527.3208354629089
1385466600000,2380.3301010900177,2736.6168053785173,3344.009768099497,529.604743906748,572.3253149638404
1385467200000,2733.026594290882,2482.4049325145056,3473.1357914542455,605.7774346665275,497.6425727248789
1385467800000,3153.527423116504,2817.19386527547,3516.4323364683046,526.6970224245385,483.10742831037777
1385468400000,3351.1411568032327,2704.9171308370333,3522.181704650057,564.549941120882,465.19344496821486
1385469000000,3092.1377636135603,2914.774045887951,3589.6724498120498,509.397295144172,505.10684193707795
1385469600000,3058.558444328629,3078.605034864654,3665.1782874824803,520.8577474329074,606.8224105287953
1385470200000,3390.9433906205063,3001.8183722006174,3332.820188927179,509.2483007591359,543.1997570650046
1385470800000,3309.3049126448545,2786.4509119223794,3240.999229447155,585.3484802358435,581.0410789659522
1385471400000,3146.1690800834162,2815.696784798407,3415.4446383765353,540.2982075127453,637.3334463687868
1385472000000,3173.781004061928,2971.8285383828093,3633.6034623164287,584.9850327590783,612.8186324473991
1385472600000,3205.6050629401516,2923.867174903167,3527.4569155237964,654.5678416966946,627.5729922646516
1385473200000,2758.6391269445803,2843.7972832886308,3346.2118099743334,558.383960299855,551.0740861245525
1385473800000,2663.6350641803133,2867.3689984516645,2616.3389866163366,498.2596614926814,598.0879821236748
1385474400000,2728.6280605109946,2729.629814696621,3468.4196675550156,513.2847861266572,570.6047878140198
1385475000000,2664.613204983867,2556.6261042940564,3083.040523195931,554.1597661677849,545.0526102398414
1385475600000,2721.8942739454146,2709.6432872922705,2869.559338897949,629.590520141154,524.8212500729272
1385476200000,3036.037356372379,2331.5025150739684,2963.955940263489,499.63814028943096,554.0186983734633
1385476800000,2948.4568692935427,2444.1387084569938,3015.549415397643,534.7453801956931,525.2123919301275
1385477400000,2645.7143361610315,2883.820090547802,2762.5111055610114,572.4341841713087,567.1634344954002
1385478000000,2929.599324155185,3277.5135413521125,3287.9597196980762,594.4095915991754,600.2114441032094
1385478600000,2448.323207196834,2685.0231987667235,3066.8162711068335,662.8943681684814,545.6608226700055
1385479200000,2462.9727712713434,2674.49440584729,3117.1746264884396,628.1081227311637,521.0918678406132
1385479800000,2493.0821324769327,2590.929775051506,2727.6919444632913,688.122665395289,721.9694078389404
1385480400000,2683.9379344990643,2712.201603650533,2827.0902137882094,515.0287961778502,653.4640036182542
1385481000000,3000.0797972765336,2558.0311697513594,2799.2815954338535,553.1315531530539,624.1615706024725
1385481600000,2462.677134924132,2408.017031899076,2839.224167649187,576.1937452403845,607.6725149616883
1385482200000,2840.4633618513717,2748.8446542829884,2575.6498513207807,516.0330054850923,636.0600878960806
1385482800000,2376.6244867176597,2883.1162433701634,2809.4687126976514,502.8328990807174,612.005488260715
1385483400000,2499.3472695533133,2444.019039453466,2659.0645049177238,496.271636610567,570.2721643765155
1385484000000,2775.5917875672108,2419.0676996583497,2658.2714161864797,507.0539228786018,571.8033373130895
1385484600000,2199.8347659850447,2742.674034004994,2421.4684243877755,614.9983807642777,636.0722948602827
1385485200000,2302.9299827794575,3633.417992255574,2616.685211755567,577.9554856055761,572.0540819265409
1385485800000,2206.228742029786,2098.659111455875,2433.686847617156,514.475593583571,617.5639805634906
1385486400000,2171.769458983588,2101.816756737164,2427.0860249304637,585.7794982716023,586.5281317146892
1385487000000,2200.9169682966954,2026.768085743857,2069.0981819657854,420.16325776734385,602.160750191633
1385487600000,2178.674700499914,2251.353153674798,2279.88276109451,466.0214452142538,646.4944801556384
1385488200000,2148.5258614930362,1841.5207792792946,1957.9121834064797,457.74462790891437,690.8266624018228
1385488800000,2062.5643464652167,1755.837761707095,2012.2476365277864,510.98233532572146,709.5457643773002
1385489400000,2113.723795320838,1672.914569490189,1828.232275989397,452.2899839437313,687.4660986869386
1385490000000,2037.9438016359481,1584.9742064267793,1712.173618366275,402.665842379018,722.0019254373761
1385490600000,2158.485784920038,1824.6718473492301,1601.909279164707,381.4064381284743,724.7554744248366
1385491200000,1804.7950421112673,1412.065098170206,1446.1678962586618,402.5844498393688,704.6327838709351
1385491800000,1659.5188490664068,1297.9708532244579,1400.88119459197,377.65308337303617,684.8029116486108
1385492400000,1645.9494760958569,1358.129558369611,1443.2585289898739,359.08507055885514,695.1058633526944
1385493000000,1345.331865483509,1208.957919708896,1377.4025681924675,358.714748173304,946.1781168934075
1385493600000,1315.437951487308,1077.788110687173,1426.9305645755328,375.6092423841186,701.9440253025626
1385494200000,1566.8600537792265,1092.2823366297566,1318.635024714986,300.9920458191943,752.9759849604031
1385494800000,2038.0313741876976,1257.3265937798526,1297.8458940533735,276.3257976692918,848.4540249221083
1385495400000,1066.4513426374801,1349.5928574411457,1342.3063785610943,305.6453390177063,751.0446984121204
1385496000000,1026.5612254708897,1022.2771641902712,1394.8472489380738,295.0778103243505,898.6013899441836
1385496600000,900.9711375043246,998.4168176257904,1097.234113826525,267.83297982290276,876.0250698765255
1385497200000,1012.8914513601801,974.9563278636216,1245.9103775728624,330.2197120900516,896.1043276792932
1385497800000,1194.4338897401205,1019.4636604194841,1075.8101073258267,290.45895863982776,888.8416228896692
1385498400000,983.624904965809,1196.9026048578003,1066.1711930856288,257.5889960177855,966.9186863312883
1385499000000,848.3194578220555,672.4605488076494,1018.0091741476487,344.2821956233236,1018.771073512384
1385499600000,1091.022816769752,657.1689915658884,846.5474211455376,299.8206166071585,1005.7871558364649
1385500200000,969.4982924900331,786.4520979073427,931.9606810865273,294.9453926498276,921.3923267669459
1385500800000,694.2185293648351,945.6006240803478,948.4320015741337,397.34220782521965,956.8027098941274
1385501400000,668.2952523863427,717.2395512429977,940.3893880176147,468.17338668996126,845.3441321086136
1385502000000,581.7427926111571,601.699587963922,839.6174454177416,387.00702130923673,861.3790057819276
1385502600000,502.93348658109045,572.3679919941446,739.2669241964446,278.8555970282966,742.8013665551601
1385503200000,478.99295016602946,556.2744355527618,787.3236001061341,302.84820576066863,1126.8647826237948
1385503800000,425.2024026810772,555.4327448134053,734.6303175179183,251.43630995216478,1060.4246427718958
1385504400000,474.00507900727376,583.6330498002944,690.0540808584632,316.37354869611397,852.7416297214227
1385505000000,402.12005779328354,481.91153838212364,753.4660566194063,299.05148310445713,845.8301564456606
1385505600000,462.28637613199817,490.1321165279865,667.6646983806086,223.28065028821138,719.3021868136739
1385506200000,453.4764371402552,525.974548091825,659.0027274229849,296.6223631238288,665.9839319392061
1385506800000,455.292151018027,449.7189273779856,646.4466379156769,216.1701633488687,631.1025615428713
1385507400000,382.28911177399345,460.2337572571439,650.0895307293181,237.11347357868465,581.2914496887743
1385508000000,423.6973587270847,630.5929745072146,592.7295638710359,245.58199789303472,516.6016993357889
1385508600000,275.6280814922354,418.68094486790255,615.1470462181138,206.51206183010495,527.7504180622891
1385509200000,278.7113092050437,442.6747498625704,547.6835922037998,213.557256732626,494.1435941059061
1385509800000,242.46797321202828,369.6145393678486,486.1172728620545,168.11327322455887,484.73510515656596
1385510400000,284.78525865398353,371.1901769813457,508.66274931337006,362.1734899795397,535.2198137267554
1385511000000,251.53819388259794,393.14881594358,505.17516947449195,142.50772293245865,430.0179275729405
1385511600000,255.08386793402988,479.50217946339023,446.048641637201,177.63562769603482,401.4586363394744
1385512200000,234.8787177727988,329.2201936292213,442.70576966319067,154.41494702481128,396.0363902354916
1385512800000,236.30910454048384,405.89269553316757,461.4271666125497,143.54963024273044,368.6906885041793
1385513400000,242.08844519540133,300.969923935277,442.3107766379398,162.64968764089087,349.07974773163136
1385514000000,242.21498962948937,320.7560781268902,444.2886104889193,152.8594438952255,352.91094344622076
1385514600000,234.5300347739395,364.290628774436,435.1078963678987,147.1521128795239,321.8950649519116
1385515200000,252.96257641743424,275.46876895826716,413.90137169804115,135.61900656155404,318.6549313714106
1385515800000,271.2222029668332,312.3877506304542,414.04284075081966,143.5490944905038,303.1025649581282
1385516400000,241.85864204705018,345.3342186893763,408.61239021348194,153.78837404800225,276.9962215194621
1385517000000,220.80926901502372,303.6304762790715,387.6905245727788,136.23966965258091,265.41728622552625
1385517600000,214.12039585690547,289.83895899596615,426.07338582626795,143.5843234646699,262.39765777366847
1385518200000,212.98838417831612,339.6643031178054,408.58201982812983,137.83565731009458,247.37246593022434
1385518800000,207.5186452499681,295.5994224872778,402.87218390891377,133.22486789562657,249.7052881739978
1385519400000,212.41043174265806,285.9024325744892,403.9073569557917,138.16777803858216,266.01468758070024
1385520000000,213.1025283393207,325.1620969837757,408.69927296266496,133.68518466249728,235.68653437497957
1385520600000,210.85834813322876,295.58631614146356,397.6661004524477,130.48151568339878,237.9774477099318
1385521200000,219.7775308319843,304.77615454438063,385.7000786937206,140.09934833319872,246.4398204251152
1385521800000,200.92375898632406,442.14835581624664,415.06306483193083,128.73485433932677,228.95666814765067
1385522400000,233.99845412978877,279.23916326390406,389.0660856410546,140.03461028943067,240.33061744391256
1385523000000,191.17076410282854,307.49584906011273,385.2444332216847,148.30148774052304,244.48449592455472
1385523600000,206.41516502982444,321.3709977926399,398.62562379640815,131.3020013854593,237.04148030260166
1385524200000,232.88704905545228,275.8068931968693,375.54873424128965,138.73702400650927,231.76986696172173
1385524800000,200.80939505839345,278.1949098607035,392.3145176265671,140.81459259947226,222.5061657482874
1385525400000,230.67992434499,309.797317113989,393.3550319493885,122.86249143248543,241.3249818079761
1385526000000,236.65616017117418,274.60154800536714,386.16753397096994,125.6081012026763,228.7159889137401
1385526600000,204.26063843227243,268.3128653550977,395.8329077813571,137.16646011155484,224.66501638081704
1385527200000,251.58456939470392,320.57044938709987,407.2657701920801,135.49981688700566,243.39199764524383
1385527800000,261.3581025495544,283.5433191221249,383.9753516019322,134.17876124816456,245.0912473294255
1385528400000,246.62824691294372,311.52097820371966,430.3579576116992,147.13114149638108,249.1961190041312
1385529000000,253.65254916930547,319.64916323360694,411.33236039866165,136.07704808615415,245.44646183396816
1385529600000,280.11798376360775,306.11045278838554,400.0178485629179,125.47717427698038,272.99008527668593
1385530200000,228.73214272975133,314.99949324090875,422.567471218281,153.72665326609768,280.0732042991634
1385530800000,262.50709692930894,381.7517676661072,424.06551480190683,142.9069216326884,275.0589891114008
1385531400000,265.93621386944307,366.2829378160807,515.943667587924,159.04801235763017,283.64740611686994
1385532000000,443.9267999770659,376.20643996062046,498.124864127237,173.83078042209647,300.5264168069672
1385532600000,305.5478635859879,370.5688842154498,501.7942848758649,173.47337086832516,319.9903642823402
1385533200000,272.74419321287917,371.837498078221,551.5239051187632,162.40766734229186,364.4633512737498
1385533800000,372.16655249733606,482.5493522857859,577.1008893062104,223.62654667283255,428.6813674261318
1385534400000,366.92099418833726,604.0597766972322,629.3431752175499,208.37597520660142,395.11119588758953
1385535000000,355.9935330318395,613.2147972605699,684.7879094302616,230.5961234899639,397.8123359646923
1385535600000,360.5848985343606,782.664795243337,825.3999988646013,279.6684464000449,515.4105154611027
1385536200000,449.3696062611486,1142.556452907085,1053.334989541411,289.8888026319141,537.9886964055734
1385536800000,653.5923198878298,777.8337135589505,1308.8037647814624,300.1576966665079,489.84297916042954
1385537400000,845.3091787149625,1038.1514933428398,1215.717293651214,384.2970461589464,692.4401065978069
1385538000000,861.608015752612,1318.4774656184911,1589.9090461940075,475.84906638377294,552.3294609871419
1385538600000,720.0956892464775,1262.7727216292121,1764.5915049077855,418.9214529704797,654.1102145188019
1385539200000,1102.6837332995312,1610.5909320329063,2018.0460768302846,433.2330089006842,666.8716913177298
1385539800000,940.6306299165726,1560.1922945435244,2183.1951500188356,445.3189462337663,527.7084484219864
1385540400000,1016.4836211673916,1397.1230283414818,2134.239571863205,439.9553877500215,464.56062134919887
1385541000000,1039.9419711948767,1536.362559849509,2336.420104433336,540.1655415409294,526.7811233844659
1385541600000,1107.9241077987383,1911.4526392246596,2760.8063781044184,644.894756546793,437.82053521112783
1385542200000,1179.2334583722659,1980.3313549748025,2643.4733776890203,531.8875680161809,533.9847191326388
1385542800000,1288.8202365365519,1762.0565556927083,2500.323674836834,550.4036697961169,510.96501959698054
1385543400000,1197.7249447713916,1757.319933171563,2784.1007537358964,574.1993458712612,467.22790519148487
1385544000000,1638.1671547070916,1973.719633454012,2868.433978493277,672.0297689202398,528.7678134461254
1385544600000,1479.305336334021,2059.9896157582443,2673.430681388818,632.9836084593786,509.9302203298545
1385545200000,1383.3819613917162,1849.5855335017557,2919.436032664993,660.04108116882,550.5147938077976
1385545800000,1560.0784314682007,2567.96450672434,2753.250044101782,536.5010147867891,535.0682347625137
1385546400000,1552.888863982855,2132.7221755088076,2823.670059095447,571.1681904326107,444.5109820438799
1385547000000,1684.084229193039,2226.8682347526656,3438.0799322702487,506.53162603065863,525.7104737218708
1385547600000,1741.3566999800946,2102.104494953828,2750.0553528928285,460.2716588454896,568.8640942087327
1385548200000,1985.261721701093,2216.4944007790496,3070.052285604917,473.07371051472614,518.2148551742388
1385548800000,1880.32518383508,2202.9075114997613,3272.959470095753,492.82451684871836,509.329633601541
1385549400000,2212.2988492114373,2663.019669048151,3560.740165930746,507.12264104504317,514.7460455733693
1385550000000,2279.2592146331863,2424.204326876789,3233.301970214441,636.6504789915972,550.3664034619371
1385550600000,2057.184372653364,2730.3049528355164,3276.2983478020574,741.1826454630508,515.496542085141
1385551200000,2163.9535135339142,2462.9378038637938,3329.0754187248835,681.8939295387792,466.6954838660048
1385551800000,2640.018577658135,2342.174886561874,3714.409741244687,679.7954175928651,556.5208838454944
1385552400000,2663.203128448088,2378.730069678474,4079.188212487538,689.2816948610564,519.1288569067207
1385553000000,2816.3621621627717,2401.269888940513,3733.4979295143517,672.7881933041585,558.3177894766271
1385553600000,2585.853748352628,2765.007728493077,3891.1859393604595,704.0583866451205,574.4471490233949
1385554200000,2481.667263106251,2745.1993281664677,4442.095768047928,649.9384279492801,487.2073480773445
1385554800000,3088.1124199905253,3084.7774327918846,3641.1375169685098,686.9991745218177,551.1966112522846
1385555400000,3071.6238156069226,2999.292792956319,3636.4694811244317,647.521852722148,692.8170320305105
1385556000000,3131.2318325532415,3153.3949914215877,3759.9504369742326,701.2042789275804,774.9146453999654
1385556600000,3379.325671837129,3147.3598444445074,3981.4010595008735,643.5975020968268,639.5880888263284
1385557200000,3974.6817602371,2941.4029361153903,3629.705444187459,694.2669861717974,557.5117659029777
1385557800000,3499.7415460473726,3000.4746066353623,3924.9538273719663,690.6175710866758,680.4649831967185
1385558400000,3387.8438928864025,2999.5417764689164,3675.9116008723404,663.5476572947133,715.9577263612604
1385559000000,3140.2937985954445,3272.541886434772,3554.4905069931997,640.8950617998541,585.8005426740743
1385559600000,3252.8741002894617,2737.2342404681253,3405.187799133614,613.252455838937,551.186021313135
1385560200000,2865.8135926260343,2787.8621124921956,3418.1651115490677,564.4598217626939,561.7297996751381
1385560800000,2763.1308967448504,2732.6654197030657,3151.16697818599,712.1702669201051,565.4119666710965
1385561400000,2685.4312060053976,2418.3593273136175,3552.2076152952104,672.3389453504574,705.6871828471659
1385562000000,3802.4267249522272,2659.7983972707943,3464.2021264849327,585.8806038727613,682.0008013721367
1385562600000,3292.86056309368,2833.645654375413,3604.552497266133,702.5807153795282,618.6857960019793
1385563200000,2798.6180159322025,2701.3442586819037,3550.017785521553,699.1122233213479,590.4550953787825
1385563800000,2514.1254932961283,2857.129514787154,3124.131343008361,642.2117497761727,530.0178949617609
1385564400000,2571.7994133495436,2576.3015286086,3192.4292620593715,714.7097807425532,568.2404873556889
1385565000000,2658.5466315934245,2768.3131396628555,3248.295058894428,753.8647776169311,617.9656722587406
1385565600000,2905.4673832802196,2781.9959110307186,3218.980956453802,703.8547897985009,657.2909680855724
1385566200000,2596.6919379585397,2853.127673661599,3003.56333642162,641.0377227065625,667.1895218491513
1385566800000,2753.573759338774,2980.919930755164,3307.1153294014443,572.5908215946857,582.4252824808589
1385567400000,2857.79549987549,2505.4614700954535,3213.4940273716734,537.4759081928946,588.967545963422
1385568000000,2874.3481937710985,2489.7665068583738,3127.12271318446,547.2996009079703,518.2527474815323
1385568600000,2955.6961844473212,2417.9300336261304,3291.650560808708,553.5017276159982,587.9337622046664
1385569200000,3323.9929621717606,2481.5950034568073,3022.0982955373197,553.5230741001441,559.8662459932315
1385569800000,2723.5691431040655,2492.34525458869,2837.983349678181,615.3309388005383,552.0728247551809
1385570400000,2706.9468636336787,2560.5660398894756,2925.7360663069826,625.3263147498471,591.2008870798168
1385571000000,2491.6642436484835,2385.2698611772685,2788.7594155893385,610.6031118553176,610.9845996753711
1385571600000,2509.163482053864,2919.7510939680114,2660.010475841538,555.131783741402,643.4970839463083
1385572200000,2171.3075475646965,2798.318963801575,2488.9273215981343,524.1131230175599,629.7244501521634
1385572800000,2640.0922564020902,2604.296307666858,2430.7592716001836,518.624021383147,546.2087890875007
1385573400000,2315.0878367927126,2574.506092666711,2362.4716729409565,462.3796228151949,668.6176944956778
1385574000000,2187.96547375005,2383.055363523516,2359.2903672198086,497.7014534386253,687.8494305624214
1385574600000,2213.2816990806964,2381.9893249665047,2112.155211008251,512.8637395649422,714.1982318239983
1385575200000,2192.420577360746,2347.5816144304895,1924.0964115793179,437.8162029435125,626.8134718426404
1385575800000,2521.269545981739,2639.2220919192896,2148.920758591753,499.88717873214694,746.1589161961914
1385576400000,2045.3476624468758,2028.9760486295893,1844.3217068936851,451.2426675126858,1047.965474128294
1385577000000,1714.6037928421458,1715.4603789410276,1861.2492584618815,455.70429635807346,864.7846042068795
1385577600000,1832.5660692090578,1712.6322427260152,1769.656231518119,488.5833984107648,846.5091060807152
1385578200000,1759.7896557449449,1711.6939199486274,1663.0005468383058,398.21200632265897,797.0242200307323
1385578800000,1656.7884493735285,1812.4730011250604,1674.6541761151007,377.93283458874083,783.831202168042
1385579400000,1264.1760165241683,1777.0712884509376,1528.209202844138,398.54951957916194,914.6319002459751
1385580000000,1658.423608506607,2513.1828771207865,1223.2988563154627,355.6838443702713,843.975054363369
1385580600000,1659.918700277187,1490.1799323657028,1199.5759284133412,368.33899327658065,1085.9096618757455
1385581200000,1098.42435977513,1356.3317219023243,1282.3484334021564,418.50330380689434,876.0214510409791
1385581800000,1263.5522935498461,1130.379299294899,1504.5444228457136,421.8207868473368,803.9150412330458
1385582400000,950.203940928143,1071.6166869304045,1201.845645216334,338.72545066507575,807.1304996482021
1385583000000,1041.8152359933997,1288.8738083445262,1034.0063341036018,443.9402977347237,960.9227321399526
1385583600000,993.2498559141073,1152.4057044652138,922.6138243663974,366.97595729761906,940.950117338402
1385584200000,793.8704067083592,1117.3761711705918,905.8084964582043,384.11916692040245,980.5398148731384
1385584800000,1004.845687617834,1148.7687873760897,998.7001419150625,295.7517308226141,945.391569480362
1385585400000,714.6773874715739,1380.8904650696752,814.5322422013543,362.4880901859792,911.8281652946476
1385586000000,859.6717900826939,1167.0347835508667,803.0507326138132,350.25982173805176,890.3529251446286
1385586600000,517.4574779792247,1057.137981179136,863.9894182967392,371.661268680449,867.5137944331136
1385587200000,498.40352302254524,871.9942255262667,794.8609488206968,349.95589436549665,937.2594456611891
1385587800000,515.36608351334,932.9797123240741,735.9231427859208,361.58472902958067,929.9369229906385
1385588400000,401.1011241005773,816.1267777118985,800.4919297075746,284.1388512316628,912.6544030746643
1385589000000,466.3739574418705,859.5246228980833,630.5190258412879,274.6974130474143,815.4975054249894
1385589600000,377.0375126237743,909.8688344154081,676.9075667475971,272.94812973982783,927.7819459404578
1385590200000,558.0228531974207,1812.375483111768,672.8194965240366,241.1265644941222,911.3749545635277
1385590800000,482.5078175959168,763.8017949962733,599.3463794969371,251.6398979110585,1022.962589553476
1385591400000,440.39276122822287,699.0156021407074,505.87906355449985,235.88091217714089,781.4191575090316
1385592000000,321.6859891698117,639.4624967608961,596.8234578946889,236.4890127753303,682.5450893821182
1385592600000,347.4176837637873,571.8876955177159,572.231615031817,238.09053162722745,677.0322982087242
1385593200000,307.4655372654179,784.4592633189051,518.5157953516971,236.53101885538334,771.4141624095134
1385593800000,266.78428319916014,812.274683051182,626.4806914246602,209.59010561334185,1053.0921664493133
1385594400000,380.05018676836374,1316.1015767743313,661.5780718142712,220.02148256767455,563.386612645648
1385595000000,290.9718751714677,756.8237408910431,479.98282556258073,195.7164080537872,557.4214982962143
1385595600000,280.8151762932155,535.205811862084,535.6300158918929,172.72230387499104,537.0300155422923
1385596200000,241.787798911693,434.0121996091578,544.5788402016221,201.9815930071517,495.5656757879373
1385596800000,235.21145927811529,506.8438773670556,574.7306254117374,179.5257993032362,499.7262305241648
1385597400000,197.4225209167436,462.31436464100466,632.352644397823,178.8782709084864,499.700268878055
1385598000000,270.8946848802904,442.64322187424875,513.23987662671,162.72038707884963,452.62021902204714
1385598600000,245.97804138725823,500.92391400756605,481.5698601458181,180.23521201288537,435.138513629822
1385599200000,220.84859070354526,417.1973465498018,615.6398640684126,161.59831885269386,414.1369336934153
1385599800000,227.66299138357286,380.6223530640326,443.0262155311835,152.39944412379924,364.00690208769436
1385600400000,218.87218732295096,419.5733246703916,426.7399794074573,156.7411196115393,363.7248417496978
1385601000000,177.45217178683478,386.0265468318784,477.2999384695583,149.0444787076155,365.6102602738713
1385601600000,224.1854498137211,366.1468298767678,434.1261432083611,144.5908900015267,347.81740825576645
1385602200000,214.59382837092565,399.5958511895944,407.1375069081132,135.34519758549234,319.5207619310592
1385602800000,176.09888677576342,383.7390668653467,478.4129130973021,138.23927211182615,300.9224108989137
1385603400000,240.8883458632425,316.78303020109104,398.65061210850416,139.77173132223407,243.59809673874312
1385604000000,298.8882183253165,651.9795646104576,532.3391794286379,135.371942159709,384.61604928169174
1385604600000,268.03849265280826,493.9051354326474,537.2182761305237,141.68442235128938,504.8090575579788
1385605200000,237.9642581435474,407.6761416166546,457.77090941414576,134.03588421033234,310.04370656777775
1385605800000,185.813480842592,363.2258169679432,369.30160036760856,127.53721736821774,216.1046831354413
1385606400000,168.2834610438598,371.1028838326975,479.7153185645777,136.12740944269342,254.92135173719564
1385607000000,229.93700008147027,353.4531357882783,418.8481504031815,134.2029177818145,273.76800445997577
1385607600000,173.84143629316048,385.37953181525114,355.5033737957171,127.55411766527791,210.0047001652222
1385608200000,176.61983379054573,347.04861923986493,443.6209383173013,139.14881166309164,243.47408786991343
1385608800000,210.48090294243792,362.1101533049778,415.32413376149464,129.03385774204406,254.81490715612992
1385609400000,170.65252874019467,346.55896893270517,371.0474706730965,120.06842095307012,208.0291983142676
1385610000000,175.8226574513524,352.77972412187876,436.6184397986259,130.4101063319237,252.30959379719897
1385610600000,204.43708319231416,388.05327449630266,416.9558755851281,129.09073961411778,244.83616855062425
1385611200000,178.4098647930001,376.9602102647498,372.8430742194483,113.0822933380172,215.23956466039496
1385611800000,160.0342496533371,354.86392928716555,434.1305341900806,128.21326592381178,214.87196864712203
1385612400000,205.9848709093922,357.7254984145951,422.818356832453,134.79616569873883,210.3738503865282
1385613000000,193.96331262276018,399.6219582658754,414.8465984253791,119.80189551569603,219.91581206755689
1385613600000,171.01653848558922,390.90773512927376,463.6730105199997,130.08553361316268,233.075010551404
1385614200000,203.73905021974653,328.3515304288477,411.6970019787005,135.46041862513073,212.37517735462623
1385614800000,177.63872555141077,374.6039937735346,403.18993632889817,114.21366376658752,242.56863091978627
1385615400000,177.9230839344475,379.4153436239902,462.9355111697295,141.87528645238643,244.81255873008888
1385616000000,210.91198930147735,357.14747683709953,400.7547061226175,131.06591693768314,233.18317299010369
1385616600000,190.53531126875234,405.3728884305461,423.19916173756263,143.25942033102928,244.8999824028124
1385617200000,253.7232117966783,450.99415270019256,479.41457595971804,131.06815328851297,283.5279319189643
1385617800000,234.4597349451144,405.7930066191536,423.203953656355,140.1014616312202,243.60410541554117
1385618400000,273.6190885129861,448.5972410580862,521.6510873934567,156.28929856877485,238.46720469568737
1385619000000,317.27720607176974,502.66203298488443,553.8419710260348,168.28483619739433,343.87990448907755
1385619600000,303.01252273353003,512.6980035548042,497.7287639539859,167.47098096684724,338.4393690321478
1385620200000,357.0724189324735,637.7011377731062,579.6432246308783,202.63238445580984,342.64842989021116
1385620800000,343.93614667767616,904.5319089374816,714.8531951575628,200.69110466430655,364.5447933903097
1385621400000,423.23473496734766,954.4678503581011,692.0267358434882,269.95339907774854,397.862237975625
1385622000000,315.40666096141183,1021.4167899637531,706.5277794630967,264.1620884929563,424.80912555645887
1385622600000,411.48822604071535,943.0791156300456,889.9089979907924,272.0104608496724,482.72027060344675
1385623200000,529.98409181937,1200.307693769119,1158.7495826749814,304.0781580806709,479.8190368645161
1385623800000,511.11980590503447,1060.4559041250618,1260.0926751999918,364.286246183884,563.3930960455007
1385624400000,604.1808223835324,1515.0473119720648,1543.2543622224493,415.49651828061366,609.1982179211267
1385625000000,751.1437046809739,1584.1071731609602,1815.5093691132167,451.47304030361244,521.8778007562806
1385625600000,910.0621458367937,1760.3275888651917,2145.7178853299743,410.9869516172326,575.1307677726863
1385626200000,935.3353179288241,1881.552962010356,2204.395878829697,465.4273088694212,484.6022469221401
1385626800000,926.6167282444685,1928.8084711363592,2164.8077950386205,450.5697468115462,478.85723135957704
1385627400000,910.1054535363164,1818.1430218069925,2437.4276710317263,482.8851644649191,510.57611042156867
1385628000000,988.0598972297986,2125.49377327929,2782.60888524723,445.8057646202215,529.8628717063857
1385628600000,1239.310123976672,2091.825738611938,2602.373737983248,497.0395310357582,671.7898448676742
1385629200000,1144.9371269456046,2050.252912542547,2649.0743794308464,503.77194318328844,535.0767297083145
1385629800000,1272.070581040662,2139.08542587332,2712.033316111244,610.9590639879123,550.6429938227983
1385630400000,1732.496820711906,2523.065244859997,3194.4598864333643,654.4969008817966,487.423866970065
1385631000000,1839.3491480078671,2631.516815742754,3166.1095706585224,660.3258657987474,499.7057161392709
1385631600000,1600.304855799521,2156.2077564416268,3165.431928739336,530.6768868512321,537.4044016243126
1385632200000,1743.3871029209108,2565.973360856014,3544.0438245968303,618.1133556667397,487.67554039935953
1385632800000,1704.0130676299873,3277.0383200519564,3142.6763184902693,633.917064816754,444.76541271457154
1385633400000,1914.0679961232984,2325.8668366684096,3689.927717911892,693.3722023062926,523.9749823664099
1385634000000,2426.452649585847,2487.8303756768864,3224.4853332094244,702.9360822713764,573.1610198518425
1385634600000,2201.205512698705,2421.1938668796342,3250.4500024366725,605.5303061472515,615.5505993858233
1385635200000,2142.6682507586947,2433.732621609227,3607.623011944267,644.9482144018037,515.2196645261779
1385635800000,2069.5661239554447,2535.3016908033082,3559.7155835787235,592.399962972563,615.6094147389599
1385636400000,2198.9144031855903,2274.9462516651347,3476.2951399036024,674.0047253940135,601.0401581835222
1385637000000,2309.5356408987286,2304.2691659720044,3436.458990711982,748.2476816130275,633.8537770159618
1385637600000,2563.449521732835,2642.572452576697,3378.836066914148,725.0997928521356,461.06195264436246
1385638200000,2189.517792666075,2565.4290967081997,3387.401096503456,666.9414853001177,568.1656651679477
1385638800000,2381.4381546076847,2599.031314610006,3890.375396950924,626.201772974831,675.0223386062705
1385639400000,2558.5757589446685,2873.7448845908343,3831.0118007352044,624.0885859644657,653.2766718458829
1385640000000,2394.3685733557913,2697.4480700769786,3719.229895710891,639.1715201694232,533.7246872866251
1385640600000,3119.178074519153,2538.4637893959607,3737.6173131216115,635.9188367135459,562.5025924060454
1385641200000,2826.2554792815654,2518.872849676604,3583.3407348568994,622.5342123840634,771.0682383827747
1385641800000,3386.1876301874145,2438.333122488747,3459.777165490551,665.6717339326334,656.7171526754258
1385642400000,3211.8682419095735,2853.561382721033,3756.4316871337537,703.979291468609,615.835530778379
1385643000000,3370.756258532947,2568.963586577275,3426.8410706195796,682.3753576901745,602.7774900188562
1385643600000,3343.3859462930127,2598.4579436869085,3680.0161044533506,643.928249137651,602.5452222834604
1385644200000,3225.325129417808,2822.6941538347014,3415.1912313008334,654.0929934739488,624.2144866870278
1385644800000,3209.0612480941204,2712.445719750548,3270.0309449397805,648.0004800618792,632.5459835075607
1385645400000,3049.1882596540477,2500.1519985271666,3203.469227389476,634.6000735985966,618.2717195528725
1385646000000,2828.206613012998,2712.7432336885536,3360.831425471104,629.7568273504812,569.1165631700304
1385646600000,3178.9306424447796,2443.859523592601,3255.634427812809,561.8432527570016,556.8815391209998
1385647200000,2748.5296818080014,2625.583203033247,3280.8265549738035,556.1096235726972,558.8257827336489
1385647800000,2673.0457756982855,2516.161564323996,3321.9469282546884,615.9081318963563,535.0737849418083
1385648400000,2664.693415446455,2440.9606023647752,3101.491897274851,583.0160558862227,520.3651610244139
1385649000000,3101.378141829103,2684.963178843071,3277.8890227324605,565.659096199303,578.3306702009
1385649600000,3231.2344584898888,2650.767300208356,3484.926125076764,562.9100708337389,623.4047976864045
1385650200000,2829.717407012861,2490.3956223715445,3247.0890943611194,599.402066583505,574.8715585791954
1385650800000,2786.8273638279197,2511.1527912428255,2922.1725861948294,656.5485365514218,460.3339095109593
1385651400000,2779.239152867989,2802.0258150730588,3388.7771927753734,627.7832300084174,527.0092108687329
1385652000000,2704.579673915037,2941.5949553535484,3154.4350985603364,615.7581796345984,485.4766190190169
1385652600000,2737.351223806863,2487.984998684218,3140.670903570111,648.9265067930955,602.5238917361411
1385653200000,2798.3877537424423,2468.799746313946,3128.6217435479252,560.4975520598883,578.6338865416878
1385653800000,2715.4812547598044,2642.1812864419417,2980.8515073096723,545.6265293311072,690.1011087825487
1385654400000,2632.8119003301044,2679.390097169755,3010.5780186920515,534.3391437657177,549.4035423475276
1385655000000,2855.554042971083,2773.2240357105143,2980.9685049136992,559.5479493701924,553.9776955645655
1385655600000,2521.3229038074023,2668.543236738855,2906.291211684395,536.0156530575154,522.8005911228773
1385656200000,2862.0128285252476,2522.0312312736387,2867.740952977073,537.259621926816,510.169940382161
1385656800000,2710.9865742249044,2537.9289669845984,2907.9559042452925,565.2809585418007,581.2855916811119
1385657400000,2380.4939315061497,2413.26787178515,2608.93047710645,597.846705939808,546.9982877572644
1385658000000,2802.813360449271,2267.330025843411,2739.9502997765812,649.0364523839091,644.224940714191
1385658600000,2620.3930928600125,2691.929548041856,2535.1836840290234,517.7897494453313,635.328955817404
1385659200000,2428.007076822252,2164.7602290377577,2211.846437193672,586.8605511877068,566.8916931240434
1385659800000,2379.738263624354,2166.4356222218084,2194.1100937323413,543.5330572813067,589.748455345057
1385660400000,2403.1039148028613,2352.8697332688303,2380.3510391309715,508.2501619898836,576.7684481074607
1385661000000,2345.692593672721,2015.8803684979878,1997.9882034915615,420.48509096552374,585.0030877581725
1385661600000,2189.790262685726,2164.985346113593,2100.8711483658376,435.80560205285826,634.7820450093792
1385662200000,2370.62908554187,2113.9459013444043,1820.6019340778523,478.0273901248366,574.4312981885497
1385662800000,2365.9150394586886,1758.493453600645,1719.6906801749576,455.5892155658464,700.2294136467596
1385663400000,1878.788267859725,1614.9516062806601,1563.44538164738,434.25604517940627,726.4675022240261
1385664000000,1974.172892410832,1671.342318874557,1516.0576594044855,433.152700327764,786.1481508610507
1385664600000,1690.9842209392966,1284.2807587748916,1457.9755642598925,374.2163180612515,715.3304561667808
1385665200000,1687.270797134541,1260.1881688299495,1475.5364848169552,379.1031047455637,915.6806384748756
1385665800000,1997.8496858402675,1493.8173068650885,1442.1933913883936,374.3751282191052,834.5853987972622
1385666400000,1292.3480466187789,1290.1412011771745,1215.2932219935108,320.77962225513096,795.2208038791127
1385667000000,1127.7150057528331,1335.2880362419573,1343.9865975547473,324.2984278064536,733.1666044070533
1385667600000,1234.6487074196918,1260.0811060555393,1252.5083149467023,297.7087858038533,800.1299379236481
1385668200000,1315.9074417476652,1280.8660257966717,1198.703948492479,328.48980427496866,718.9539357628183
1385668800000,1224.0664030278858,1086.2460666170427,1168.4306419865513,314.6111302561409,808.8020491982586
1385669400000,1007.9045758234489,975.1838584355268,1142.0504538007576,295.70413317848096,874.6396677329695
1385670000000,1109.9026620620066,766.0144799595562,1187.6646386310515,295.87485586933917,795.6873260945507
1385670600000,1068.3540303847637,893.8949990933916,1242.7247431758542,300.1237454664218,841.9118643575496
1385671200000,822.7157381927834,1155.9643863748809,1172.1977515199108,304.27126709745016,798.993485578721
1385671800000,774.3549892096739,1087.576633278961,988.2567495225848,321.1990184119972,851.8890693852884
1385672400000,579.5108875102815,784.8786714236313,1091.5897908781012,279.04426258831387,834.5084783712016
1385673000000,633.9308405519216,763.3254060369507,940.2188077925638,228.11250944129932,859.1556781230225
1385673600000,553.9767264157001,756.6980492797491,819.0023890106505,247.6512465729672,848.5391324655272
1385674200000,489.1611039670222,728.6373188785649,874.2114660816728,254.85786507678705,831.8595077572554
1385674800000,551.1639862485835,687.366871203898,909.4938986702479,222.7966659370068,937.2675254558279
1385675400000,421.0886081173225,749.8073515228086,794.1978736569528,359.05351205650953,861.4949696265945
1385676000000,558.9143460029533,822.3306936200803,726.5873685513843,265.03154070780215,879.2054973036087
1385676600000,511.1019095042635,607.2742934003684,684.7638229456845,324.1164154167851,877.6266636137564
1385677200000,545.6413166566981,740.7239008467772,661.4987036310016,250.3431417938234,790.2267162051901
1385677800000,517.0630712060549,726.2068295242907,837.6830140143547,218.6119089901976,742.6886998111823
1385678400000,650.4660491661639,507.8393043219035,577.3064481623904,212.87310631877352,671.9969756951359
1385679000000,594.4266296116533,1090.0339683507643,570.6711451764095,221.8310058022828,738.7035818825273
1385679600000,380.93228066849633,520.1653724971989,536.0933461956973,218.21158388980524,654.0755866274897
1385680200000,534.5875077577537,503.3103653327123,545.2307915512428,207.74338891375993,674.0815286995332
1385680800000,279.96373870081027,415.63721364708374,507.2484122166226,204.527868492077,596.4327938279029
1385681400000,294.61217334259027,416.00438561395924,523.8377993915221,276.32392967525897,501.19451193418126
1385682000000,219.15291477591487,352.45157426625093,510.29071756807144,293.02779741652154,490.49276879553884
1385682600000,218.1462793040931,349.1598185719603,461.40378530514283,290.36600509317867,530.2236363902229
1385683200000,238.16499949591167,367.7707756741186,497.97301790184406,155.73964728172453,488.57392332787936
1385683800000,200.46226639066808,323.4681853322427,654.3569836582739,166.1695647851665,512.9092729449685
1385684400000,210.4903825451481,324.78590284789385,466.3324469613972,150.48053373676046,459.41004939472305
1385685000000,228.3129937018186,349.703152385165,465.6803773010027,151.7365450310577,420.33305201339914
1385685600000,206.1581441457206,294.5875011628807,540.9556216430544,154.2765054765867,403.5050098386324
1385686200000,179.10951613751925,286.00336198781764,408.83241064376443,147.5189282949941,393.7613363111348
1385686800000,213.0308661080195,315.9550056785377,452.2127270673735,150.32758454796988,364.0382676487935
1385687400000,188.14300055134882,291.11130060258273,471.4980135083191,150.4002117188002,352.69222872756995
1385688000000,190.5249931478126,323.5441049252219,421.25694337855845,166.66284106007222,318.1027369517709
1385688600000,203.08906602564616,318.9411909391919,416.4756880140824,166.3243242339368,336.8767633127402
1385689200000,219.28951357875897,307.4843230568896,458.2590003556395,145.52156557023386,328.4351326086596
1385689800000,204.8702395077041,315.9525022053593,425.37107220816694,187.8727139262785,325.9828968984619
1385690400000,192.12366779771534,338.4084270874846,493.2328692266861,179.74450266155577,323.12127981467097
1385691000000,183.5985849922432,330.42721237740136,458.9310519642418,142.6441502816514,277.1357126632875
1385691600000,164.89466575946068,322.0897726650492,400.5022278054175,146.01381980082456,291.71441986763574
1385692200000,196.3614986509957,366.1374947257962,403.23283820226476,144.50003762075633,293.0108485351501
1385692800000,203.26115578123319,344.9895740290787,446.6723970945611,141.7170044984453,275.6159750343053
1385693400000,159.4698591992298,339.469069494638,380.940252477159,145.4390209652363,276.00783871156204
1385694000000,213.33548715073815,357.9933271176203,407.2548283591025,146.4222144321701,261.38982268055724
1385694600000,184.40199726751902,327.41129702701977,468.8660617777702,138.4977298071467,232.14149255710305
1385695200000,166.7969278362235,334.1904027862876,409.6532693742122,133.59791428387567,246.11886525203528
1385695800000,269.8346149613168,343.78002841798036,409.98393885518146,144.5400401634292,229.43928713519088
1385696400000,200.59307601976937,329.1450235308342,455.96823523006424,140.59194424008706,243.0189847365161
1385697000000,170.2169326820168,339.07991845940325,420.5029289972919,136.24159092406435,215.45257412590072
1385697600000,178.54871127200624,349.2793090061915,404.88479174838506,140.57173560082964,233.9094354488535
1385698200000,200.3672943649485,331.2182285936657,431.21078256239633,135.35400566991257,228.7935671832899
1385698800000,168.47296800738908,345.8722004284911,388.10285704425473,130.62817381979696,227.27072878804236
1385699400000,187.16383113141967,339.71183088823994,423.0571202854359,144.139097009439,244.6002808199784
1385700000000,221.9325604616373,345.88911594783156,466.44054439552434,126.90295477105688,220.7656921193675
1385700600000,194.86219447976623,424.1358832425721,412.01317308762685,145.01336950717123,242.0531691201464
1385701200000,193.8538158306625,379.33601729095284,415.6959017412401,158.27995300758423,237.60374983712111
1385701800000,220.65530730882543,380.845887180458,464.93467203738675,153.58216547830443,215.84050464891553
1385702400000,206.24734782836438,378.4662970356194,446.6331218301939,165.61784963498408,245.83812825077715
1385703000000,201.65403957596996,396.00847487266594,441.6523988118528,175.30718523982725,250.69092347583953
1385703600000,231.0719380117205,389.09364477968006,513.0529533909524,156.72599642124536,242.36061670820524
1385704200000,217.12046233558698,444.95995334569113,472.5908275558399,172.39678399256792,272.9930624944503
1385704800000,248.59731717711173,502.3085451960952,558.4943803725013,188.51967944437106,284.6578141715112
1385705400000,298.1866201284294,472.142738065042,532.7842831691742,176.83710640535045,279.2504119697534
1385706000000,295.42350006621916,485.3146127775096,578.612851835478,190.4655104082976,294.3965714876546
1385706600000,260.8885577868931,573.0729109638676,597.3379059896503,281.8942518084305,343.98361570425413
1385707200000,329.40095329719117,670.2650298350998,800.3504510088411,285.60345226501596,356.1483663766368
1385707800000,351.58148645317425,816.6644635389724,787.1419248462449,338.3198069546315,382.9947269559604
1385708400000,407.54719920387953,857.3774181329254,828.0029833170388,400.23816501600976,416.3591570659254
1385709000000,404.73713024241175,941.8826659197193,1159.5783952769918,298.7073841697808,515.4481335507598
1385709600000,415.62495332315405,1003.6093294119344,1041.1199067424525,319.36770284899444,517.3089040302232
1385710200000,525.6533320096515,1143.3891775619104,1366.7909624762983,338.54235366551484,728.937386828862
1385710800000,636.7930856974111,1176.9816288672644,1510.927516255759,396.9460547928748,506.25476644545483
1385711400000,679.0619587866198,1575.2368235020765,1739.8374024792645,404.9310278777433,587.0713738504982
1385712000000,715.4921239253765,1538.8326514562764,1798.7686766797192,430.1934072187335,531.1744011085809
1385712600000,958.341122670552,1496.4468156454986,2079.0392454599714,457.9885340721769,672.9411139943068
1385713200000,1020.1970969560648,1573.0464515090575,1999.2773055601695,421.81480767228476,485.1420966890229
1385713800000,1057.0748980655576,1792.8485838711345,2459.773839293901,454.48570914190896,491.319230956638
1385714400000,924.0074670826733,1694.3195875271776,2615.409105954823,439.28878438673513,578.2363588719745
1385715000000,1048.7125650179025,1814.7257822883826,2410.226115406466,448.3484248011669,499.60146297930527
1385715600000,1024.6384003625571,2156.626404018723,2484.1631610022732,493.14004558119257,457.3406708369535
1385716200000,1168.9695495323535,2400.5243642339788,2742.084784603982,506.04500831240426,483.4213094617353
1385716800000,1107.0288539381847,2407.383138450129,2780.577741412415,618.1635865462212,540.2764753634133
1385717400000,1434.2694337045725,2019.7987969478797,2805.6920627068876,577.8539833233549,471.730131150849
1385718000000,1569.418982840122,2098.697137079061,2822.2346257221084,530.7537480602412,461.4247397690751
1385718600000,1838.6604188750662,2298.3026249733134,2713.1164736619808,564.0839177847796,466.47440434119903
1385719200000,1953.0675573784586,2362.681817597727,2827.9745731500216,495.4715059217085,597.5575301573896
1385719800000,1717.892385524662,2473.067567107905,2922.3046082886726,479.35173197868124,607.102091920583
1385720400000,2054.8899440728987,2659.369654192109,3119.494222149535,509.185795241885,900.3897345672543
1385721000000,2040.6441316346197,2378.819617021931,3083.6465453620985,536.2557900583765,752.2827864495526
1385721600000,2070.089063185314,2383.551885682873,3171.4540185347037,572.5804256523497,571.3840270889216
1385722200000,2310.551838296752,2444.6514767651747,3054.4882272268364,517.1418974254635,486.6183311000508
1385722800000,2424.5284394972427,2367.0741265338,2914.3455318385318,607.4012007969226,520.1039358802597
1385723400000,2299.8867448080946,3042.9076739164175,3017.4550956808457,590.3637183399586,504.17404900784476
1385724000000,2651.7434958409094,3155.586405423004,3685.6162000679224,540.0658868794037,653.8642375332222
1385724600000,3011.8797608721766,2643.5103461160343,3095.9789148329287,652.7097259085134,540.1331940846397
1385725200000,3004.3182939242583,2952.4203780939106,3295.1480592714647,610.6137635498629,623.5125514641546
1385725800000,3283.3240507924243,2882.943158815257,3574.17374145361,551.0611167611896,591.7991901301993
1385726400000,3277.5493277217147,3126.5095486911714,3782.402428001974,694.3562434772343,565.9937849186933
1385727000000,2930.2086572356347,2849.7699625650407,3572.4992533362038,630.9332945865082,657.2180978718865
1385727600000,3303.238918271288,2958.150174281895,3518.1481706610875,607.9161452982399,547.5844466604643
1385728200000,3548.447097038606,2696.0557249729677,3609.653661256118,823.2595375137711,583.9552913255801
1385728800000,3428.3418382174787,2910.384104645889,3746.114677584564,632.6634243357325,632.2512609531003
1385729400000,3393.646932752103,2603.9707285070876,3345.212808745836,565.4664685461678,636.3257088631306
1385730000000,3734.5687850566264,2744.0630965573523,3653.346608172899,631.7569082569154,840.7526649460143
1385730600000,3548.640617548032,2871.5884473529586,3453.7256256126343,591.7043328226471,684.9187160147121
1385731200000,3341.305926060572,2774.8338988288383,3253.0127740746934,522.8685730336457,709.6384542763429
1385731800000,3106.754455159857,2849.4330439908563,3456.551096549468,633.31988439274,711.647403701165
1385732400000,3455.8939709409974,2908.377622114074,3334.7988022034965,628.3548012283105,781.0090879262286
1385733000000,3379.365564369066,2741.5094268844555,3122.655727494597,620.5288004002225,664.2209919513373
1385733600000,3224.6542444145452,2683.215284837821,3097.1417228676114,601.3613659074327,566.6135193489765
1385734200000,3040.8468457668496,2909.682512938467,3324.9635346716277,640.5020402237536,715.9606168866126
1385734800000,3390.8976051296677,2716.558715178431,3144.4896811063327,632.6287170154102,675.5580676939178
1385735400000,3124.0509986678844,3026.5469032163014,2980.614506699491,568.1440377865812,616.2082326136122
1385736000000,2986.4740836934257,2869.4410737439866,3108.8882555036553,552.1202061470605,558.4065960579819
1385736600000,3236.9638499357534,2969.6987920691763,3213.8497965484307,512.6041632122498,532.6720495142141
1385737200000,3505.715177056841,2859.988492847768,3390.6531590934433,639.1218729260034,562.5240064007658
1385737800000,3283.647610385092,2826.205525660121,3269.201635256412,537.7459240644159,526.3532185415045
1385738400000,3269.990908927465,2690.948761970094,3460.066226968931,589.6273123959405,550.2456395381399
1385739000000,3089.163202610486,2500.637443034913,3118.3474842127084,554.8208438022632,660.0692821758755
1385739600000,3356.028183332825,2860.9949638127446,3356.397361161693,497.9464388330782,637.8565252943708
1385740200000,3550.614632852684,2438.9920266565755,3266.3483260547623,468.3506653987768,654.7966630620795
1385740800000,3249.03923473442,2401.5917166390445,3156.9649460272344,529.1222038190367,507.1996460354006
1385741400000,3466.0078388826187,2768.908403787793,2808.3449973349793,472.84472089928767,598.3235826562188
1385742000000,3309.0127582054583,2667.1268581190316,3021.2997313602386,466.4914784213556,617.1083095242581
1385742600000,2982.416736296589,2643.1587323860076,3175.528698077741,523.0090672726566,566.9602129466725
1385743200000,3139.0649496257774,2941.7651893055645,2896.149689460929,475.31742261565415,565.4109337775454
1385743800000,3104.3967740718977,2581.0321245290643,2568.1120480600966,494.71746879895846,604.417189549379
1385744400000,2844.8599429360775,2429.531409885698,2488.856575615412,604.5316800525961,561.6726891990545
1385745000000,2903.922540599974,2258.4507426809223,2559.219667089525,494.0587792382187,650.1624112562661
1385745600000,2643.203490776216,2378.2908873522665,2109.1021135069527,428.73707141250316,604.0794959862995
1385746200000,2899.7242834415893,2271.0139390622726,2032.2810264859947,417.86072320753465,610.9824050090292
1385746800000,3107.2659326294374,2087.2769591069823,2133.2581332895484,443.9860656706752,688.0770076271339
1385747400000,2479.3496127704443,2246.6285083005337,1893.4615339666086,368.464297344889,716.0532873149776
1385748000000,2227.330182289856,1859.5692483103091,1831.5781688156242,434.5666769050237,649.2635373789844
1385748600000,2665.4347178864864,1896.5445265237875,1545.6245007137122,387.6552561723862,608.538539536658
1385749200000,2314.978843827712,1672.3689519047314,1437.2145183839327,324.6947415020326,673.9024209006833
1385749800000,2084.1675548494427,1630.3781244767245,1441.9719463896088,406.16921276406913,692.4488746016553
1385750400000,1885.6111421532262,1665.671087122724,1223.3404862968862,366.958604485167,746.727975799458
1385751000000,1761.2714461498529,1531.9425267573242,1144.751874694149,340.044636305522,716.277334322094
1385751600000,1596.6997938504742,1445.9196243058564,1423.1790281725232,340.10295713093626,806.7563335425491
1385752200000,2105.959171103173,1376.5122659296571,1382.1195267204425,308.58357899182926,838.1079102795818
1385752800000,1638.1836989237986,1121.2664603174896,1487.464847777112,316.7294962998161,810.2383092892248
1385753400000,1397.471420738816,1158.8249863899841,1052.2074202212455,277.3599784165328,860.1171312937782
1385754000000,1228.3859367564742,1084.6241843552557,1071.239677909466,726.4067445428904,914.7356471574212
1385754600000,1168.379558595741,1013.2547640789288,933.0742856570018,823.7013106096316,901.302469289805
1385755200000,953.440297186615,972.3661093555169,891.6725209077504,811.0302506587058,1046.9789489523512
1385755800000,878.8275186392634,841.445219137265,905.5026565106085,261.31188711443934,1039.630942603757
1385756400000,776.7017840875545,746.7540212350059,798.8579035841965,283.6849536808079,895.2105997250718
1385757000000,823.8295068761315,1007.6523088809723,936.1696930841294,311.45367962125147,988.6669770492335
1385757600000,1092.372059045079,835.3871583332257,870.7627615039003,261.8709752389745,1015.3988262334329
1385758200000,747.1560809174161,1287.8492118164054,750.5066256744117,251.08203484123084,1072.6336845445503
1385758800000,851.2285721618998,877.2478093516085,745.2417782201107,233.21245560010408,1096.9758979424494
1385759400000,686.0730747750756,2323.454487998576,728.6487598404448,247.45163883729407,1029.9143839191793
1385760000000,559.1658284887869,1047.3091138358504,765.0388101438704,253.06561708614225,983.1417415501305
1385760600000,671.6892454423652,846.9828997904758,816.5712395143587,223.67387761321086,1340.0568194285183
1385761200000,616.2919699258816,701.6594251712332,845.5771485767677,235.5130658981452,1323.3598439185964
1385761800000,470.63700746865635,603.0744625056741,700.2961808561066,217.81216780915187,1238.0503779891815
1385762400000,410.5121426849514,642.5957355875703,702.408539986885,239.20587305271587,1246.118982803954
1385763000000,391.7266351846349,690.4993988134086,754.0625312436846,254.8308151919468,1152.029499993454
1385763600000,376.12666424279416,624.5631204903647,678.2238917384748,228.70914846676138,977.7306002094518
1385764200000,394.3793045676823,618.2349934914455,884.1666499842624,232.9172661681371,1117.3523147321255
1385764800000,359.89752736621506,737.006212266934,1068.7580009085486,252.3586349426293,1149.6898345993682
1385765400000,337.5024800748674,535.0272307388111,1104.7413717459863,222.2536917610548,1181.897675115112
1385766000000,539.8694499895765,766.4497966049532,1281.808019005422,240.04090520058924,1089.120975736158
1385766600000,349.6856606714699,497.4442225678433,1473.187129384904,205.11335837003327,963.5547237571096
1385767200000,459.9540292699491,444.6747758066579,1333.2886944646896,217.3929355317888,968.9413871928914
1385767800000,682.3879115468465,485.44402378669326,1399.0973355455044,295.3454864427968,853.0656488047946
1385768400000,267.87527719118214,569.4118345068783,1516.6003004484583,233.09069292979905,804.3016212986877
1385769000000,201.91618445784454,476.77540800002174,1506.4369336158927,196.9331224577504,787.2556903030345
1385769600000,267.04606434841423,412.1267469516929,1443.2198537171012,197.0431483885717,856.8663611828156
1385770200000,318.4063903608021,390.63129340233576,1811.780742865429,237.3465271912009,824.7900110588697
1385770800000,196.78381903828515,316.2524493666977,1808.900175331576,221.2565927623784,730.9533766644445
1385771400000,190.279005666277,360.3894933664737,1813.258404344102,242.66900978544456,585.9488094714338
1385772000000,175.0179166225904,346.15275667249773,1766.3429077290978,287.38624315939865,524.7690785241174
1385772600000,168.10822732545893,302.6888063779542,1677.257264994774,251.971732093326,565.4600370112332
1385773200000,179.58677178752538,334.84240474033766,1819.690615929832,180.46843038762128,452.06754663422623
1385773800000,129.5112394560561,332.76807322636097,1866.6295880186617,161.5044763124995,456.93850766373464
1385774400000,138.298627342436,277.7445044277717,1787.8463147469324,147.9245720936543,415.41213148660324
1385775000000,155.86464650895658,366.11536373497046,1773.6488721899896,160.95887487221498,396.57253655983845
1385775600000,127.0259958873488,370.21474256193176,1682.7851964220224,189.4106380140229,411.6496755710101
1385776200000,142.99414517808694,274.04843716915144,1520.6824510112697,145.7108969240353,351.773066931974
1385776800000,137.01741172629517,311.49594871063556,1553.5027446207578,160.01103905500003,342.198228828114
1385777400000,126.63590693639394,311.6912810353681,1482.3159759151374,152.08881816720015,326.4810577328907
1385778000000,128.01909541806407,283.14892139820535,1301.9680387373542,160.2226619964051,326.0057675137604
1385778600000,141.26599743869934,291.47419496942484,1035.89003559461,157.11597299942983,308.937463341898
1385779200000,153.3776117838377,338.460282489569,1013.2771402947576,141.17741443920505,309.5835506940599
1385779800000,142.51833592573337,274.76985691586293,907.9133092966725,144.22205159698396,335.85035815894867
1385780400000,133.75242397413405,317.0450876509386,881.2119051217421,164.82847216531727,328.3926221831563
1385781000000,115.93655661972639,307.3587190981627,828.4352266847176,154.82322897259473,404.6287132745681
1385781600000,134.440305219689,266.96700850058505,614.6855088523837,147.76368041497403,357.91298412103964
1385782200000,134.18144170595204,273.40524876411814,792.8800766941938,155.13427558332603,323.35646519605336
1385782800000,124.64402240086147,337.31815555733846,521.2436928768454,133.91023072670646,314.1900525293091
1385783400000,135.66639202179672,283.53124362167375,389.65219868281696,135.03577421727533,287.62900047814117
1385784000000,126.21482842287107,290.57038793298045,395.2998938324653,150.05445987253336,278.72327101076183
1385784600000,126.24017933985607,315.74184302901364,431.7296344083573,129.16888393498485,304.2030899503974
1385785200000,134.47185171490474,256.0857633734503,372.1766101874816,132.36029169671272,320.53262660639393
1385785800000,143.4275108955452,266.44378678012936,384.29686711100607,140.29068475225336,233.4270971691619
1385786400000,117.70483958857201,295.70597881877717,391.0946227456435,130.04077620850265,270.5662606257424
1385787000000,140.10118317282596,276.2731922876059,345.5653403446599,121.22120088702091,242.3106041293523
1385787600000,134.6688088266742,271.28208382834504,398.5217750170556,129.00529503005367,215.38459300304945
1385788200000,109.59923405563728,282.6361487511233,391.4963984089202,130.19480297347937,258.72588345641174
1385788800000,128.93608867486265,260.7047539687175,338.3172191094871,119.57413947119211,242.55396689271325
1385789400000,137.70950477540677,262.3252869273464,360.54797173996894,127.40934645373466,282.9123149229054
1385790000000,115.55765801748404,286.0666391959885,341.51147539629073,136.9723874923482,262.41082067434803
1385790600000,148.3954901667244,268.2295045299372,354.31972768988254,139.85363994369573,274.42289018170635
1385791200000,146.28494470109203,286.30649783234594,377.88255180239094,176.15994807981275,244.45690311333848
1385791800000,145.58145485157533,334.6683047376491,424.83274576527725,145.45835366392222,293.87540234948773
1385792400000,163.93184685056465,360.9637342120628,382.8018073404917,132.21939469391245,306.8757311162452
1385793000000,300.92066049667625,359.8776649534628,346.4630101191102,156.5321912914849,263.6847190063055
1385793600000,163.83043765103784,372.6796651437554,384.4923781519735,156.53999716253617,281.6305231618294
1385794200000,165.48861842363232,438.50199867365154,349.39436863561076,143.07008869257604,301.7664697990352
1385794800000,184.59479224706348,489.7477211783468,418.80079263581206,167.6055702107451,303.516577430627
1385795400000,208.60932543496173,526.2519174913817,581.3153023778743,155.32001833128615,304.38653840496545
1385796000000,200.77558906612967,536.5266854698257,394.4495534450258,149.98361592436092,295.1030640973713
1385796600000,326.9988501213191,794.6574370246143,419.49346913105876,187.1861014305057,429.5373525826067
1385797200000,282.8592693329576,522.8099877455832,480.53069687443406,181.55637315896467,388.9288387398408
1385797800000,300.34717965234006,547.0260382338877,434.4017894393026,221.45153631327315,472.05558089375285
1385798400000,346.75805962041295,524.5765764067139,470.07360876699954,219.2980974441178,310.95646841080685
1385799000000,465.1036377183498,645.4739586286355,534.3323778046542,224.55527390283387,367.64420567298663
1385799600000,652.0082766882214,689.1493725515255,542.7110607359706,214.5819570180971,569.2624748966888
1385800200000,761.8309372376176,757.9582094269234,523.7038357475636,235.8877274803301,483.2889129698986
1385800800000,714.3589720257394,720.7963051674208,593.4516979213963,261.6139633873852,442.7713505382755
1385801400000,742.7349341368462,848.1846141357425,621.6023087032257,278.39903153154273,343.54330988176946
1385802000000,1124.5806761371514,918.3724271633376,584.2354614636944,266.20879413057656,465.6432742253361
1385802600000,1086.715252043809,958.676450790399,611.9783956542942,277.4565423487433,484.15813798412665
1385803200000,1185.975028258174,1042.6083805891844,625.7221531241597,257.3674361765702,397.21878431647474
1385803800000,1467.699895561536,1393.0265766957505,608.9384149620416,308.0909720420057,499.0508498883332
1385804400000,1563.9230456230107,1273.0229336840953,762.2763727539354,311.19930981275286,432.0740954792448
1385805000000,1977.382100909333,1256.8792667722619,619.3403061768068,312.020190359745,517.3606940386029
1385805600000,1885.8851507495901,1462.4096249805639,659.9693159605558,311.03698551715354,499.2753716186192
1385806200000,2295.8557900346727,1405.8830529369086,757.1222490962396,297.38116515334286,544.8957217029388
1385806800000,2919.004423557484,1389.72614830637,906.9099024082196,273.00069333918964,597.7222449016764
1385807400000,2454.640110678286,1820.6455776092203,689.8245026999223,312.0927255892019,543.2097726079915
1385808000000,2724.047968151099,1708.3319404088636,730.6526798797181,298.8996215910875,512.401440092421
1385808600000,3497.0384934139665,1588.8734453878574,790.3822794609388,286.33364047113724,502.6988539806953
1385809200000,3013.7656074747324,1827.6622870507038,629.5718726746339,297.28588928814287,507.4992370503143
1385809800000,3266.8396622728196,1784.2839690427936,707.7087024489078,306.5294141942512,569.5880275577125
1385810400000,2998.7863764265285,1975.194907577784,638.0499495362411,300.22851984758614,527.7374707332616
1385811000000,3544.817496790316,2389.6330364380437,661.5898255075346,297.761680416026,461.21255828683087
1385811600000,3516.245843851161,2044.1531004615672,599.6006146704141,285.28435736294847,514.4893919561127
1385812200000,3550.871099227995,2210.8269629787765,610.8107554697467,349.5176726444657,553.501789688584
1385812800000,3475.442738512766,2463.7661714328124,650.779355629494,436.266428151961,622.3916789816783
1385813400000,3283.1208654500883,2339.2895129023727,629.4193612374488,337.2010339268027,650.2383822361021
1385814000000,3165.495011015868,2328.673109414502,931.3711745644639,347.51765361631703,668.3998457758505
1385814600000,3564.040770675591,2299.9868767213725,838.4712760904285,351.75596181755304,622.4592287276608
1385815200000,3579.718900655978,2372.7251124537274,858.8831091413293,341.0649073526144,661.2969569043398
1385815800000,3899.5052317822224,2375.6085871228934,826.825584941124,303.579140763807,562.4894392408198
1385816400000,4254.398550413514,2570.3076784485716,752.3995325044093,353.4149742986148,598.0126430261258
1385817000000,4269.123564297358,2540.737149866704,687.2858110969262,305.9386992307652,609.4063512764935
1385817600000,3972.9164027396628,2880.7651975282524,706.9390932331452,436.5669201997045,769.3069891319052
1385818200000,4778.625340029508,2722.622754343546,947.8790898273994,358.6136593889621,701.1052565042686
1385818800000,4769.6683272657865,2460.656522583882,792.7088034526035,319.80608344844626,731.8616406925229
1385819400000,4574.456067156047,2407.794885088466,781.4681882972031,276.14625008019937,602.3826220032003
1385820000000,4413.511162479635,2414.547568059174,795.7800977603063,280.60359488233047,661.9149268856768
1385820600000,4687.768055449141,2620.797249023299,725.0524678875688,311.5603189096592,548.1777641922608
1385821200000,5109.06564613003,3229.790772137402,855.696148918002,271.47849535752033,553.2658326507062
1385821800000,4938.554263162376,2815.274801741513,675.1830547719597,298.3726875969838,527.598802242074
1385822400000,4884.750375041222,2725.5179767519962,771.8343324864477,318.0673617123571,581.2474219112114
1385823000000,5507.52444650614,2471.434875746942,795.4221968481612,288.59901126736867,568.838864118018
1385823600000,5529.503842515461,2528.462515168879,626.4123023911613,334.65096357283164,574.0834991448293
1385824200000,6347.693270790666,2824.191523993462,780.7762145909855,417.00957022000046,667.5333302521188
1385824800000,5412.253309226051,2789.4869954494184,737.0668821295502,286.3506121181073,554.5794310850893
1385825400000,6227.594153038011,2588.2741702424846,608.0321714565725,332.9033368791864,616.1066901037315
1385826000000,5751.0167443446,2682.587569224619,776.2460650468419,286.2920216841202,514.1488143580085
1385826600000,5523.600514395925,2903.9679090189397,730.0245835649083,357.42188671889414,651.2804170888984
1385827200000,6270.257851433413,2547.886265269288,665.2561825747858,312.430439055944,608.6357641067401
1385827800000,6237.587381741704,2458.849969013467,1021.9332950062987,373.9770197463388,729.4472073519647
1385828400000,5710.4407046162,3061.968220798218,610.9052671213527,309.7080291647294,623.4054328139333
1385829000000,6032.754721205893,2736.277092847027,661.0691299158108,270.3189790732466,668.0020049471453
1385829600000,5512.978541856128,2607.061388178495,858.0125690162647,277.037900950859,585.6988766156926
1385830200000,5586.890550898353,2793.0728865676856,675.6795979556879,287.3613588137515,712.1367163294711
1385830800000,5178.952583509449,2764.103542262602,624.0268421080543,296.6129407561544,551.417724387822
1385831400000,4772.864508318681,2695.856582068176,678.9801413148431,250.50342940053815,579.5702213492789
1385832000000,5203.454630395298,2515.230767242762,769.5887085234538,274.6676593626648,555.8169143607538
1385832600000,4523.037532078368,2732.3184259974914,576.8368955363989,309.8551216434725,568.636590855967
1385833200000,4894.512935017286,2397.1529134116777,622.303203595897,233.2611804712976,593.0361824571019
1385833800000,4506.4329675817435,2344.2486283596336,599.808328634303,215.226216788727,703.7991273850846
1385834400000,4712.490603922695,2227.109486818884,635.5563112998867,232.71483118842966,792.5608986417906
1385835000000,4385.080106052921,2016.8153033824765,813.3343853814699,281.689257013071,815.845057371708
1385835600000,3770.606939150771,1987.9863920564594,649.443252340282,255.31896352767416,648.8327788666443
1385836200000,3914.754971526213,2289.7896248221796,581.1058085833218,247.25725796059808,714.1049619644892
1385836800000,4428.703516796815,1748.82520512666,626.2717993447945,212.113234769893,758.9105605724109
1385837400000,3020.975636373576,2104.633236092198,554.137230062063,214.02849923833887,851.1269359006471
1385838000000,3709.053656451483,1675.3170235749892,529.7235731164129,230.03955758508957,779.8562601868481
1385838600000,2976.7584485256125,1532.158874375801,559.126148983475,240.37421081976203,844.9912098577526
1385839200000,2652.459001530733,1624.6001194538924,547.6866657240344,225.959523036688,753.1588091823695
1385839800000,2381.201029528479,1236.100366267725,497.7188506332229,246.27121157929398,844.5131992530834
1385840400000,2388.1527257499215,1041.557869983487,869.8559893350171,261.6732074770205,792.5110161015765
1385841000000,2116.4460963708702,1226.6770285212338,631.8073583281437,211.68846778562624,902.5273109792718
1385841600000,2152.746545461014,1171.0754378355145,581.7049950271265,234.85705952956388,1148.1584546668923
1385842200000,2149.7550982368207,1092.9310414990207,597.9835404436764,226.64341793549437,945.3302115314561
1385842800000,1625.194998211953,1068.037954370021,632.7887290782102,382.5577290708861,927.7436656026375
1385843400000,1342.4724658399282,1054.783345310811,635.7409200884098,214.90150804004972,1041.2325894224382
1385844000000,1621.4693300631006,1188.1827482418703,536.6762702599185,202.73465549886316,1009.7757407719428
1385844600000,1884.8946034080323,1046.5916895321036,533.8394221769245,209.9477657042896,1098.473874806757
1385845200000,1705.3332366526902,914.3364160510558,497.1392884923797,232.93458195462168,1014.0345703572142
1385845800000,1471.5883638654263,773.2967960517972,638.7814560912841,257.97694600745615,1193.4058687995573
1385846400000,971.3059091605841,858.7745584173168,544.7404731324447,233.53904171760774,1273.0159108875
1385847000000,685.4380122414765,893.5830126262367,548.9338856542159,250.3876206468265,1088.890905912231
1385847600000,766.88644923937,801.9455338626036,620.2006715515201,235.75213449079627,1157.7330250434843
1385848200000,576.3226619798625,754.2088774840979,573.4416761786982,245.64372210352556,1060.2856761877201
1385848800000,887.4431732929771,820.0761764457435,516.0905454819501,234.39690358488292,1150.591488434007
1385849400000,746.6262460012305,708.1435332881368,593.542029099303,276.1593622999404,1304.5502413796796
1385850000000,1010.8709078226891,767.4021083961288,535.7123616198147,242.7988234495456,1289.4274163052035
1385850600000,725.1522896383104,696.8961433854508,572.609037506435,234.07870890960152,1221.8735398835051
1385851200000,751.8280054735221,663.6606824083894,547.1260347262911,270.62375895617515,1637.0058794102445
1385851800000,621.1476333109324,598.456975667312,564.8417740858175,218.32476150842663,1226.2709100066331
1385852400000,892.0453260254014,616.5172711152738,739.3863741690842,242.00592922677177,1196.4090991411572
1385853000000,710.0744185594484,702.1091937089024,881.5096896440136,275.29390613582274,1276.6967132860314
1385853600000,490.39051193847286,639.8930876487404,1270.7433344328867,237.04397128060873,1190.8997967645964
1385854200000,527.3899355503494,462.4651520557174,991.5839116788362,231.49073717542504,1162.501129961828
1385854800000,418.18593807888095,637.9013132972244,1272.8686448349852,233.4891298043899,1171.9048359836534
1385855400000,314.64958341566825,496.5731859033434,1345.816283559278,199.6764087168668,992.2800866824884
1385856000000,326.4103541470081,453.9279606914054,1402.5055851634247,204.52366378351687,1218.344854915198
1385856600000,262.6324712741932,338.1124287837722,1444.1301095660253,198.0126568490608,873.7470658550388
1385857200000,361.3368843257135,365.4075871436187,1434.203060828825,228.87450043506652,864.1380020304479
1385857800000,177.56645131729647,315.9951788194152,1575.5661732789313,194.13093643668756,798.0971413167429
1385858400000,226.62699696324074,297.43888098786977,1484.879923788633,201.71981352170735,784.5130694488528
1385859000000,181.21516388327206,303.10557083650485,1757.7595113692412,195.8120429388232,775.0101456220859
1385859600000,164.04508354426872,300.52168072596817,1407.3268352133973,202.1027424073404,619.1361530638356
1385860200000,169.03856348757,252.9556312415888,1652.5391514108137,240.07180814520387,662.6602644939228
1385860800000,168.95840173420956,261.5666858807788,1479.9933488382646,190.8998324272877,538.1690668097954
1385861400000,131.59302805162093,226.60764246293735,1453.37259585529,172.40433915533976,410.17662861877494
1385862000000,223.79659574681057,233.45565922410844,1372.321004562625,168.48018220218384,447.49449561797104
1385862600000,107.22721988776836,231.55887163047757,1474.4203791786952,147.2003807754076,471.04967065406225
1385863200000,130.7011801353968,194.6889898885584,1582.3586733353984,148.6182010118352,354.0434983332907
1385863800000,121.07704831945043,224.52056464471127,1361.4898340374132,167.8947597035234,338.7962840091439
1385864400000,93.16325455203298,232.0488110002816,1320.3361562750447,136.06878903996983,313.5479384324892
1385865000000,135.1798902263089,189.4930555374546,1467.1499372446501,147.18418687679005,291.090113910455
1385865600000,110.21867132586992,217.91746208661027,1536.0496273144731,141.79646172352278,288.76562620800786
1385866200000,94.82682195872292,217.11779141002566,1330.26546976448,149.31653310512513,282.9891345164254
1385866800000,123.11566519504946,209.80217982283148,1116.0119780383673,138.87229411203054,285.40706105860636
1385867400000,95.75286677701345,209.23714055861217,1267.287918789034,122.74070340681982,279.1529261626155
1385868000000,117.12871525847416,228.4100544909486,1233.79368417948,134.82458657134285,259.36220236247345
1385868600000,109.89935492899905,194.9622507181824,811.614898879278,119.3263600725427,240.68823477017207
1385869200000,106.78209003047147,208.73214180930412,725.1241895018104,122.9494301458139,265.2211516789864
1385869800000,97.71744835837157,252.48280816855328,534.8408906993405,135.79031910894204,241.66981336927088
1385870400000,140.13652278170457,214.73365508193584,510.70516838092215,121.97383423027637,228.34410532642966
1385871000000,171.71703861105607,206.31229761596603,320.44760725723734,125.89351251607718,232.16110524678845
1385871600000,98.75593862293692,204.1761750855491,370.0574002731831,114.6871051165818,217.50006396601057
1385872200000,108.54849615538512,209.383162533462,355.4171587637004,111.076553880778,237.18282258790072
1385872800000,149.2560403020344,186.69757341704724,198.01770567825372,130.93789449448732,238.16671731618897
1385873400000,120.86291678310886,195.1348709097205,171.88636117920313,116.03454901280902,220.29373678292367
1385874000000,197.26797534371696,194.57623861948304,192.98205207396413,113.4831266323639,208.56782117227826
1385874600000,192.75907750341025,179.09242058801587,193.15917469185922,119.08452907655138,211.197437088353
1385875200000,114.03380926774365,202.96689588987917,207.60067709420457,118.82658670132072,215.45117707721545
1385875800000,121.87182848879654,212.9777943122006,180.19336242877287,109.99667298337548,198.9452161518193
1385876400000,120.80784435435515,185.7223086076746,253.2130706306159,118.91980846268521,197.61212533112527
1385877000000,164.87648348020633,224.4386559459325,134.43003317997807,113.7098963625101,200.87900310927375
1385877600000,129.05410197300665,222.26005364981495,144.70830790731728,116.42266433690764,203.83093439114043
1385878200000,136.72762324405494,233.9305215601364,242.87090380349179,117.86885544148126,212.38105807820824
1385878800000,155.60322760391938,231.43337526337538,157.03443415630332,125.89581659285113,202.6979740882477
1385879400000,181.47982833660234,222.4113020352723,152.45367837359439,115.46042445749313,200.1284328854402
1385880000000,145.97032653034404,241.9183306400604,161.36821905768008,118.6858314058801,211.5646385807305
1385880600000,123.42975913308824,277.41134788919396,201.90851351132702,122.65190934338908,242.7277076326625
1385881200000,290.39810826633425,263.4710241223209,169.99232737326685,117.68847420784783,211.94935776955964
1385881800000,375.60753368440743,282.19809641917107,211.36623111200083,129.9948194913754,241.6570644602796
1385882400000,210.7755949360391,279.4373535912913,172.73764712031624,122.59173656343319,230.2747307861374
1385883000000,243.1830991903536,280.84880884435796,203.00967489437014,121.88124296487723,270.31360738446233
1385883600000,202.93799467111944,335.2495454737792,185.71405859992294,147.26474126387134,300.5558704951112
1385884200000,263.7921211456291,280.4249132076372,174.54618571713246,146.13308573998097,265.68592567102917
1385884800000,307.4249490990241,395.74807917353655,206.38433240622706,133.99746698893793,314.2107945404118
1385885400000,338.52910164053736,364.2286678191325,214.76589774061333,220.3010308730115,296.46996340198143
1385886000000,357.41956194531053,579.1727603566472,344.3701867024921,148.06448498579195,361.07362755903563
1385886600000,553.0007198640983,457.7945905324266,232.469782019196,144.24211042365474,298.5264998681351
1385887200000,648.2843550147616,665.6877310797825,227.88200583459474,157.2474251082062,290.0906903157436
1385887800000,773.2445554876513,463.359175562094,356.3131744031446,171.2188916420986,337.6873377830209
1385888400000,918.5660438410737,576.4019993450819,287.79238034480557,284.6580513802771,391.1728196318241
1385889000000,1047.1914380972512,757.612898070708,463.99973447088684,536.3471355524104,338.9628672800848
1385889600000,1368.2218931181853,716.3445927962908,366.1820788668363,197.29339509561032,347.07392178899414
1385890200000,1438.676119068019,1018.8307166755493,327.2902800506018,180.51627719203015,374.76436838907375
1385890800000,1988.8474605260683,997.0071390357864,318.84730139062907,169.3067224335133,379.73375702202844
1385891400000,1940.994154177214,966.2381423647626,374.8805271837934,179.14438193973896,455.1122079163509
1385892000000,2231.2093730320025,1309.6367248145218,333.2339185726191,144.42333257959896,460.49867409168485
1385892600000,2409.117359045778,1214.4866662443796,396.7467100749818,162.42413662149363,461.96077668509014
1385893200000,2743.5188918140207,1407.813679058754,336.9734103066039,169.1086670310459,431.66306022462555
1385893800000,3202.4134166278745,1611.6691627625312,368.9754308178656,176.3701190041069,441.9340448509278
1385894400000,3816.2860986472865,1650.3210790667579,433.8685289340928,219.25331209390174,463.8570322452997
1385895000000,4059.623594350736,1858.9706881317459,432.6496973202721,157.26707683551322,470.7067303354563
1385895600000,3725.4841811616034,1617.9376898155401,417.2182494607386,162.909582436916,558.8438748261482
1385896200000,4171.8431654880205,1857.1529876419218,535.9544596656133,163.1820608951735,582.0552467898956
1385896800000,4635.035920508368,1670.6715219533082,386.5654808026266,135.9486930184088,541.9071185325536
1385897400000,4547.563129941163,1914.7094350026896,349.687832781803,159.83483146848596,568.4993789854731
1385898000000,4387.167964448955,2093.0374592763987,385.07567954222355,168.0320213221436,609.7037107690919
1385898600000,4633.254959452745,1669.4342096295813,399.4108741077047,152.0344153135513,548.6289807628438
1385899200000,4809.839879026619,2113.2744893361396,388.1552220896459,179.3472848498378,654.1089041626439
1385899800000,5541.477501759215,2084.6893279531914,412.33854153184467,182.1681523889502,719.7415832909933
1385900400000,4463.69293054564,1940.7279972657182,411.77957352821454,131.4576817956754,544.7125973024458
1385901000000,4399.535685166883,2287.2832715300997,418.986369127903,178.13175809190872,633.1766785223809
1385901600000,4444.770092744636,2242.5027107539768,483.86778071142083,199.0581436940484,735.876188433814
1385902200000,4572.723584946609,2224.4297353779,518.3195416941077,166.60238522950462,774.8078929904163
1385902800000,4676.498599180547,1828.5568779951693,498.564246942934,213.65714055190912,582.4804041267986
1385903400000,4734.934062954332,2152.03252844621,472.684113282163,220.53199681011307,695.0685357061094
1385904000000,5942.551688670349,2026.2237903356342,500.48172297308344,195.15612385642817,554.5703747237065
1385904600000,5521.306271418778,1959.5534171301288,508.8910450018713,201.9653093131326,774.0963747610139
1385905200000,5111.053634520801,1832.8000754571674,509.31355491869357,163.17243946919814,714.909318676647
1385905800000,4795.2105315787985,1910.5118447540012,470.66144110194824,152.18710566896365,711.7085340239028
1385906400000,4894.801718337587,1898.52291051844,494.7077549275667,184.9500856700993,629.8835410050937
1385907000000,5344.098111497968,2216.1412789106053,521.7433007769481,256.95142962202885,769.2790419008935
1385907600000,5675.8438597522045,2227.711413465054,433.96006505106567,233.60298227322312,739.2866747900124
1385908200000,6346.712797060322,2532.792148458182,378.78848656333764,208.33574767888507,703.165973221666
1385908800000,6099.8296854370155,2808.6779633268884,456.4363290080424,234.86738022883014,637.667799718441
1385909400000,6231.863896764688,2268.5662006925486,541.0745813390172,180.5824654528491,683.8829846866167
1385910000000,6550.887942595307,2595.861871541386,458.3604981504667,197.41837477580987,634.0561098497905
1385910600000,6548.403301042124,2639.828908272229,565.1302624510018,224.54824985634497,647.5504593009482
1385911200000,6736.913504132396,2492.2311733646825,565.0917561875726,242.68947133870847,665.6799796383079
1385911800000,6667.623702162715,2262.9106107138487,519.4077435974542,221.3857078081988,689.4656211048753
1385912400000,6753.289589014699,2438.8064923561046,534.7138646616479,180.25205132310455,700.1958024232913
1385913000000,6995.386889753865,2956.3668366939637,524.1173067992404,197.089161037735,872.867010294987
1385913600000,6663.225059116422,2659.6677959486005,482.11271690705223,208.47376889833563,583.8887311268069
1385914200000,6059.170138508151,3018.7608287996354,422.25048483043554,215.1610425916449,631.878275164892
1385914800000,6412.843121293773,2841.057166384972,440.15332849669966,211.39977017055946,676.7152393340278
1385915400000,6206.158625938481,2702.4865551398566,433.05123350892234,207.7657533457721,621.4913181180572
1385916000000,5630.703058237486,2798.0203848732367,488.11798429577544,202.84403560714597,632.3533182871357
1385916600000,6074.710173905933,2216.171006167074,466.2212484534283,205.57787725805898,606.366890158583
1385917200000,6442.487587728596,2663.3796872973467,462.9133384475945,201.34580069353825,655.4691661531392
1385917800000,5525.454121496342,2953.9991351546555,454.25129199170544,201.2328366034376,715.7715076847145
1385918400000,5831.346437265941,2868.1792978057483,451.52030574616987,221.24682935149372,808.8744620739144
1385919000000,6166.817682814852,2756.1562673893845,565.2648539198119,190.02015764031745,665.1504293673875
1385919600000,5187.778365435808,2108.0443142756903,547.0270398785223,201.18945619949085,653.6640365486007
1385920200000,4443.671620178587,2228.5084396775287,665.14688535402,194.78038735701904,659.7226027183489
1385920800000,4129.6681697696595,1884.3735523471812,547.7798997888485,221.08519374978394,688.2523025751161
1385921400000,4069.687401688309,2027.6335305975688,551.7879255510913,214.44126226569722,603.5663568062175
1385922000000,3819.362501190618,1517.5044777865555,959.7475809794894,212.97570211644236,746.8467390722348
1385922600000,3613.59517648068,1458.411070291422,571.8501137418135,321.127975270729,636.324532950286
1385923200000,3062.4840248448786,1283.455373136885,528.37156296846,227.24338227549123,638.3892099424446
1385923800000,2793.842068000633,1091.1120382836384,471.2005541372608,204.03279342631765,745.8542290947715
1385924400000,2688.789205211919,992.0013849812706,340.66385556251066,211.42455145394894,942.3247225470217
1385925000000,2419.484932026589,1314.251694652277,312.37476438914695,283.50410737345493,757.5366317520084
1385925600000,2307.366335048505,2095.4340476741786,336.3181458520968,207.95278778739703,720.308036321883
1385926200000,2447.1051205116814,1007.1676547136435,348.3112816211398,202.6966703929761,791.881570711548
1385926800000,1645.2168645465006,807.5451355961665,327.93267188777423,192.2288891296822,922.0918179074137
1385927400000,1260.508696993931,670.6377497079535,268.17002462789196,172.77760659481885,820.0745296965866
1385928000000,1215.487506781986,829.6748639309845,320.20523360543314,163.96164265341935,768.3914830279443
1385928600000,1061.1358692718366,748.1517570336206,304.27136807378577,205.72147189023678,886.2992051056473
1385929200000,949.0074597567265,712.8547403491995,276.78626711882066,227.03050526193488,687.5434602252479
1385929800000,911.323877394795,591.8547674073048,332.9321531318403,175.53014893656876,837.3203874593811
1385930400000,898.1840097330487,651.8094971110643,379.96784809811214,196.10427494246318,899.1303787995221
1385931000000,981.8722342817575,717.7659078466747,243.8451014641804,209.17547085208463,956.2309299054366
1385931600000,945.1990456468787,691.8443500945511,251.68506900937479,216.03871523163815,754.0620107347888
1385932200000,792.8953129273228,607.1519047363324,368.54570828146313,203.17511004846608,764.1113305453105
1385932800000,570.9442288902467,740.2138211853944,304.6980616034524,196.69794047507705,713.3108669663703
1385933400000,561.5429268567698,670.2987521634503,325.042260440081,197.6368132883057,754.6983263957238
1385934000000,519.2288259179933,558.5888721731496,353.9855962773986,204.82221612660663,663.668272972089
1385934600000,474.32497598608734,450.1156318200351,333.3722341205485,220.3825620839603,649.4897769669044
1385935200000,384.31609234666956,437.99815848949714,303.10534533492586,193.73059405158835,656.3386025678691
1385935800000,370.14079354868244,543.2643111660349,342.2882748543478,238.63829545226832,725.0317428171606
1385936400000,336.4926038696601,424.91497783036726,246.66363361091985,203.96919709350547,598.1930405509825
1385937000000,269.07554096955846,362.0933515959125,230.24971499942365,181.17142268820635,667.2205047102319
1385937600000,296.00572188947103,338.81711321813384,192.8359962599631,153.5972312668049,505.0336638949088
1385938200000,399.03723294655447,363.17126525411066,186.68389317645506,149.8280962082228,567.1992848908694
1385938800000,340.3521979103708,384.0416608618097,227.3304199256457,185.4269544517984,584.1498185824062
1385939400000,308.7759856543169,430.2089365652555,210.64000031137607,168.63854652985682,465.0405199513152
1385940000000,221.50871631144253,380.0506396460637,165.00734823834057,150.45344521092295,522.7701413971557
1385940600000,251.605486549084,325.69838538309205,166.409961328596,166.51602106507508,475.812201517603
1385941200000,205.0884336054517,328.3304435585104,184.65732234478946,179.19074567914623,392.986347754297
1385941800000,202.4937056820738,306.6827998658303,149.06814989202485,170.27306847334128,474.80902580350534
1385942400000,231.480918495779,311.0390685605267,179.4089701684117,226.3461132394456,375.6451631543218
1385943000000,221.38287678806495,303.44198917296364,187.13348943344772,186.126317877396,344.20231628273575
1385943600000,204.89632664974275,273.1414068132749,130.5380475338977,149.85027959380034,384.2299645692556
1385944200000,535.2749630142162,307.13652281651304,146.25874749618427,135.127364737551,336.6126010519217
1385944800000,200.9124151789887,280.0684774429138,163.37064181430935,155.06236361424806,308.0171256334572
1385945400000,180.57335875400025,270.10844354167375,133.63003330630673,133.81116981360583,306.4579187733441
1385946000000,211.13846916870054,234.25242994147845,146.01298220045098,107.25745220730013,277.96183987538404
1385946600000,201.15080139452678,241.68855469749394,170.9229714860509,127.5527925164125,300.71145957066824
1385947200000,202.7221942072394,239.01575166839544,133.65117403859264,124.81032908556138,278.2159302664494
1385947800000,226.46265025766678,218.1548356218705,144.49143928581893,104.28728336254052,284.4583815982583
1385948400000,199.27041502487575,231.1303868914213,154.81534881573086,115.86658050526412,312.8804241051416
1385949000000,195.97969653100026,254.25456745265467,129.67097850310782,112.6216503399849,254.50907659312364
1385949600000,202.04626630227298,248.51287518674334,126.93803590126294,108.95263348539623,275.34727485743605
1385950200000,154.94590358311928,265.3261568093746,144.76835642810454,117.27098347205413,238.26601740882705
1385950800000,163.49115416699794,228.4613970589069,123.52691375658976,110.92824864878926,237.94709765720316
1385951400000,177.31083682810825,248.52833014632583,121.7952075349103,100.65687010476968,230.3117473591125
1385952000000,154.72840045104988,242.2973158460117,142.24501565809132,116.03664220023772,238.97491284026063
1385952600000,169.52745252881152,219.16484727956896,131.5939712911976,110.76121935278684,227.1659012320292
1385953200000,187.54831665425732,261.74349248514807,122.50355576413347,104.80083767022454,225.78304492936883
1385953800000,156.68322863442702,211.0591955633195,144.64593376173414,97.84694527954055,234.5758334352492
1385954400000,181.74801481263086,185.23539027782897,132.4112871407789,100.2895725499794,213.93239538471073
1385955000000,185.822243265419,256.09351565390904,127.68635532743556,102.29715037974722,220.52394638105903
1385955600000,160.51767823234218,255.08510422697017,143.1166889853437,97.51211610461782,241.5607687060405
1385956200000,178.78167136088234,281.534408420062,129.69201643867754,104.6341960221896,213.0587451078904
1385956800000,210.21097528212474,272.7563050352445,123.3443317963157,92.87344973143836,217.9575428004903
1385957400000,194.33066574051557,243.04902469548705,141.0678108140271,106.84103748692007,244.80575452128755
1385958000000,169.6316305431225,265.15434748959535,126.28409161222261,101.0418735258608,213.8276783966179
1385958600000,187.8756583268778,265.4561696349521,122.475512553825,103.61010930753004,217.71458429336369
1385959200000,159.58318100780048,233.849283960045,129.71195539930966,105.47568821544044,233.93222261675112
1385959800000,168.12525477663334,226.10066929984555,115.38601088429344,112.55177423718848,225.84411243508708
1385960400000,191.0689129682141,226.66779811971057,141.4826437785778,105.91828136569742,222.5002806199903
1385961000000,219.70439547615524,315.76132448918867,135.38569569740162,116.77807328282849,236.38733911684685
1385961600000,201.6543856424669,273.5115785680801,119.1323641179586,123.13319245516504,256.4954122349877
1385962200000,217.6169600404161,297.7383304494669,152.777645360168,111.32842522276214,260.6568763163805
1385962800000,204.95774378757713,340.32355814776,149.8625607996438,124.90892202312466,272.1716801943062
1385963400000,266.2513231711568,292.4817215952646,176.8152893861818,130.91242760449143,262.82735951694957
1385964000000,297.52443400687514,372.82786047872634,251.415307029699,132.19935769609643,254.39362224198743
1385964600000,267.8875089044586,616.0202373282958,259.6060051887532,135.47392226993495,319.3351804676955
1385965200000,246.33966440084228,402.74530299294,279.4625412754618,182.7387026177168,321.5720375015174
1385965800000,316.212056339,463.9156036283129,297.28763732939314,188.15184856161378,419.96614420933577
1385966400000,315.5941278578161,504.0395030914334,440.92659483616825,199.15811300763912,386.18558275813024
1385967000000,366.28164910146967,599.6000026609506,457.1102506353259,244.48689470959079,367.1584859191811
1385967600000,368.91585727907943,671.7100290772593,650.7772521859629,227.9880435555184,414.6158026471074
1385968200000,394.88347948109515,760.930026317958,748.7331671925026,272.72373181951303,444.03647321658366
1385968800000,708.5135426636856,793.2172299695069,715.3307227870746,315.08776796126455,539.5392381800725
1385969400000,519.4010683191286,1026.312402735662,1054.0813583175734,336.3371636685957,555.5108768019608
1385970000000,522.5522546488402,1179.7662034289972,1251.4575874431393,398.53659701470815,564.6420276093374
1385970600000,684.3934256099221,1547.9355053518063,1464.6054741619541,364.83641780843345,647.2709220879276
1385971200000,823.4381204701273,1422.0637688918614,1800.6145355361168,421.0150037510638,507.6698737788716
1385971800000,761.4890839466572,1381.7153379587685,2060.305729822238,443.2384359938268,517.3198374941256
1385972400000,988.5683986983802,1417.202434673553,1993.9301285872316,439.64210241198765,571.1997332657962
1385973000000,888.393551672839,1381.9948794708566,2257.455545203478,438.2051427727418,548.8248074809004
1385973600000,1006.0942816410185,1842.0695846600524,2252.5237275057657,487.937427251593,502.20672453898396
1385974200000,999.1835462048124,1551.5402144588047,2290.0824792335825,449.33503403796266,465.7341433487815
1385974800000,1022.8460282647777,1802.1835894227968,2511.5493113458897,453.15924618441375,503.8505577293233
1385975400000,1306.6622592203937,2049.94664268903,2439.7663360433367,471.8304507601381,541.1716490432857
1385976000000,1421.2862111916158,2084.498465065515,2441.8802814450946,656.919875731329,466.93649480379145
1385976600000,1444.8519518143812,2125.7090971665984,2609.836775256012,564.7465140780666,447.1613735819042
1385977200000,1471.449169645098,2117.088902351768,2574.2575482389093,532.181814933336,524.0006134682322
1385977800000,1785.324094237835,1802.5910718953382,2719.0678547963025,535.7448474300417,432.90749072826986
1385978400000,1933.3661050135295,2110.0071479138173,2826.952343409506,549.9358575698129,497.1018374883388
1385979000000,1885.5308424953187,2032.6202530980204,2677.818052198445,559.7287427987658,603.182519841919
1385979600000,2191.3334002823135,1891.5529162215498,2823.446149037909,609.6029995494684,454.7113486091928
1385980200000,2116.67907637642,1998.176884706972,2619.9761199085074,578.4940711491992,460.2731725495285
1385980800000,2134.008783844897,2111.060705275622,2714.272414120371,599.9299862473273,456.39204121315953
1385981400000,2389.655808153039,1960.8480756071174,2715.9028792503514,671.0656629546419,467.4369717674097
1385982000000,2525.4783530270433,2056.702930535564,2765.1767256460553,656.9861703958027,465.1011820412107
1385982600000,2647.0688530224033,2278.933447824417,2923.1428785092635,710.6117012795589,490.0344109817702
1385983200000,2351.240108134861,2609.9366347327887,2817.8657231649795,708.9384909989599,481.13690224267026
1385983800000,2261.56457334402,2447.294075882344,3004.6610513479795,660.9856676995028,494.7101305841968
1385984400000,2423.77353997298,2524.7773768696256,3098.1510462455753,688.6142384667786,487.3640859451118
1385985000000,2855.6194682646365,2466.1435294574076,3503.2409916383435,680.7474460295132,475.7742897396318
1385985600000,2989.2417330471244,2493.476937929136,3262.3100979372593,655.5239064990128,592.6548588824405
1385986200000,2730.2317313321237,2795.85684582134,3500.938532126367,709.8265586756844,643.5078213093515
1385986800000,3374.0799429507692,2484.750093060396,3328.420555563322,664.4301029651887,843.5884168113316
1385987400000,3126.023221793519,2655.965994853011,3383.5588015472076,719.6818366587551,948.5296631119671
1385988000000,3150.429098345902,2970.1301794054843,3193.240212730408,636.6594253361615,729.454071132659
1385988600000,3147.5641670246946,2801.2347812393637,1729.671784764988,616.2482135364678,524.4257436845007
1385989200000,3160.8751454453713,2649.4328795609595,1712.5196451116622,748.9643729808749,553.4450737335112
1385989800000,3055.9839623718794,2769.669487075551,1493.035356141987,769.1596620645876,685.382828918295
1385990400000,3177.0696067212325,2701.9330612861545,1359.3740354577296,678.7329609788272,617.7441873181119
1385991000000,2834.2798851571943,2758.6945019097416,1307.6548742812358,638.3194361547023,596.5945941714447
1385991600000,2883.3210821444422,2902.5859494801607,1319.9746552245279,695.2149256342577,563.6129855174077
1385992200000,3082.406563783991,2201.3508674800087,1301.933552480355,618.3581347531897,551.2762119627099
1385992800000,2739.391783567843,2546.326439126074,2195.288204276528,601.6251878953824,599.7424659845301
1385993400000,2713.3215475853044,2637.1366711457626,2440.058637677726,597.5666631719995,546.5368616283737
1385994000000,2862.0325603960146,3362.139545359436,2020.0517304156479,647.6607718186808,560.8210544336366
1385994600000,3236.377694593699,3236.983266737271,2093.755490848722,560.051518509692,551.7504226968616
1385995200000,3186.318462117043,2560.5669738707197,2303.210801743183,559.7696332217314,566.1840473174015
1385995800000,2554.927147622026,2980.867926551952,2406.1092013463413,597.0346150318965,541.7174305298931
1385996400000,2654.8917708455424,2997.046317456434,2319.875741621133,744.8371087090325,552.6136900304343
1385997000000,2511.279711170376,2764.49047775281,2692.406476153058,683.3885085962831,556.1246795126347
1385997600000,3002.98289189207,2288.276227523644,2642.765569643072,601.928603728507,483.1349344291817
1385998200000,3219.6089976908847,2557.927521996669,2694.7712861562804,590.6290473938883,483.42305003528867
1385998800000,2495.268065756626,2309.273353889243,2501.7590482710543,553.6330127253497,549.1526264346744
1385999400000,2935.65257620952,2405.1242677742334,2624.54071514318,589.2117722855235,539.3271575304097
1386000000000,2606.371769906067,2434.8905996050544,2462.090198326503,534.3280134088392,665.0443586767949
1386000600000,2835.717687474583,2261.5253016055262,2477.161902194199,627.3930818351325,619.2735459691855
1386001200000,2587.746415621612,2565.908190877231,2387.5413414582936,557.8380296758644,716.5795796602854
1386001800000,2234.859092245724,2527.1971449894268,2601.789459049688,524.4889907940086,591.4335970870088
1386002400000,2355.7152214438834,2845.5746388561406,2384.514080151237,562.2864701203554,508.06912904155774
1386003000000,2238.622354980948,2295.505864173723,2199.6078116103445,604.8414489087852,573.6875657843642
1386003600000,2321.2131843011603,2162.7140439180384,2387.1096384491066,534.5170051410661,561.576406425396
1386004200000,2224.6706821889447,2108.802369077246,2454.625338706852,510.1495488444371,516.5571567340714
1386004800000,2108.6780453872225,1864.1138699864143,2069.2065472073305,535.5038733744847,655.346871896817
1386005400000,1945.9894876012363,1828.4934984793942,2113.007334320798,585.7932878974221,619.5175839612906
1386006000000,2111.273191172157,1542.7784549852722,2402.0353628183398,479.8268251830788,573.2218759570591
1386006600000,2089.296425163306,1591.3460427672821,2250.2096851695464,485.9152793670559,530.9942636611914
1386007200000,2513.3248965147855,1593.6428764711684,1818.7472267274115,480.2466908887335,605.4012847832416
1386007800000,2355.814234163699,1420.4373278153778,1737.514453328036,533.730648912797,591.0272059117606
1386008400000,1915.009001058757,1503.9687454974458,1759.6685139947972,491.556774028603,765.0877664664347
1386009000000,1778.1640127573426,1292.4634211575453,1624.8409323549706,471.67093065034936,646.5401249582537
1386009600000,1799.4078236267276,1467.5247764493663,1588.3358252893333,509.48129310663234,661.6508849282326
1386010200000,1932.2006107054674,1287.0317786981968,1391.1945134430018,409.32401313550923,729.0771011941811
1386010800000,2196.96043701111,1238.1899298107908,1327.2354641547092,388.68173542687475,689.2600400807723
1386011400000,1356.224684265192,1112.4545958860808,1267.111041309359,359.5261322341785,660.6281224854956
1386012000000,1250.9941590769301,1095.1331346626066,1101.933887477488,338.02062224983007,766.2281443158029
1386012600000,1466.1051754144462,1115.0056145722754,1209.2140812052974,349.19813024906483,759.5120197899164
1386013200000,889.4821288656408,972.7420873753123,1093.3286679300622,399.4779125010678,710.4731262707943
1386013800000,892.608778499992,1209.1277202770477,820.318025421289,361.50561762187954,842.821568780499
1386014400000,910.8430773822607,990.5354272432306,849.8635470341837,378.4649184813625,956.155777173408
1386015000000,790.4095950412793,1010.9289258319903,882.1894588653747,345.1926702879599,807.9761897134301
1386015600000,864.5334584254044,868.0864708655643,899.5014977677981,296.603645414598,706.7720218137794
1386016200000,848.9668253687163,826.1647441482942,778.6140340513655,289.06159122062957,665.7175272611448
1386016800000,832.1740811793992,950.5125001698275,728.7298196436185,326.5705422171901,729.8662855452496
1386017400000,1342.0595416679423,690.8443604117949,699.8494145931229,350.80900361338894,729.1929869221864
1386018000000,897.7817689176669,1165.486278897757,728.3374050695938,396.9780454858559,700.8082319606727
1386018600000,1356.4683096378435,881.4897714321398,649.6051920056486,291.78691717984816,696.9309633117255
1386019200000,922.650380054628,688.671519816846,603.9773410950014,275.6988761703785,707.1746260992061
1386019800000,854.0366652650199,855.1790085084841,582.7418301463898,286.1651627482636,595.5561695784448
1386020400000,873.4137782338353,1070.65706667862,535.8459050600077,259.14469785103324,643.5934902684677
1386021000000,740.3714931657825,661.7583843080217,589.0942372013598,276.0075126166308,716.2638376320002
1386021600000,603.1518186928491,632.9861789559595,549.4642911178901,237.77520031643843,910.419170715696
1386022200000,500.59137890795853,589.3232707848227,490.23994969380607,314.1833756587683,610.7532206546032
1386022800000,508.9283259628485,517.745584171933,517.7146330716201,268.6489046465045,721.6600840743114
1386023400000,403.28627029566553,571.4348890439067,469.5250411216256,299.18357730637797,586.8554965755598
1386024000000,750.7112029772094,648.5075392029108,432.7462411707246,293.7137882388164,558.4702733812036
1386024600000,821.5272408074408,472.32691419800983,442.956040134218,280.7860916275481,592.0146198026025
1386025200000,531.1507507294301,575.9582549049788,429.9463916355121,316.5438977097311,676.3683116197958
1386025800000,423.0461268376473,734.8813470574389,676.0826458109528,217.83496364508386,656.540696880948
1386026400000,296.70844557168436,473.05657346602317,414.0088547011637,215.81837217546885,553.1535321475162
1386027000000,287.3748440282682,478.82144113066255,491.8502253007716,219.606074453819,444.1807234124154
1386027600000,228.57809945891975,428.55847747409047,435.8880579594106,193.36432019795768,357.4495399561037
1386028200000,243.6362901395085,340.3155561592517,346.9057734934353,168.24109407409918,381.0373204426316
1386028800000,223.97571556132505,425.09270411624567,439.7375107585332,196.48418216428607,429.82700292606893
1386029400000,220.75409815638653,496.8247837098171,372.2835656458812,435.0451066996211,425.4480911361126
1386030000000,230.69291921960084,356.61335561937983,338.6372717692023,132.97860083465295,361.1894395750939
1386030600000,187.7679298010175,348.7948769609493,389.0912641194626,199.5414593819447,336.61362096500727
1386031200000,183.68116189944047,361.7976856716249,316.90458274487565,211.36337662771902,300.2379467810648
1386031800000,169.72164462193575,283.4646093907347,327.6236184353121,131.4679293582368,319.0049858128391
1386032400000,168.19630349627104,321.0544920657282,363.0009077529505,159.81835783741397,320.6586004297442
1386033000000,164.04198558791907,308.42301933270653,302.53344239702847,168.71230453961152,277.4397885126864
1386033600000,152.9488600920575,273.95214909569273,327.46164326334554,128.91787409929051,281.11039665255225
1386034200000,159.50237981698845,315.14792812180656,344.43158809678096,150.77406173131203,273.495651836598
1386034800000,171.00485246967884,284.38139630152784,298.3079276334231,153.53881293866843,291.31525129747706
1386035400000,157.42801814034158,271.3524433686971,313.4445755128646,135.14256805277438,328.5786208833349
1386036000000,163.9536282011475,291.1006995966798,311.1314230271203,152.25040469506317,250.42180930728193
1386036600000,158.31671783482722,281.2732322107962,289.47134558305885,149.75507373708064,261.72779046115795
1386037200000,148.45809126449032,254.11367427928477,309.4025347258073,141.09355482949422,286.5015210473112
1386037800000,161.80656300974007,287.1030236788115,308.6661565421003,152.3418221794364,253.9370993439853
1386038400000,162.5193512438151,303.2140621632702,289.69193516280234,151.40546966483282,281.53623895353826
1386039000000,153.4574801279322,257.0707709657478,307.30735961709337,130.56188587333813,315.4297912026816
1386039600000,156.19359665786914,265.9694297427424,289.596981132551,136.15820651737965,271.7903837402795
1386040200000,135.90961889503345,273.60721726870236,278.6896589018587,141.74818322860975,270.39890894331756
1386040800000,137.12365307843416,272.82833477925107,302.58100197110895,132.48311758302137,270.22596698049824
1386041400000,138.60713121713164,299.316408017656,286.1429980361073,145.4684738423366,238.14280407200064
1386042000000,146.222568608534,262.5810798211378,261.130253599602,141.74104648977297,258.0347994096288
1386042600000,148.7211198202175,274.77330574709254,292.61483734869734,128.75152993538174,264.956204781092
1386043200000,143.88951391034038,276.16540535328596,302.2559742342239,150.76547674019372,244.65899534053375
1386043800000,149.30547757937265,277.9152090085016,268.9937456190599,139.15691100389424,228.45295272921223
1386044400000,150.7195430401866,293.9143046933995,313.56760334574693,134.11799354891292,274.01657712300494
1386045000000,149.6662225841478,287.68703930507826,303.8837684393373,148.1897010507971,259.58954531076466
1386045600000,144.32410340409734,298.46199320699054,257.3002486950457,143.1275250437144,248.98565537952095
1386046200000,162.4216327429125,267.51877423301187,309.5739233431436,123.89202823255688,259.5676533478632
1386046800000,163.18378068359803,326.8739604425759,328.4036547347444,144.18355927238133,261.20280847200814
1386047400000,151.66378891168836,310.97390374421815,293.92822837242994,145.8747214976043,258.0001856583707
1386048000000,159.12652400306322,324.02730909836157,306.03109968547784,132.4535829770246,277.61469218489975
1386048600000,170.38792941817675,310.94960818239605,339.53903975536656,153.32873498447645,276.32503087021314
1386049200000,181.11381929883592,356.89797581620365,300.9593158030216,137.651860951066,272.7107344291858
1386049800000,169.35755208435975,347.96944599218887,447.16512712315375,159.65229472101575,285.2462794685616
1386050400000,202.10402985462355,447.4210249243872,450.88346331081846,166.04689582714306,298.71824600805604
1386051000000,286.9650798855961,427.34367778204336,401.0634635501585,159.5133817305521,312.55774458421547
1386051600000,291.5373592562661,440.0319878613829,528.668816632802,175.05613873863905,450.50055691291493
1386052200000,248.64345034505575,573.4680862898191,488.58314556854566,196.17946544982436,377.4236862497677
1386052800000,373.2563378615937,518.2446566181688,501.6211721460764,212.6634392710236,371.115775760495
1386053400000,273.264872881131,625.9777455642063,846.7090321747511,320.75830089386574,449.2761194796824
1386054000000,362.5332977408124,780.8520621824397,899.2660111975922,235.12952377205502,467.69232151860547
1386054600000,444.0891772684182,970.4041624618609,805.1163845722631,286.402551924489,566.4902788915156
1386055200000,472.0584133524537,1260.9422668012278,1066.777239404109,344.2517759355684,559.1425066594577
1386055800000,604.1492818279094,1186.3171499721484,1470.6518969828257,309.8945582255531,469.93687796622476
1386056400000,628.8840142740472,1180.8185555258046,1545.1667176893502,490.77066248782205,573.1862163316692
1386057000000,803.578292070249,1176.58917641737,1667.0693548700904,352.61449007063976,474.502991489839
1386057600000,890.453812716407,1419.7014477852424,2116.137452394602,406.2016955045384,492.43411214761215
1386058200000,888.0615877454991,1302.9829544441739,2133.5591691564423,463.38541159870215,487.78956084583683
1386058800000,1042.3813005137968,1560.310582274771,2300.0272854306363,466.1993037768626,515.7948802301364
1386059400000,1053.9782941100307,1750.3187862715147,2545.3025320072547,470.0333884184843,527.311729264857
1386060000000,1096.5905424915168,1628.9280717674599,2528.658227158829,458.66304820183984,506.56574617664796
1386060600000,1070.5964358825602,1914.1449927154426,2558.4308031490177,450.7875413001002,512.0369253746204
1386061200000,1263.389358736732,1843.5961897742532,2685.0417261595594,510.2690862476891,542.8939070312055
1386061800000,1317.5451281660664,1635.8886277924792,2749.700653628613,548.1167895046642,472.7099821569749
1386062400000,1397.686212864121,1825.369375330491,2702.2765691446134,603.3189069002392,516.6985391204705
1386063000000,1662.504280689665,1724.1136229914518,2930.88973313553,621.8949195823494,481.7299293312794
1386063600000,1319.7860250069466,2587.71322535836,2925.2900658755498,648.099587359877,515.8276926764748
1386064200000,1740.6881738818267,2053.9847648885147,2765.7035199729016,641.0951419973685,495.769264736926
1386064800000,2092.92949415688,2824.557049066848,3055.576543064599,597.3930017273627,529.5620472923877
1386065400000,1841.3532464210325,2145.4880036693066,2954.9756398909312,619.3238197836416,492.91983190141764
1386066000000,2105.424975339115,2098.961570515542,2940.571986794425,598.937083624437,526.178916385973
1386066600000,1948.4069487384634,2302.385407533758,3082.6578938247944,628.1852836245168,589.7439445495257
1386067200000,1920.0381981085418,2413.6640884581984,3159.6436883640195,679.8736573792653,567.2823570130627
1386067800000,2187.8323275170114,2148.903401060134,2953.1324313987097,642.4263409761223,574.2589447619471
1386068400000,2098.748135853954,2621.332910719453,3140.1614632356172,743.2531078281244,529.7914982144931
1386069000000,2226.1854835117997,3186.830928305086,3104.020820773854,741.561555309234,513.3515794184739
1386069600000,2345.6701425953142,2591.610827437448,3598.9957770005744,685.1892571831077,541.9325057825007
1386070200000,2366.1450239861656,2541.9007740459224,3298.4976500137223,712.2830346091793,577.8137907223087
1386070800000,2190.788468586997,2699.4334597932743,3327.885011879252,610.029731262225,521.8048698112285
1386071400000,2512.2411158892573,2581.9591069253124,3623.3217658478584,613.572199651538,519.7385020820702
1386072000000,2525.1827776932414,2699.4491666069334,3570.810281853533,651.8752416494815,629.7866805901459
1386072600000,2630.60738363516,2585.7566997162903,3495.815641983423,593.869342146207,540.4653905499902
1386073200000,2840.7000381443495,2826.8851758853525,3542.549619856973,643.139998389881,547.0524903227001
1386073800000,2638.463135529017,2832.348901471128,3832.681671465011,549.4341405988074,594.5661556054383
1386074400000,3273.347326418102,2850.4906623464813,3745.865230632384,608.3331729994603,648.7159144863574
1386075000000,3194.209366533618,2945.6764838583313,3481.7038939612235,605.6775740055446,658.5067566587832
1386075600000,3222.6140508758476,3225.1350602120942,3551.3143083652844,696.7507585374491,601.4137088658069
1386076200000,3281.8477211697714,3208.7487261385845,3616.2997472671923,781.3593482125689,616.1295781043257
1386076800000,3309.4638326994946,3328.738301323264,3229.33483670281,631.3600991835799,671.1895930883634
1386077400000,3174.5302791129593,3388.426541307749,3425.7391110510316,634.4655166122136,613.7347562937492
1386078000000,2733.377394505953,3639.836253953549,3227.216320033068,568.6700388804627,634.1880652294194
1386078600000,2602.7636061487324,2730.730418629849,3299.6433112325954,554.9848166603166,611.7795650770285
1386079200000,2728.2039071491504,3113.271349466128,3247.609134562589,644.7504590162931,783.2845959432585
1386079800000,2941.1351004089497,2968.2935305664455,3093.812835689705,617.8493154190076,695.9117265218692
1386080400000,2709.0769654506876,2670.108368333905,3357.7267130467,529.1877456168362,840.7286650090683
1386081000000,3048.8478696866496,2662.5919987733123,3030.5267128361675,548.9962602610253,734.1617979139669
1386081600000,3275.0363831047866,2506.5897413516022,3151.1970239459115,534.4524924030227,654.3301287921665
1386082200000,3606.4383624084962,2515.4654405545384,3101.615865169543,529.4445820762172,591.4001321279609
1386082800000,3022.6933117196886,2668.6714273984444,3009.8066595053,643.3529151132099,621.627931717111
1386083400000,2917.359942171222,2643.861968482624,3050.454513822474,669.9858235234873,549.7100068784742
1386084000000,2735.9402865647176,2702.631790881354,3018.5422230874715,629.1365615174881,584.1136473779884
1386084600000,2976.3715729921737,2418.0609000653403,2994.0948750734924,622.1053658726373,528.203866155072
1386085200000,2836.7158938296993,2650.2839891527365,3176.208473361658,599.9778163525759,499.7900714971026
1386085800000,2579.403352646079,2362.133300005545,3094.2611123809597,554.1569080911543,571.2574420134351
1386086400000,2680.86879475406,2469.0208279489993,2931.026839395815,590.6898009669427,558.926428878945
1386087000000,2851.8282418119475,2478.122227555282,2918.5854222746702,629.9923796699102,599.720203376241
1386087600000,2872.791425194218,3054.608796548973,3131.95455888273,576.9648487843747,584.4962813088075
1386088200000,2700.5932421625143,2411.55475676565,2825.2777597294553,691.2567142247837,551.5376299625966
1386088800000,2781.1250178437203,2483.259151582495,2736.9489171488544,651.7578367851585,552.0932925487625
1386089400000,2369.3095996857805,2462.244340749511,2790.449706099951,626.5308972182039,588.8505710150997
1386090000000,2549.7516306235734,2127.067007525872,2743.213341151639,665.1877846487715,621.7684525093607
1386090600000,2605.752850092087,2149.295098023193,2815.951413534839,578.4264167122332,611.2401802978615
1386091200000,2654.1638217864715,2379.4177842427334,2621.387129059962,498.62058131513277,631.0294701933447
1386091800000,2303.6338360000127,2093.80458280427,2212.952411709958,485.74945448555985,706.489456386967
1386092400000,2802.277467528693,1827.8569795483784,2218.9577018136733,503.07296646829366,727.9219054036341
1386093000000,2112.4529000488924,1774.915339274111,2045.180455502416,450.8830749721366,672.1636023123779
1386093600000,2017.6013074990387,2051.44912639543,1926.6759549524593,441.0633323050747,615.8513034965623
1386094200000,2019.071518037425,1662.7366852793086,1831.4669439684965,466.11810222422986,628.4378668878227
1386094800000,1929.778884294389,1797.645284468746,1783.4324739400934,455.6144563062675,711.1552276680262
1386095400000,2462.632472210262,1864.2700013290998,1605.5831965223608,434.71946671812617,685.5028710219208
1386096000000,1922.7188935366357,1651.5114855575907,1505.6301279397405,409.7353664020219,668.9289658296469
1386096600000,1729.2878906268165,1557.7547092679063,1524.7525639683183,393.1061886175725,670.6686905178759
1386097200000,1613.2830844216473,1408.7049428635191,1337.1626265634109,498.31717252661355,654.1907732513578
1386097800000,1477.8596171322927,1289.0338412360195,1280.2481015172036,349.1187826092574,838.7701551353683
1386098400000,1430.9048382972403,1359.289314435484,1276.339836259977,435.7941475482287,674.6004922765461
1386099000000,1211.04582443193,1308.3857500877575,1234.5499402748069,333.51160022542973,724.2051007809097
1386099600000,1408.6766785885916,1397.0898762754794,1116.1289990953414,411.8718548506324,746.549235400869
1386100200000,1374.4968768053375,1136.7056824376111,1144.2611397040023,308.504991730469,794.9030503048793
1386100800000,1065.593150467023,1130.1480480467517,1039.2844512075712,338.0996459444388,896.1313298687547
1386101400000,889.8820955161937,1239.3924839438419,927.0120278525575,416.7743197299152,872.9767192919192
1386102000000,884.2204733984059,1023.7841706991576,1024.4730456169639,299.6484855713364,779.6677633966747
1386102600000,1352.9219869530264,1035.2883546424657,982.999704477535,281.02846759876235,826.8459601483953
1386103200000,863.1427828729993,1074.0956694782396,1056.2812447649906,343.86983290964736,764.5459582352846
1386103800000,896.8460163932533,1644.1157417192921,911.651557361722,360.1004824838104,753.8346439109896
1386104400000,670.9886560948493,775.1741975881462,954.209104636918,264.1339896559885,787.7513486427534
1386105000000,696.3208408816596,968.9261625316935,818.5220681851582,397.8128980321,756.1962360384125
1386105600000,527.7706028096889,633.7677484023761,806.1623388294771,298.33461812740177,692.680609201692
1386106200000,563.3053587665698,700.0318035315369,777.7880797332815,264.4812040131111,702.0828553578131
1386106800000,590.6568184092265,647.911324958185,735.4723656673932,264.4119649704921,725.5315619373306
1386107400000,454.2610855239747,580.6573622933288,844.479217188242,229.34863875223485,662.1838611790823
1386108000000,617.4254876871582,540.5913306165904,727.2943315107188,237.9215122040584,669.3416788408
1386108600000,611.8600621255425,624.0951915127343,670.8890768620214,285.4382038701878,703.2194681072142
1386109200000,782.9524113050416,495.5308513676667,665.4712992538254,270.82251695321776,689.7424379323569
1386109800000,419.97679781960045,502.41563974984143,702.849743133894,242.01725005551393,644.3198264391642
1386110400000,401.69374643461794,528.9846992398651,698.9071420812924,254.85563843369258,701.0611322988393
1386111000000,384.6070189961571,495.87311649693,720.7950981572442,244.2567196527196,649.9610809501121
1386111600000,315.1167209283025,510.6392826667145,655.4075490554378,304.5751606102502,610.5289557566579
1386112200000,299.8263865361031,485.91836102669936,552.8918464587633,237.00829227906416,596.7847601422866
1386112800000,685.2483332467975,454.83256588183974,602.2676740829463,204.3179489836842,613.7345829086943
1386113400000,550.7162885428336,430.48442428795903,552.1585170821166,195.63022762875096,545.3599808707116
1386114000000,713.4805765641378,438.48532488098954,446.6623408413118,170.97964392454458,544.6658795050643
1386114600000,336.20592122337507,379.85130564918336,515.6479949926301,167.55525775558763,549.4688865322407
1386115200000,442.1525637307943,349.6326067274185,483.3979526356516,172.43432574075493,488.8520590873843
1386115800000,370.1621927563055,357.0066697374117,396.7799237506868,168.74342288707237,408.4675715469815
1386116400000,244.3250084233221,344.9488683381104,457.8904581181151,159.0850301101349,379.08248364570636
1386117000000,191.7247308794447,383.4329699386217,429.2831416768858,159.64835208944373,380.02872342836406
1386117600000,215.80613797219587,393.9548191060071,395.90472066502946,153.81838720757392,391.6026699585874
1386118200000,202.16224137725558,334.2240408505283,452.5312409391008,176.45369005949442,374.67055890383733
1386118800000,218.0831996130951,351.7838062673217,417.1168409195004,217.05375384404599,325.5916813293147
1386119400000,218.8446324568278,369.3760394155901,467.711119912738,268.0908310086454,340.34270950900736
1386120000000,191.6457522231607,294.00201412722464,392.7371603377205,128.44200932048895,333.8831203825002
1386120600000,189.11784805573103,361.85164939432747,341.49190935328033,122.44192323018032,321.83884968093946
1386121200000,185.71936315910452,367.6417138681469,335.3405378863007,127.93912857062325,310.68226464595546
1386121800000,171.51567461599313,309.6023598221052,379.11523107814173,117.50881687281056,291.26889116501746
1386122400000,170.76665706398904,301.20594956200193,336.29393057069984,114.39546371355128,292.21380761093667
1386123000000,177.37079767359864,280.6594076591562,317.35707402951374,123.8881089453624,287.20324486968263
1386123600000,169.98135414510702,245.7976140763976,362.9716333125917,121.12312227291581,282.9536352955099
1386124200000,162.99682586379774,300.02297132879823,322.7452502614504,121.24205015155376,245.23691728986205
1386124800000,175.6681609715116,310.3960803698083,327.6995358513005,126.32267337463044,258.86657763360137
1386125400000,154.80872289524766,292.5321235726016,364.3894083260166,113.65999648334362,260.90571995180426
1386126000000,169.41776627692855,344.59853846041074,350.6287691776291,118.85472443322658,233.90415183723843
1386126600000,172.11480765051252,309.76094047513976,340.20566580055134,114.10538513584044,237.9429672425134
1386127200000,164.8558440818312,242.7075222064245,349.6940115787323,102.93458475220237,224.52823148236152
1386127800000,173.33635977203102,299.18642959002545,328.4572999293931,109.40444517294611,203.21969490665788
1386128400000,175.84843217504167,285.8888668625618,322.3143157088896,107.14875560584228,230.0536642419122
1386129000000,180.6201858273284,254.41930595105097,335.88131615078123,105.84109959456657,251.91080236263997
1386129600000,178.1909600109169,292.92989662384355,317.5976623428221,110.96468381055516,224.76091761416063
1386130200000,190.6226720453161,266.71849803772994,323.1192683634571,106.5903617790272,250.29584846439712
1386130800000,167.1390841218821,250.09976922948772,358.8474384538204,112.06729052632086,254.43533389036097
1386131400000,173.7680841374885,317.8482274714806,323.6808744339933,120.98213158741525,224.10139638892457
1386132000000,186.76043008822955,269.34850757498793,328.60774160143615,116.84276869767156,247.1972912856164
1386132600000,187.79130344061855,258.09892693643064,415.41377375174454,111.9262564660026,275.5133898955347
1386133200000,175.29800604390644,301.93792054136185,354.20896888617045,120.85091451929634,237.35266378445476
1386133800000,172.4048015154446,268.99934202559876,358.1042848494348,132.3124119258828,256.5244020950045
1386134400000,205.76683645123657,302.821707340883,363.0405850496622,134.03978312266688,266.497930800842
1386135000000,204.07640319835977,345.6431010130686,322.52153588234125,131.56501552320327,253.5180102557732
1386135600000,239.1871125343771,330.4219993530879,350.2569775283352,140.3564083919206,254.05020070995857
1386136200000,256.620162199177,324.9870274272097,374.7657708839793,141.7258141241955,259.5154352077411
1386136800000,265.29198175842333,413.28934423008775,331.90453783504336,157.1831871597166,263.81365706695476
1386137400000,365.0139810393527,523.6122576520556,439.08623897895876,153.8239755161181,335.7119963365406
1386138000000,268.46711623526875,418.3847660295291,441.5057136203279,159.14231376821672,330.7643153865051
1386138600000,289.8874017528611,544.2286353509826,456.60291215145975,323.0830123766734,376.20462561088993
1386139200000,340.0102553387233,589.9936916602045,535.7627429863599,215.5094695562695,382.57458550340436
1386139800000,349.2680576142771,672.3381152185748,612.7049488429185,226.90240355973944,471.3334488496928
1386140400000,384.87341149965965,945.5397378767807,728.6471592013174,259.7837961417357,477.0845565364547
1386141000000,436.462088441395,924.2199167377607,823.5028949006211,309.24122759119837,448.2932078085062
1386141600000,470.32650143029844,845.1398011559654,1082.019676912041,292.0522739782523,489.4219554833428
1386142200000,512.6101178470639,990.0089329781715,1174.1304645587577,338.6136718492947,583.8608175066421
1386142800000,699.5740064790363,1139.7552043259632,1518.4163382062363,426.65782070097515,597.9057302123329
1386143400000,715.3642464088349,1103.0240360642867,1883.372042904948,380.6799816587137,645.5764282106257
1386144000000,899.8555232747384,1607.534629210134,1916.1006060447908,455.08629236067384,593.3669895235679
1386144600000,912.0770415433768,1601.1922293858063,1919.9611180669567,439.5247907860398,702.3468430741033
1386145200000,888.8550261894453,1570.9452012055365,2223.0245340231645,466.11559431840334,564.7646762854553
1386145800000,1105.5493349218036,1406.8370922421109,2302.42647789788,479.19333727097865,614.6030103053811
1386146400000,1021.6377892473935,1534.785258851399,2219.6133323328227,438.54740167327526,589.559022089199
1386147000000,1200.6267207694145,1549.5884573453068,2493.900147313005,447.0424736841471,536.8585063246583
1386147600000,1170.8547894376984,1766.5602830879725,2445.778089109973,452.257057715677,531.5742307673148
1386148200000,1395.8030841108707,1911.8010918194677,2463.9337792526258,531.0800554722373,562.4539898564584
1386148800000,1223.0399796491138,1940.9577163529286,2505.1721386639947,619.2531166487923,498.5055690859417
1386149400000,1810.3838263724188,2078.6310951584487,2621.0274025313374,580.6741148668052,444.5134910288019
1386150000000,1568.7786104359457,2187.1917440763114,2856.4693406625056,563.4512704247495,469.08087866969584
1386150600000,1887.9284748482921,2128.2605501627672,2886.442818868651,521.0529851440101,493.578530474016
1386151200000,1906.788037638845,2055.968694634342,2771.0696866639896,507.4184867791065,463.4160511941862
1386151800000,2049.84046099507,2225.4874787769045,2805.809674094351,507.7714835729805,509.2152793657648
1386152400000,2318.5846791606846,2276.440548844326,3019.042204859203,509.74371943307096,523.3717359840389
1386153000000,2005.3262934521263,2335.3592261285603,2823.3062695080084,499.57811062100774,441.3160651342521
1386153600000,2132.79754119455,2345.7690700941503,2766.0813827105694,530.8932029704965,529.7716145524131
1386154200000,2327.4879131440057,2413.0715146466905,2708.8482669240334,524.2317478682384,483.4018203205508
1386154800000,2322.2727308801577,2482.023981484057,2942.7475758323008,600.7224789141525,484.2064099895413
1386155400000,2267.8984389217762,2578.417316008837,2988.3410239787,643.5516218240714,594.9809636099403
1386156000000,2651.163239026857,2578.61372105379,3040.7045155545798,657.5387418809215,521.7760739665327
1386156600000,2603.462452922142,2564.4682548937935,2974.6034044430926,685.6499859089736,521.0542594862948
1386157200000,3082.239820461643,2765.5104501625224,3128.393349809947,608.5112722820172,545.1015303532505
1386157800000,2886.926236222599,2500.521496137713,3111.052861093669,564.317933729323,497.1008815518613
1386158400000,2660.7586552955863,2495.5288694164433,3235.619603633566,683.7202121362578,575.9884707869105
1386159000000,3673.4262895481857,3210.938729240296,3266.2659174282835,589.3627249379955,501.7014885234745
1386159600000,3661.945312476198,3036.5548053424995,3339.588643489062,560.0036239294159,502.57717422163563
1386160200000,3525.4113015471053,3041.6016970190403,3416.864114219669,615.1146813325217,488.6012950032551
1386160800000,3419.8749816676846,3044.9101108029845,3571.622470104217,543.9946072735681,542.1406998693489
1386161400000,3680.389677517563,2847.0829748207684,3385.92129993786,614.1289868089334,570.57816067462
1386162000000,3446.5016478418374,2837.2378556216418,3350.5928893063074,648.5736065759796,537.8489472699339
1386162600000,3085.777232839085,3054.7823321330866,3305.800241534769,687.7757003193283,530.5754824013474
1386163200000,2938.008273451153,2668.202398127176,3220.069517373752,590.4581513783548,517.7424684609261
1386163800000,2948.1829009599423,2563.031620064427,3147.3475841744357,580.8014666839807,477.203308914304
1386164400000,3020.1266737305295,2594.333253161516,3389.8335811714787,530.7970640653792,554.9450046574868
1386165000000,2963.693480605873,2589.4398689790155,2911.317405389323,571.4034752109648,535.0738716343358
1386165600000,3007.9730689165494,2487.0961436059815,3066.1260795509284,565.8558534065992,499.93702793830425
1386166200000,2837.85819690858,2468.957397617645,2802.807607079943,528.7656338545644,544.2026532308422
1386166800000,2579.039800934512,2423.537283942166,2827.3621294659174,560.2979158141301,526.4123741742676
1386167400000,3163.625278349463,2502.313963923926,2860.327692617607,579.9124892400228,557.9124420898572
1386168000000,3335.308001526253,2564.682818760311,3008.767334231224,563.5841171331998,526.3872708771804
1386168600000,3130.667341764501,2471.408571551004,3179.894345877114,583.4311651108978,481.0264139393271
1386169200000,2895.79541718114,2751.696018850787,2803.7195879980186,630.6864130460679,496.4444253965055
1386169800000,2874.861745325232,2470.679476031385,2973.0398160887917,608.6733202234175,525.8057799287444
1386170400000,2746.8210936032597,2883.796178891237,3142.1834214002547,563.8746286458322,505.3471136695124
1386171000000,2743.9918723832584,2490.8605313852713,3042.021873244692,532.3711947626559,491.28863380702273
1386171600000,2786.4695718804464,2499.2274944742435,2880.905367350815,551.2367919710238,578.6158540210814
1386172200000,2549.524737911787,2387.0371540379347,2998.4147168938102,560.8103135984312,686.5640470863183
1386172800000,2872.0139438393862,2558.1378434518824,2817.4559248779847,503.97952392029225,489.2177812433793
1386173400000,3096.2916699096904,2345.2403034286513,2861.073553415756,506.61836250303384,564.1363136255316
1386174000000,2845.4413886327106,2333.587035257759,2869.76889424906,521.6796276331165,542.2447318933588
1386174600000,2784.8138671607467,2084.4392931283264,2934.850401043626,545.7393110699377,510.38603114325434
1386175200000,3003.1796025484173,2412.285230021712,2708.5995751701266,573.3969123478869,553.8343308383911
1386175800000,3040.268192581607,2315.641247934838,2866.2895633563494,583.252219921587,592.1190929389353
1386176400000,2904.631183676034,2474.1148823377325,2650.3142531389876,565.7091119352505,598.4562967118776
1386177000000,2820.3962608236707,2031.845922072384,2851.437145390856,497.983909953176,648.1467443151702
1386177600000,2624.9176614616536,2075.945060159882,2300.885787635519,420.6771823219543,627.4311210150288
1386178200000,2541.9737567410402,2071.431803432285,2291.589666714125,471.48505730258563,545.2569080283059
1386178800000,2841.2641338014964,2344.778904759645,2234.378385097922,431.0362853769329,607.5212806819031
1386179400000,3403.067408762421,2006.0533328612714,2196.971505007965,449.28975830671334,613.0283742519529
1386180000000,3325.6532693187564,2011.7191642162368,2139.902966826404,437.17083704400477,583.3614091330749
1386180600000,2830.904881281297,2034.8282614983011,2261.1244376945165,383.7433812705049,588.3199238740201
1386181200000,2453.5944248251626,1892.3290436108964,1875.2367312508852,417.0134056548849,587.4169803135298
1386181800000,2759.63630215882,1900.193772176161,1807.787277407624,399.2605271636554,576.0006311596851
1386182400000,2712.1874444856758,1865.834739879873,1633.1991584049852,404.6685955224619,701.4870710276915
1386183000000,2465.2578011598625,1466.8945224931724,1719.7905722255427,401.0333764269626,723.3264346197423
1386183600000,2035.8767901106028,1557.4695741786118,1512.2080893374512,346.95980842011613,751.292201325625
1386184200000,1810.576321750076,1308.776983499186,1535.0065005579168,307.0854456328808,704.3646483547745
1386184800000,1824.356408499196,1147.744497106808,1438.7749008181795,335.89588043551936,673.1935623252231
1386185400000,1991.0579289432562,1306.5309689175915,1271.74592519358,330.6901368159828,768.8759519973697
1386186000000,1520.6353285540984,1267.714456651264,1276.0814112243968,302.35959351262835,758.8953634099789
1386186600000,1452.1535607070862,1188.9232536982236,1180.8804389969227,292.0767544142707,734.5315387570276
1386187200000,1328.3406125243027,998.0776381620652,1186.3302219681989,289.84592628707315,765.3706754181152
1386187800000,1268.2568551681427,974.550542339323,1148.9778557507839,294.2969008595085,809.0352230335778
1386188400000,1313.4485523661788,918.3975961932526,1101.1807571994366,346.63382925957694,765.103986787079
1386189000000,1616.568142420785,923.7735567607847,1129.6781022500818,424.0633435568217,759.8262943025804
1386189600000,1155.2470286777545,887.3729022466043,1125.9527792752042,327.11546942999126,784.2423338505275
1386190200000,1019.3178763582425,1103.3267753582454,1005.7495253288298,287.9746332638944,753.2615612158268
1386190800000,905.2867568098976,1003.3446327968004,1063.2940662916997,231.9494363505262,791.9755005000434
1386191400000,799.2169372007636,733.7946007955115,1001.3493985773085,267.09263757559796,786.936610146936
1386192000000,861.8952813823882,884.4663845905761,925.5634649871879,263.70641209542794,699.2773061209853
1386192600000,675.1506479086705,1082.156016808411,928.2374194314963,262.12729008904535,705.7760165491554
1386193200000,616.5336427927549,768.8931603680056,903.0689788728192,232.0689639718093,711.9501963148102
1386193800000,585.8778093537877,683.0778566215236,817.5517155362376,215.48327438630272,775.5012129641145
1386194400000,463.16938338718217,602.2089910196286,880.2360221090336,250.50653387341873,668.4143765190837
1386195000000,494.4385053729213,723.5996742509149,720.5832464684235,221.99094644869817,783.4828514440782
1386195600000,536.2373823415508,540.364186141569,744.4370108762353,218.73635839384295,708.1836468405008
1386196200000,389.5322581131681,532.3026710038639,769.7223144179908,199.1659250262897,656.7198264695373
1386196800000,420.8814436227312,562.6470180904919,642.3416068784978,219.63632070656553,661.6229388566941
1386197400000,403.2462495244359,468.14508639435024,671.7743790829553,192.36366874841443,635.2007027207226
1386198000000,439.7910212745903,498.3266587671625,657.5801460926552,189.16071408301647,570.4935712003671
1386198600000,360.36598911376626,527.8660877205403,585.2172288876618,189.06989242635967,580.7225136340085
1386199200000,372.5860570536466,405.2094666330091,599.8396784920276,204.3769129654248,667.2783251852644
1386199800000,257.14322039494294,410.502427983901,549.8281050548422,212.33988575217575,525.4506152606408
1386200400000,289.5577650065118,368.52371977884184,550.5357036646006,162.34261043165787,667.8368924368366
1386201000000,302.44467094697154,379.1520157780126,549.2612350897691,171.3923818647153,439.7474312672536
1386201600000,299.62387673142484,365.0653934260296,556.2370203765062,239.23634605987127,451.72696903612206
1386202200000,234.54967907446255,381.4854775319744,491.08141834592715,164.6427072369693,503.10591597997245
1386202800000,265.1083854380621,375.3001898527505,506.74993438634397,153.42388905969585,418.5780921470612
1386203400000,237.96959668930177,573.1567067745025,547.9325817827071,145.32568177986047,405.4771399509272
1386204000000,348.9412156627576,349.8522434344654,473.68034558253675,140.02766961473236,401.368542117766
1386204600000,335.21620427658826,328.7395739781976,427.46373804533783,155.2482152180785,377.4358433774157
1386205200000,223.43219963048202,304.8130156593736,458.5717655832767,149.9049607759628,387.9040647511558
1386205800000,266.51601993606346,302.11810587225625,402.7731033057144,154.69815102870555,353.2024166509336
1386206400000,265.6513031547805,310.0207081333343,375.1703028507681,138.3526998300128,302.63662803382124
1386207000000,231.56689234214895,311.0946383007817,408.2014884568908,146.0424586437704,331.5536937528946
1386207600000,205.92686671999124,297.94333127152765,360.99568888070786,152.44469441590712,331.27893830779993
1386208200000,187.22103127874104,288.1561031771635,378.91505195765757,134.06981474882497,294.44757685907376
1386208800000,194.9786044026129,296.61844321174783,394.1434181461559,137.2847961898568,292.2339719808653
1386209400000,180.55641974455443,305.1179027785787,369.24865956098984,150.57674135002966,282.6925478399107
1386210000000,181.79623522652042,336.3024749780501,368.2330319093747,128.8996041467093,269.9045706952105
1386210600000,178.76104518496786,301.48432723046767,387.8196771237699,139.97632199907494,286.46218510002006
1386211200000,186.71498413122058,320.515935275236,378.38683528242274,150.6668551497312,268.73808586137693
1386211800000,166.5955165847801,279.0314678850859,371.04917940146663,131.03504378520694,257.9291264850584
1386212400000,189.76826113718326,280.5699740252224,401.6865874486321,137.39960527852597,254.97702506337856
1386213000000,201.35162662532434,294.532020623996,376.95249110142174,138.4675194926198,230.73039533511684
1386213600000,215.70019006838814,264.14544979810466,374.9045035088684,124.644967849054,226.24496200690635
1386214200000,187.63694870997605,267.82723238180597,390.5362891342555,144.72893653317587,240.94783848455853
1386214800000,199.88031545757374,280.8327429603723,376.1324537874204,192.0421515991268,234.4359011792161
1386215400000,171.67540434370923,254.08439351526388,368.6887087147135,153.6899111795721,229.0837182108528
1386216000000,200.45333704443436,265.3200168757221,402.4947010474901,136.20374664110176,205.35909325397645
1386216600000,216.1878930543787,293.9162235725414,374.9655062740395,145.84866345272627,213.49829225434524
1386217200000,206.37241964511398,278.1168783045415,361.497920791965,124.45677181837122,221.93247064151512
1386217800000,201.4465827619871,267.2877965552557,447.9335046093926,141.97088386133984,206.8116951285495
1386218400000,229.55573616199533,271.7618934229131,486.6884499559752,142.01783741181558,212.57298849811147
1386219000000,182.851244655483,249.59268781474367,481.03880793736573,128.90392073130695,208.2987167390595
1386219600000,212.58023799809746,280.8642495848773,451.5705833217696,144.05007934000375,222.7281145170433
1386220200000,230.4171795808235,333.65728000053076,381.65045239658946,133.49946866669706,256.77722872122433
1386220800000,237.46265914098777,268.60095240027107,386.0799394475539,127.2301109032493,272.6993457129064
1386221400000,236.04569234284148,376.60494802064824,425.1610032242021,157.84876200667821,276.29411615677583
1386222000000,262.8964546441073,347.88146238295684,390.367848055716,153.18174143203808,284.26215062385216
1386222600000,229.60260577832707,387.276895524873,411.63646402252743,155.16442156698642,273.7955701506727
1386223200000,273.8290605819316,379.776454383194,514.4321117223999,179.3673587314348,318.52573531883223
1386223800000,263.27444807259883,429.74350328087564,528.2015769029032,200.86412677315707,311.5420399374937
1386224400000,322.75556095788545,457.1330965592776,495.2786189020177,170.97709134539465,321.78119076985456
1386225000000,291.8468235344621,558.5858756656324,609.0482018646019,205.93609791627844,426.3401109680391
1386225600000,295.02968786473775,591.6300363503465,615.4782947963831,220.91657769460608,409.47550306795904
1386226200000,365.15752411782506,689.6248481756882,782.8818247035141,231.10727045695862,383.3927694498284
1386226800000,447.15609277363956,828.6540546910634,929.6083591987814,280.4873873017337,447.58504393246784
1386227400000,463.7394476856029,943.9475101260726,870.802600579444,359.77650755854927,758.6720718336506
1386228000000,558.8650036882816,940.125760024712,1184.117995604075,305.13393060423107,506.360572653865
1386228600000,535.3340655620343,1107.821981672803,1322.1058690457096,367.75772537733616,578.254879096216
1386229200000,595.5848552719611,1192.6368538733398,1450.2061267605825,415.58286920196235,504.36217631221916
1386229800000,804.1668441077686,1212.686273821136,1770.340442274495,372.65234243071035,602.9032524417046
1386230400000,783.4463578798726,1408.902788013565,2009.4374028889542,426.7844063131755,555.0954672807766
1386231000000,849.465497073088,1378.7375438287684,2278.840859129783,458.38753091896945,571.2844333079694
1386231600000,1070.1973207254232,1380.3071829695812,2351.5361035896703,442.92843737386454,579.6500561761253
1386232200000,1011.0050579183068,1470.62194496039,2668.231411966716,492.2936458422614,549.6274625610163
1386232800000,1040.94252187539,1617.0369164650897,2639.5075623571215,539.3296679850544,547.1632495984379
1386233400000,1104.4648740010955,1562.4665814684122,2489.1696881087246,543.7887052213014,555.1704964643044
1386234000000,1280.1603515385514,1626.3257471390255,2933.646978748677,522.4800564833907,487.6828323117959
1386234600000,1418.3867796349089,1631.773647891668,2896.974906821031,579.7674906826712,516.6813758438144
1386235200000,1439.7583560607595,1704.7674938582254,2421.524695968924,595.5717820772466,478.6929306069788
1386235800000,1675.696196956855,1801.5300214812482,2961.361495376298,689.0451705570871,502.165611162166
1386236400000,1469.918637720747,1978.9329601576612,2943.5712753433913,589.4938283158693,615.3110733488379
1386237000000,1756.8214945144593,2098.7770223585317,2941.2377881982584,542.3745220955698,582.2305948194432
1386237600000,1784.7630775915375,2118.7824129433807,3109.510295540369,575.3752946921105,512.8282751858579
1386238200000,1767.7118121806552,2047.3487328090994,2880.1245700117747,559.2320492831278,534.8558690004025
1386238800000,2109.145082089884,2367.9476353260957,3074.8616639996453,537.840581644581,580.9619898345549
1386239400000,2180.175786390847,2634.164035548931,2892.2362480574784,543.6037554909468,502.0076463855265
1386240000000,2587.7565666409423,2565.281605672591,2874.9442154388425,550.0406480606896,598.2492287013201
1386240600000,2540.6720122115553,2271.473148558427,2809.92595732028,661.97624772897,541.4516111428068
1386241200000,2323.2101754344358,2362.46354452284,3094.6500368786574,677.0221877595552,471.3716445806392
1386241800000,2494.1472191325392,2175.2131170383946,2791.9072951873945,691.8442787017987,577.0726811160922
1386242400000,2756.844328140382,2437.406317384764,2782.8648633150633,669.3241500018869,486.20570153618337
1386243000000,2777.2529659268134,2444.1879667530816,3075.1074573873125,707.5982472307884,540.78734825086
1386243600000,2763.0155834764773,2542.188001124384,3290.205624179947,660.6014714523919,546.5651264232074
1386244200000,2737.5573614608556,2352.638348509744,3344.4209372019227,696.1731475807602,637.8318760899571
1386244800000,2907.4697901096674,2648.0920158959098,3493.260193180523,718.5078406778166,536.4982325895829
1386245400000,3231.8438209346896,2502.6586072653226,3401.828771462817,644.7220536762346,630.3357135120389
1386246000000,3157.7700021549567,2538.4636998263386,3569.9245314231885,653.2627795034946,522.4265854216986
1386246600000,3263.503612313036,2670.339886717226,3442.303228994204,615.8640033150668,559.8401401682394
1386247200000,3526.5783188465343,2545.8123836973555,3433.642476787847,670.8639903423042,619.3535910370604
1386247800000,3430.0538562270453,2640.937391495359,3427.2996342043643,725.485583993012,552.8568555333475
1386248400000,3399.8599493088013,2669.8983100323167,3364.1289443722344,675.1179326965124,624.5322771172345
1386249000000,3398.7867522652373,2774.5248825855642,3432.9051969255192,664.4897554551574,619.0651546220048
1386249600000,3316.871821957785,2587.6806504981346,3542.322164956093,639.9774730894657,674.3264359355883
1386250200000,3448.4671709087274,2589.593210992275,3435.5997396228518,630.7467619079199,587.2819002921278
1386250800000,2985.387739823421,2728.540049280036,3286.5772339861437,598.745815557186,563.392373065971
1386251400000,3066.7027396604435,2397.717921176104,3275.3440297531533,597.6183708827106,599.2481873083158
1386252000000,3045.1883319861045,2702.578609122228,3264.9561001920324,626.0894059845995,631.2626711492985
1386252600000,2929.9039956945685,2767.011177097155,3580.4458158784437,584.7086487938126,574.1987096442055
1386253200000,3168.9609026412495,2589.4622602195177,3491.3007252560296,566.734885251233,491.3346123990523
1386253800000,3118.531972085429,2416.303042193537,3208.4553266784956,567.2581623984893,503.8987527775495
1386254400000,2967.6459694553287,2471.4926130127164,3398.227043696324,593.482594062282,621.9202254889236
1386255000000,2911.7759350702913,2524.2468738081075,3178.325241374718,615.2276548599934,554.8368422187873
1386255600000,2862.905740310272,2337.2073783342003,3185.840482156381,665.5926265502944,535.7622960270612
1386256200000,3654.707109108458,2399.465033676402,3270.145647631695,628.3528481523304,541.8114838668895
1386256800000,3023.4843580153247,2406.1027306620713,3374.793905835882,613.1152112753205,487.4299449540947
1386257400000,2662.094178038775,2174.0304898462477,3100.8127954941124,546.6356159019616,514.7513757762966
1386258000000,2677.256415107413,2347.2746356816847,3117.274332017471,545.3370944886291,525.0189149519921
1386258600000,2703.2972153952282,2395.916483266114,2934.7426044316944,546.955879167919,611.8001207226109
1386259200000,2675.9241867514606,2380.94790064007,2875.336222932576,570.8865641307956,574.9787845522104
1386259800000,2442.0222105212138,2544.2468137293076,2880.3832313705448,546.4728033505476,555.31655770051
1386260400000,2562.6328440489824,2419.4598195307303,2746.2046321240646,583.937819002997,580.9620635465018
1386261000000,2497.1690383832374,2199.7567496661204,2784.32756320513,527.9483442865444,568.024175458755
1386261600000,2710.2930096849946,2244.3904898700366,3299.3172531461055,494.8192925947194,552.2693494179011
1386262200000,2557.5209809983644,2165.337011595044,2929.076563694013,701.1091791565933,512.4596268082411
1386262800000,2471.421201821667,2115.414629497641,2376.0295267866227,524.9539628974986,545.8645785136808
1386263400000,3067.7203897860322,2301.745029693715,2628.344630900995,529.3314860426863,607.8575403402086
1386264000000,2510.1423792921983,2163.675222058852,2315.5565917347462,488.19349993642396,623.272303607113
1386264600000,2313.141183960905,2622.4784671934317,2225.4565465751234,491.3124559620958,644.7037598313291
1386265200000,2245.9285170132353,2517.9228611395133,2213.902986410607,471.04438797488984,704.598006470076
1386265800000,2258.049900084984,2031.1976892545856,1962.6252651735692,498.9641094180821,632.0929287760849
1386266400000,2332.600059449221,2054.915426335379,1965.3218699660183,497.49905731228455,699.0750263686812
1386267000000,2167.137723907528,1713.1015222449726,1814.792518798263,464.08906187282844,606.7968758548393
1386267600000,2460.2248959016165,1901.7397299508393,1656.1977662530157,436.43535807443226,695.8142168392235
1386268200000,2311.5009739396883,1610.963386949155,1524.0046983655525,412.047329067495,687.0532621272846
1386268800000,2034.1319859206321,1563.086334971183,1604.8602018003457,418.8739430692686,731.5583170290569
1386269400000,1920.9967222732703,1595.0425016448655,1377.6626030071016,361.3807506326929,736.3797932843322
1386270000000,1995.94880271819,1473.530558510509,1373.7138380016395,373.09324161130303,823.7535449302522
1386270600000,1499.7846778066862,1571.5384928079204,1301.0235440461954,391.769807126601,834.6851573874039
1386271200000,1660.8461113457595,1913.4673171225543,1237.3636764017906,348.49829053546426,919.0016916979405
1386271800000,1292.4143668525073,1555.3036577740895,1124.008807038885,370.4157873381173,873.4688389984065
1386272400000,1220.7103286322385,1356.700426420374,1177.6558072032535,313.9669784120212,874.0866712910735
1386273000000,1075.1392224674946,1150.2277479422273,1107.9587563683083,295.9821357749419,841.906219835886
1386273600000,1019.0274416664089,1236.1403469174925,1150.2173509082834,334.838748201098,869.4393270514008
1386274200000,1054.0754705949826,974.4546115464254,1178.2984890933367,333.25402564072147,949.6059508060139
1386274800000,877.8454091080874,962.0863123423792,966.4634276395021,342.81137906324665,740.4848622194858
1386275400000,1086.4288466132657,908.4027824837525,1006.6754025592883,329.92705032904155,778.5175596149664
1386276000000,935.0545587743835,923.1865754730463,1477.3699647478813,299.7688163596345,866.2069589468435
1386276600000,927.9776268509536,957.3991597837937,888.0259185339262,294.91193987382184,751.3750295959431
1386277200000,882.200113943568,1139.3759802101374,876.9989259972792,298.42281179113303,825.9437882445156
1386277800000,645.699154966316,876.9637448628556,895.5904915673581,303.6771330797918,877.1172007555755
1386278400000,660.9969703197601,732.8562299269709,939.5616149457635,286.7551496237924,896.0910129498895
1386279000000,597.7518004011802,819.1848440941869,766.1703932925167,300.5562388640828,867.0958682771658
1386279600000,579.7108514687251,856.1597414819956,782.0729600835617,260.81693655360283,839.1990386307266
1386280200000,523.7333709873304,666.6175723919293,730.9545566751345,247.37737521533566,850.0136348787522
1386280800000,422.27313367109537,616.1945158174682,678.8480022931667,230.8438509547881,822.5661977819416
1386281400000,472.192487053533,600.6274918035855,688.7524697970372,211.63892578524906,835.2460396085769
1386282000000,492.62622891773674,652.8337605374473,616.9380141388842,209.071980533497,727.0843927203848
1386282600000,446.19215394999645,692.1057074141659,613.7875039832371,230.84581759809475,750.8185779679862
1386283200000,397.7945349984564,611.5586656262838,584.7307810902361,227.30040254781792,725.5457544864345
1386283800000,422.9106778035201,562.7168877736889,589.671187695307,267.5415725999752,702.417865391327
1386284400000,338.3991892883187,542.7338628001456,541.2225254808533,206.98526225825532,606.386759680609
1386285000000,291.3676938582055,537.3086669164289,532.4916256902372,208.43083209039284,770.9472338523441
1386285600000,289.1790983347943,515.3782427777185,535.1357558898936,196.9150479719796,641.1622469114601
1386286200000,262.9003007956594,522.508170301894,629.8537531157386,190.36105763220723,617.3529956243575
1386286800000,260.08644684157827,431.28446653490545,810.1856918453531,194.2113147478885,561.2459505334839
1386287400000,278.99934592304106,400.4179193675339,471.5891310891997,186.59216828826615,538.022638173329
1386288000000,271.0265233735494,360.8720314795521,483.3091916793312,180.28661416417455,479.52844472474544
1386288600000,318.27651707068566,383.4114783205887,499.53433648979933,176.41280866381754,467.57280721959995
1386289200000,346.49401315164914,335.07615376305296,461.8623627442887,173.0893175021502,480.8823111673891
1386289800000,288.6629474364577,314.5735285553388,502.7805618407565,162.26730489342324,415.418958411324
1386290400000,261.8502573351822,324.1601763681777,472.53128463512877,179.96220679585795,416.3344309044381
1386291000000,402.8440824286337,331.49691883850954,409.5144683696869,170.31442527489443,391.3297656549664
1386291600000,216.14917242621283,303.3932012165998,425.49469370547314,156.34479579156613,402.6031782143792
1386292200000,204.46101032882942,441.7980338405312,496.7056217421149,162.2852423253974,369.910493679033
1386292800000,224.04691390906214,308.94031670518507,433.9040180860909,156.49028376490904,371.2081817066779
1386293400000,193.3139553913271,317.4675023484744,466.1113489888934,159.78685876979853,311.10293390324665
1386294000000,198.4758307901044,381.1599195107821,471.5662475175494,148.00780423249844,316.57226195974545
1386294600000,207.75114793463277,355.6525979655911,398.3469807447019,135.34594356954713,314.4604065872043
1386295200000,201.86788598618537,366.34527196827935,407.1577498258665,142.26365177746985,294.3590271099444
1386295800000,197.10171717824133,363.1556913773103,429.41331247504985,141.87634114416062,280.11343220632415
1386296400000,202.61778675073313,292.36770922962177,388.6033832273843,125.63023274583692,301.4917880658873
1386297000000,190.06224483661737,302.3307116763335,416.2285434818632,145.33117687451025,305.39124561117666
1386297600000,182.51992066859526,312.9364922885885,437.09180640474165,138.10599394850024,290.20575014598427
1386298200000,199.38605749753555,293.021525950368,412.1793675196613,131.27946525535495,318.51157638057504
1386298800000,181.18905401618562,321.6294436853609,415.0811997504066,136.9412782560162,275.48559008841664
1386299400000,185.35436318639645,308.64571828990614,457.64109056603536,138.78725932467512,260.33903604961984
1386300000000,188.28112085328237,295.41719740405017,418.81253296762054,121.56351720860367,261.03393294727056
1386300600000,187.67318040372072,311.07679861933406,368.4568251737777,125.96619500540004,245.81309866563697
1386301200000,174.89514486749317,293.3051879460605,408.2691409622462,128.566424346231,247.94833947763124
1386301800000,203.9461504925402,288.09597558390396,374.97668531201924,119.94800812384364,240.91046424666138
1386302400000,192.72048985702585,290.51846252385224,363.0597207144018,126.5401235302952,238.63959173313694
1386303000000,192.0580646218919,314.1714586516838,409.63619485883885,128.02914988359683,245.4000648455351
1386303600000,199.63866176649515,271.71505310314336,363.7047901942672,153.83314375666077,249.59694145531583
1386304200000,207.56041194947426,280.2381222256746,381.10202498384155,146.46771897014256,236.02847216579573
1386304800000,195.5326795045457,297.2366001684317,423.9622470902529,124.22696623647848,254.3575344848554
1386305400000,220.88495614109618,301.62879464885503,443.4156050977995,127.98192158619472,264.0597033597661
1386306000000,200.87910424236276,326.0543644921673,409.9012064930009,129.91962548241443,272.1906415307555
1386306600000,198.27961564973847,330.9842615002445,441.2453569003642,130.32245877128602,292.3620873888767
1386307200000,220.0568115261228,321.0944859215352,438.2306871751428,134.0108378301312,282.74020418847414
1386307800000,226.73153052595592,386.63623612381406,409.0263216688768,140.05108731891477,280.74188155877516
1386308400000,234.07378739191176,391.056340982771,445.06528105859377,148.0944936628192,265.85168304420586
1386309000000,253.60382866325864,433.0056898113672,462.80559704554355,148.32566397037783,328.97788588135995
1386309600000,322.7100931886687,406.3849410253344,519.1401891746453,168.40989332938716,296.6799956497227
1386310200000,335.14984185675087,491.2420169189728,625.4065429018564,163.78355114778316,315.45296964634815
1386310800000,339.87438469454105,496.86834357877285,642.3604365897526,180.22768402806196,353.2169766002986
1386311400000,265.2580937471229,512.7719588346636,627.698809181909,203.77260114067155,386.4486189426581
1386312000000,296.83464913255983,590.2035026909202,775.2569115801192,216.77671051928027,348.67034248253003
1386312600000,400.7130971160353,680.5240536705747,806.2493848405342,275.6863962881822,425.9524145614455
1386313200000,367.8312407142843,883.7083136773404,1012.9647873363548,268.6227647136853,466.0632455380789
1386313800000,439.61084051736356,891.2171198924984,1083.4889159621118,281.55271550978705,425.6037961103291
1386314400000,483.5729313254562,872.7894852013752,1042.4725772966915,287.43001932301587,532.6360723250021
1386315000000,552.9141665330739,1032.023518966577,1177.0641907152103,319.0764407476545,500.0225972244275
1386315600000,537.4110695091393,1260.863765278166,1489.9033360841233,359.39299517555634,535.3669868991976
1386316200000,688.0507630057203,1330.430504271887,1887.3187293850078,369.4046865624799,523.4174176426278
1386316800000,671.7856024825273,1381.4916849882823,2090.759521857158,389.8247173107529,574.017479731372
1386317400000,875.4442930828498,1465.0469182760035,2121.605359081745,413.61837905311353,528.3984659643717
1386318000000,973.466131368979,1647.2271089358005,2343.8450415653265,415.5201723093823,398.8112479802606
1386318600000,981.3811113777008,1750.1307085475776,2353.7476525011098,452.90056657760016,395.96013738821836
1386319200000,1047.4783376546686,1581.5033986429285,2426.189605178274,457.41112980610546,454.3737850848264
1386319800000,1241.4358133645837,1674.0682402611071,2418.395583292302,486.16745963515774,560.7729894241237
1386320400000,1250.0609889413747,1924.8230511409686,2772.842741567577,463.6978067014732,471.24426397314966
1386321000000,1244.852772758981,2059.766844464006,2746.6655817158294,623.0787308718234,481.64063064157415
1386321600000,1349.7703322803036,1979.2164226527898,2520.2851567538632,603.6004638423233,465.5484253563363
1386322200000,1442.0525720785922,1892.7850038555364,2823.027967692527,541.6323215925271,464.8844063161495
1386322800000,1740.6625037364802,2164.7285749190687,2921.7376297932337,533.6767915679511,553.6306681774556
1386323400000,1840.771262841596,2087.2409535684064,2905.7072751150226,523.7462308639583,551.5138597375868
1386324000000,2077.5318016167794,2246.999197054989,2790.894243567774,513.8739082775767,523.868671069184
1386324600000,2449.1506109937422,2334.8982120355763,2933.4509289365487,502.6831024127097,475.4160741418168
1386325200000,2270.47499057324,2315.6264812374297,2722.9084632255367,535.7876337679842,484.88789573003726
1386325800000,2563.7567010949706,2184.803249842811,2897.2960765568782,517.440792989083,416.8658258267354
1386326400000,2444.154816899996,2365.6332373995897,2926.7969442667495,493.3118269777871,425.4979530459454
1386327000000,2369.138102462671,2271.869348838173,2975.9529669736235,591.5974491400463,418.28970881368633
1386327600000,2503.1728933785025,2274.6665626553863,3133.4533645459423,545.6979413581688,444.7571984766196
1386328200000,2533.9125626964687,2347.093529951575,3086.51936285713,580.1364367988925,464.74978038765084
1386328800000,2532.8852728812976,2435.599827614783,3124.349705606126,557.9496821808,443.3520556901623
1386329400000,2729.8381996927037,2757.4525405023446,3165.1496350456673,615.0210626859702,498.8415990325413
1386330000000,3453.0254291790666,3025.099577469627,3330.106621793494,558.2977530089279,525.8327104919124
1386330600000,2911.314090233354,2800.1337134759083,3618.5547436266834,577.948907824395,589.6244898224129
1386331200000,2981.6783219626354,2959.0810389345493,3258.235788405133,644.0004422762668,529.7693450145359
1386331800000,3236.2888755439567,2855.293134474685,3467.955768251664,617.376230936615,537.3874615692654
1386332400000,3624.3744477001324,2762.737004209896,3360.0809250861785,542.6258085852774,604.1243679728311
1386333000000,3537.464753702757,3213.612781536834,3263.234572360239,546.4804026191662,527.0549184883678
1386333600000,3401.465918340599,2655.066354709046,4022.550350775468,542.5108517140479,597.2834487814505
1386334200000,3924.483717585853,2792.1979752625366,3767.4585253605924,583.2031419485304,641.3402654901079
1386334800000,3719.5883605995245,2822.6863207642846,3641.226195121365,535.4359738583634,547.8655380815179
1386335400000,3648.1152327703503,2857.8024866715045,3424.4336311470197,522.3204069272637,520.3934615157477
1386336000000,3758.281108001199,2781.593724857132,4207.1199780315,486.8055794898772,488.6881171592965
1386336600000,3631.2878566881773,3023.3927736516207,3388.59551114713,476.8630084691004,590.2214132092906
1386337200000,3753.1715491426944,2702.139675331514,3466.07628651692,463.76218259957966,542.9954224205668
1386337800000,3880.005400013808,2798.8415064046594,3769.3507431941343,560.7937699807339,543.129644092831
1386338400000,3521.9397237460107,2572.9151476636675,3142.739801356447,445.13531682769445,525.9234658021958
1386339000000,3148.6595942359995,2838.228333706714,3254.486889485631,440.95079861724275,498.74658002372826
1386339600000,3507.5075989519955,2464.993544253554,3000.531879935853,402.3979629232044,576.3337163397784
1386340200000,3439.8194072178485,2538.6204164712185,2896.3587421241727,497.6669036397222,650.1698862889812
1386340800000,3281.243183486747,2702.030448600665,3239.2696331397055,455.79409767349875,666.9443902320139
1386341400000,3529.6498107156876,2731.041882250932,3163.9370127356106,455.8548204321245,526.0909041770329
1386342000000,3191.331898706345,3021.092882767938,2838.9735046713513,505.38575005394614,495.26666241431286
1386342600000,3184.661549069341,2832.3109056911376,2881.4925761728455,534.4792881968938,599.638727648834
1386343200000,3189.0079952482743,3248.9432519555576,3129.5641177861344,480.00544331333066,535.5267291053639
1386343800000,3379.696038831344,2717.218827519458,2810.8333202448375,444.30618842202415,552.4971800698276
1386344400000,3141.9623491318166,2684.939727335991,2983.3441139698657,597.1148040980753,644.6431475779876
1386345000000,3329.2345917991556,2551.7599113326055,3305.83363351117,548.2783561203787,514.780264803732
1386345600000,3604.4609176201484,2547.642197747851,2855.1236417931873,449.53295053521504,618.8750992190832
1386346200000,3278.1726390668086,2467.8353955357816,3062.2517237370853,440.9800828451501,610.1128211704057
1386346800000,3025.097905235282,2335.826445086981,2773.4234516469364,422.3268702805843,567.1854694774803
1386347400000,3042.0200982278416,2419.0059079087005,2656.8791533377275,445.27919344403966,607.1932644676814
1386348000000,2844.6270287786956,2233.502223040298,2775.0354786773705,409.1259424733237,613.3340671264043
1386348600000,2730.991852050382,2293.806343159199,2245.858418178371,494.7818827511429,705.0102686336826
1386349200000,2868.7811053998917,2362.922070185091,2294.1874173898573,513.3161367502001,739.3749904226054
1386349800000,2787.6494705902696,2265.894319297726,2163.984850872698,433.2262207228507,630.7822577230274
1386350400000,2720.2452862581167,2740.540373743202,2187.037584512304,435.24318076456774,707.0239261143685
1386351000000,2826.6893497669917,2083.632804259991,2010.9341384469665,430.23754836356017,605.6699979406916
1386351600000,2885.358523798242,1996.073128078303,1889.080144735488,369.1006495473874,620.2831487564847
1386352200000,2818.301643158803,1799.9037172656087,1857.1767783236073,326.6610943720099,625.7136556898471
1386352800000,2440.7777187499823,1820.138624921438,1699.3970021205914,390.1332051462309,648.769823363479
1386353400000,2535.310342703841,1659.7436961573253,1807.8063827333895,346.0944183404135,550.5933518893329
1386354000000,2394.097266407606,1852.2458634772004,1540.8680932604009,362.6053630219076,605.2302903897623
1386354600000,2354.1510442638746,1693.0617909036816,1308.21313485844,345.99845416607906,635.9136212440523
1386355200000,1978.4534061770182,1383.9980811034186,1319.4040547515779,342.60356420987944,641.3589720798699
1386355800000,2014.9082751668072,1537.2939571540558,1234.9838683718242,306.34773988741097,660.0002377937531
1386356400000,2060.2593980221122,1410.8364845136925,1209.9348180497627,303.4359472335834,728.5389421642976
1386357000000,2044.0086346434412,1281.848355850872,1164.821050604174,269.1057724078167,754.2263840397454
1386357600000,1879.352856560841,1248.1736889952738,1066.765823495918,311.7112700011223,795.54051916274
1386358200000,1798.5665475251074,1384.9286168398705,909.7158013050894,297.0641888637031,843.2246239135874
1386358800000,1630.4698822506064,1317.8530888283067,913.0236811413864,247.7317823527181,832.156675320145
1386359400000,2012.5291235961934,1956.3740848057569,1287.6046038772306,430.37303540663066,1730.13936789975
1386360000000,1451.916241466833,956.4217150283289,722.6570061333224,239.4888800521466,795.9142332612579
1386360600000,1429.3730977545008,1084.0803160961752,777.9254267691069,263.0166338709976,966.5940960969955
1386361200000,1430.628969828399,1074.876731150829,715.9446372263104,256.32837226367707,942.9815525930069
1386361800000,846.2971042558905,813.689496324129,682.443877926061,188.39647614975692,842.4915507558242
1386362400000,882.5959486024354,1086.5645391300054,754.9563367186972,240.76045212997653,853.5612670434546
1386363000000,843.9188094609775,914.1721896916524,667.39532298089,230.14820649083723,892.2303202009704
1386363600000,869.5169602176693,670.8202640132894,570.1250976085557,217.3418958243385,997.3025019681493
1386364200000,719.2420329557008,785.0974099324245,714.9082846481353,272.59104778668654,1020.058086994005
1386364800000,641.7543688192491,731.5428170918334,675.3006242505787,228.89223876326744,946.0846184816655
1386365400000,608.542516444225,746.6517406504304,603.5519070959834,210.06345433866514,1031.6010321182634
1386366000000,574.1642302505867,912.2635062207281,1140.9081959880466,238.680034190056,999.3824088077936
1386366600000,519.7108466719257,913.0526776342399,607.9862781863487,218.23236117628775,983.2165767183369
1386367200000,448.7648236360321,906.5479806669968,621.2517927693127,202.21170295277895,1024.3604024118197
1386367800000,474.7874545483213,1082.4537423927763,587.8877432837099,207.1925195504595,960.9408643335516
1386368400000,343.7833372706155,958.0989851987802,632.2999775950598,191.65924733784814,947.1993891047196
1386369000000,353.69390430247904,907.7679698897808,557.8242734630368,171.28993845171124,940.5528226256366
1386369600000,1177.3286721961992,952.9797214420715,631.0002148829024,191.65135542138637,997.2644580659268
1386370200000,335.6494747403972,809.5883150671062,594.7839296286237,190.36301428307704,928.5549359319284
1386370800000,484.0297021832881,572.890938560286,619.9996944611383,238.39796198244966,986.368190915544
1386371400000,384.0011042433791,588.5019221031405,718.5673918935014,194.79971424078147,1048.039884409885
1386372000000,302.88167823906343,508.7707473142802,784.9904917245517,170.32272968935598,960.4524177039538
1386372600000,340.25840026137496,486.4693347312189,729.3317632581267,172.49064925141553,795.9131375505721
1386373200000,284.92410667930693,492.6523885678786,962.93777456793,177.2656774457792,781.5840824942314
1386373800000,234.85732535916853,470.47209071406166,937.7492249910623,186.1774495275138,742.2691295095474
1386374400000,268.3676561501229,406.2659464857522,999.333121064777,170.33875072094153,708.4706829617444
1386375000000,265.2286783783821,383.4251448752106,1109.3473330771058,180.81810332423777,627.2539988009656
1386375600000,206.76908839837265,399.7084645329479,1038.6999349027153,171.09847112233214,614.7071387572572
1386376200000,228.9006315693049,392.9226071069463,1100.822537769145,166.02682192917945,606.0507167534289
1386376800000,207.1442876598071,342.40727036586725,1354.7862471714388,191.25963919419124,555.8808116603427
1386377400000,191.71558795396342,356.02186655393945,1357.9761894672747,221.14479436167943,566.8387499187384
1386378000000,199.4637962374347,356.0411575463607,1140.4218178159326,149.5972714622941,493.9826618468411
1386378600000,218.9301979991204,362.841499171958,1332.0798576100956,229.6001799295946,568.9109258191203
1386379200000,213.80302822402197,362.8257629806989,1166.2879117623986,155.96263711109094,459.32058056520464
1386379800000,219.9513314180653,376.5018853398155,1125.767269577152,141.56160202382202,409.62629623553636
1386380400000,238.3120909381959,348.6564657258237,1242.330912992164,161.42850026817587,453.5646303791506
1386381000000,147.5596473765051,328.31476072850353,1191.6681316434774,140.5793129013512,454.1185155357897
1386381600000,174.91665622944242,357.36380046964445,964.8038445093455,148.96870702160737,419.4151268620142
1386382200000,180.8338421106408,356.99198223006374,940.6994269727558,154.73274940318794,353.68579431450365
1386382800000,144.84604190478544,332.592025471958,925.7495067092406,141.27016099884838,322.79523829042375
1386383400000,162.1663487448918,283.3394353466385,842.2197628791083,171.88162847765045,330.93440043481917
1386384000000,174.49360701221292,292.1389481906597,822.1952051919337,149.60501378058072,299.75910054329233
1386384600000,136.96652663670096,272.6512314825419,725.249535101767,130.63512126029337,284.57110258339003
1386385200000,166.67297462424165,299.69272314542815,677.8019697621831,127.53127003083412,296.3482066857332
1386385800000,164.36863536626743,286.06121682367507,612.0601616109014,137.5642549104521,288.7790969370555
1386386400000,132.09841780958268,277.3437376063406,427.26975901460725,120.82767567346583,295.649974905396
1386387000000,150.32286867411813,310.89278873718115,376.0765174692244,137.50366027126194,272.4435050129487
1386387600000,182.4087361417332,277.983435520442,370.1900097204548,141.93717649704573,252.10726745346727
1386388200000,128.55818930159649,267.4054110172202,310.4306097695914,137.04109960181577,265.34730653719237
1386388800000,160.02864453292574,277.57590454982227,279.24657791881765,128.59075358931528,247.81594623092116
1386389400000,169.34989880625477,267.5152083695645,315.9785557740727,140.96507834901385,257.6143740040976
1386390000000,132.1677893030901,266.8239023109614,280.03191981148933,122.28069738336912,227.08311306281115
1386390600000,149.38102864746654,295.37359509923937,273.65476722568354,131.30656017452355,220.98711308338815
1386391200000,177.43790149821123,267.08460417975715,281.8003764172071,136.26930906981056,217.91574445958935
1386391800000,136.84012288501464,266.96144886015384,275.8933889408265,114.06267266462014,224.87132247010297
1386392400000,149.40200748597803,271.5914126685698,273.5432122605124,115.6802866008438,226.58797928270087
1386393000000,178.42018680868267,332.7767115223725,309.0487941883859,116.90817496225668,248.65049467687157
1386393600000,147.86515256209316,365.14311475856675,306.72045115212325,120.81666371185722,196.2860825709925
1386394200000,191.20576541957783,354.09463118240916,295.0532023826171,129.7919628051072,215.80305669907153
1386394800000,198.64078732472908,378.35695858278746,333.2487867904211,138.8662123923653,250.043586498886
1386395400000,149.19386199330216,316.06659720157523,277.16202793055027,116.08473013725542,202.4210369573918
1386396000000,189.29561764549672,400.9351949192461,281.4916756342221,122.65699681763566,224.87594383355454
1386396600000,197.562820324559,360.9309803908647,303.4967805796314,127.64330331130594,246.6015709321029
1386397200000,157.01081090544915,352.80587878358205,295.2353152453493,133.2039364258482,211.9561348577263
1386397800000,202.5805058194359,404.76297093700555,294.14174519893953,127.25333576575726,223.55131110268772
1386398400000,197.17552211175465,417.3382450964726,344.30745080023246,132.77594573346647,254.36422812573636
1386399000000,181.67475302371776,390.70091670221973,338.0683912751165,122.89569932200078,242.60185735769792
1386399600000,212.66959768872053,414.7955550165967,309.2829494023735,125.31289355987244,259.58462909941056
1386400200000,215.40098097674903,488.27571342977456,365.1241344415521,143.3480956893666,286.1331663580084
1386400800000,227.26420233879176,390.80604717704074,403.1768483913299,130.67571008848475,262.3248341514099
1386401400000,231.70312281078677,504.92914391004433,317.0713618421252,127.24635510183857,250.99002354199143
1386402000000,309.54182032211855,508.0802380373914,419.40182382909876,152.1251106734984,294.39733340881105
1386402600000,348.34318154467684,575.5835477376526,409.5536987002681,142.2943800884208,270.9993243722294
1386403200000,430.6608107631571,609.8938144276582,411.1926232374935,148.6810508035904,346.27044846095544
1386403800000,516.0871166373722,678.5346563222099,441.39003782389045,166.7796968157322,421.04139576458954
1386404400000,503.2666959904801,612.7358995765704,389.4664869420503,154.58693819168985,434.2004609645969
1386405000000,773.381097296314,755.3941848068595,460.58310905676797,152.08064394615081,322.6120867692964
1386405600000,1029.9023572551778,924.245721170414,532.1114054059518,189.03908331774784,383.1248409294544
1386406200000,964.6123647994025,809.8821522438217,558.7635574867234,188.1169470736477,455.3959828668549
1386406800000,1164.5044138984515,1020.7497371919989,497.7718008314795,216.97640780666936,461.1309233145381
1386407400000,1248.5052262669856,1225.945488653408,538.184760012895,210.33849773187683,402.9813273108283
1386408000000,1325.7442743440236,1349.8289647513416,557.1161116538389,186.0242296971802,439.61162942591017
1386408600000,1621.8407107130504,1528.7193320531132,499.2108952221702,196.8316769347826,462.16503761758116
1386409200000,1973.999282475443,1433.227535834333,630.1609928649553,241.70363504503013,403.3687061535999
1386409800000,2226.180954769655,1538.9251882646402,683.5992226402263,208.38262286291345,448.5370311548678
1386410400000,2599.4260144529267,1456.4464777186477,693.6544907534054,211.1575746661203,387.07667701934025
1386411000000,2664.388820661856,1563.2352013197271,680.9117879692277,222.08348597826887,462.32250055053146
1386411600000,3079.4479174064636,1787.331353698062,692.7963614546874,210.14168620459432,450.8579032667799
1386412200000,3350.7153357574152,1942.297402798665,646.3251046344416,213.08336520577245,418.88335688977025
1386412800000,3746.9733843002755,1877.1616841626246,704.5681741918145,232.31577893739632,569.8323928489784
1386413400000,3461.7130203063525,1955.945989230755,647.6750390451465,176.50654154921375,540.9735636821641
1386414000000,3564.143208059036,1950.7945507788252,677.2358101250383,198.6609341711361,507.2795035781665
1386414600000,3888.027918675847,2423.765114606714,718.7612337456425,193.83693096225053,674.9492678870104
1386415200000,3585.956170823058,2175.358476215048,674.0116898281783,180.71933755522733,523.0656117327186
1386415800000,3910.2543124551125,2312.3984936728225,675.7460827063767,180.77714370608322,590.7606983154648
1386416400000,3966.9973600431094,2025.5060420238183,707.7117080213735,195.76153886723287,643.1944885929956
1386417000000,4066.715470596896,2281.764220461223,757.0249153907237,179.75456670795165,789.9831399556741
1386417600000,3980.1018075139386,2372.5413705419987,814.8205798677994,218.3304436238092,600.9924705429769
1386418200000,4499.164677484044,2211.510900092623,924.6173974482814,183.3861440859731,592.779432411979
1386418800000,4170.099148674026,2658.402880653028,948.9487448539045,165.22057502288348,629.4339284790979
1386419400000,4514.571630654611,2368.4960663385505,863.7578803542661,182.07751194425754,626.9802588642414
1386420000000,4409.32030369613,2383.908709391063,940.8512303126131,212.04316317073764,791.3184124622444
1386420600000,4903.764915520383,2340.1547296603326,961.903519579699,205.74148665729606,696.5180595303367
1386421200000,4700.8675756890525,2359.7140267463133,963.9869374916987,203.9112576606973,697.6286000655928
1386421800000,5093.068919808768,2563.433678193459,996.5174894146004,239.09228211753577,819.5381177304689
1386422400000,5376.7593446010815,2521.880319982068,1270.1676328225242,249.344020375861,906.4915675193586
1386423000000,4840.956046431194,2377.0942946866394,989.0788098180236,228.72485475851724,719.969903732093
1386423600000,5116.4766874085035,2464.6677321712373,1034.3907015388222,245.8569658425959,745.692764626256
1386424200000,5434.933404312407,2684.420393139825,1034.2422303885558,227.45937859350676,758.4120529681024
1386424800000,5485.592674232983,2392.5184669170476,1106.544562815663,217.7046150636357,725.8393335794239
1386425400000,5659.858638042093,2481.450861417973,1058.1129502824788,199.4040651549436,841.3189531674844
1386426000000,5259.71227311181,2806.504249666911,937.5366835536864,213.76257214589907,851.4361402878105
1386426600000,5387.726923763659,2543.8430171008217,1008.1701936797484,237.8008478270324,675.831326417219
1386427200000,5688.650676608701,2661.9159697183586,1185.7855236078128,281.36290535251635,679.8238813630272
1386427800000,5587.183710353655,2683.17672575428,1212.082239353898,240.96739354095945,628.819206688035
1386428400000,5377.375144954571,2831.6691993105505,1260.2075423175522,206.953030185364,658.4956085491372
1386429000000,6082.131614816453,2778.767279541441,1423.4055192335707,203.4758727005356,612.4210039451043
1386429600000,5770.429254904831,2614.80711911699,1137.8016365880944,198.47671514926483,587.9445927504495
1386430200000,6023.063602085074,2709.3676580097426,1360.3789286722492,207.48566165416338,644.1010987400481
1386430800000,5917.309840854218,2745.7322931695862,1159.997668022051,194.21843590158898,513.640831995914
1386431400000,5641.547718415201,2827.9498095760673,1185.54762214811,177.96826071139347,574.0015563441685
1386432000000,5949.930562849871,2463.3012477166885,1128.8989162314297,212.60507693373384,514.0644687356308
1386432600000,6153.272293815525,2780.474011099455,1134.2257619005068,198.58082666232178,539.5027169605744
1386433200000,5551.035890590708,2596.5240037971294,1106.5977212834514,187.63065889058117,549.464164336208
1386433800000,5534.390613565196,2992.9302597496603,1212.1494357218278,214.038312946794,608.1695703500925
1386434400000,5958.668581399007,2813.0966846728593,1192.7414379229808,222.38231960236695,766.4704730260244
1386435000000,5710.174064323691,3030.214962024516,970.1893791164288,204.8850148528203,576.5935910265596
1386435600000,6003.034763893027,2892.1721259108344,970.9651850635847,216.57029105927953,541.5555196184309
1386436200000,5430.569930854865,2742.9838825283996,967.198783595519,205.77150516849613,640.4622409467227
1386436800000,5247.876193191073,2847.230186586342,965.6696891322828,224.83193951944781,524.2266059591504
1386437400000,5360.832928700625,2755.20482791563,1024.7859052500123,202.64194355189454,538.3088560466499
1386438000000,4867.168625122059,2609.5826488302055,942.2649886477449,225.98653949003904,611.8961823604287
1386438600000,4711.189916479789,2481.4380931124474,900.5413188601325,249.0314123284146,616.0520691418923
1386439200000,4589.353779908083,2671.273743788754,968.5834216705703,229.29982374741448,565.3349486575402
1386439800000,4544.935843137451,2592.3732273374517,937.0437756476481,214.13166091502524,705.7905764985203
1386440400000,4835.690444642954,2430.9552003357257,814.0196013289126,221.26039557395632,665.8613428349812
1386441000000,4242.2199622943535,2556.005460354819,940.7986294537244,186.9371161739438,683.2120378891276
1386441600000,4411.688819680949,2850.4302091050963,893.2073011536542,208.3193092734276,802.0824119999153
1386442200000,4115.526704553476,2363.8265659055714,811.7561016461167,233.20625660203635,795.2676387346268
1386442800000,3804.2584930849694,2232.070172559233,847.6638108779129,253.01214038433164,775.6074331642134
1386443400000,3230.1041448334536,1926.966230861639,899.7664013916713,237.3092996985369,849.670052942364
1386444000000,3497.2825914744258,1621.9992228774615,796.6629140350711,226.7158509226458,789.8509091990917
1386444600000,3218.113222482281,1680.3344550545069,834.8987669172606,230.58488413876847,791.0121472772836
1386445200000,2936.841273695031,1632.1976283018569,818.0552965619266,218.18363853430856,960.8061711833184
1386445800000,2534.2765426580454,1276.1206027538444,969.367044661484,244.5492344587002,1142.6880913976652
1386446400000,2457.778920795971,1287.962827993176,1113.2200812421247,227.10074000988635,1092.9700922438446
1386447000000,2575.1106313989612,1253.9206141322509,894.0218431059523,300.126384773279,1036.8014757180256
1386447600000,2248.779568825404,1167.0663130010685,849.7799931711555,227.67829818530797,1009.8361687454168
1386448200000,2335.311097354285,1188.3929898367348,832.217915421802,258.88427693420033,1160.9029784301922
1386448800000,2225.3551049225907,1156.6899928993835,1007.7742056049157,249.73710865411724,1021.6435633287111
1386449400000,2074.116933077246,1174.607305704209,1006.2976305673278,240.98416514757506,1141.2748873614535
1386450000000,1801.7386642116262,986.2259502001359,976.011450768858,240.50977553110474,1025.031509613898
1386450600000,1483.3422609099648,1002.0039633427707,958.2728395655794,225.9648486233504,1165.883019819316
1386451200000,1446.961352421885,1260.5357575734847,883.314433657744,238.2986957991104,1102.0033898438228
1386451800000,1339.4851846637846,1203.3197541684267,861.2370970096105,232.9620175265501,1141.1935991591554
1386452400000,1071.975082206218,1173.882208570958,893.1339762241336,220.5604826858494,1149.20476503921
1386453000000,1021.3005041688018,870.9671777834043,892.4646991325641,204.5933162557486,1083.2230003862603
1386453600000,1175.4023960513257,746.5461576988475,807.5871087967938,201.21516135971208,1194.8113875621418
1386454200000,962.0483411837364,773.1994340162433,856.2958184014616,205.39312725307929,1158.1051144671083
1386454800000,833.4572972174086,882.0540018579359,667.0699178637992,189.14839989885084,1071.8328198744266
1386455400000,673.8158354635226,726.3788100330771,1059.7982553077584,208.89053023269722,1095.1926971566702
1386456000000,726.2970104967638,769.6309438371395,693.324077475881,203.90640880270092,1108.8524734367168
1386456600000,623.4853878143458,605.0021155477145,736.9205743679963,193.75876044625107,969.3649307498683
1386457200000,859.0925073021587,725.5183804702908,913.6387307207144,222.7802224419355,1045.0976868036832
1386457800000,673.0908693253697,615.9902522758987,851.1639517667879,213.86475169887137,981.2810318021485
1386458400000,750.7055023369098,547.2976719908954,1045.195214533552,204.0059123696511,1048.402706071394
1386459000000,506.6201227986157,570.5839647109094,1426.3735270680013,217.76059360432035,873.2584122296546
1386459600000,413.96683568949487,536.6015421932444,1739.2145591450205,203.03990773628564,798.5964423675164
1386460200000,423.6430251489482,455.2974938420082,1798.7178789775917,216.50894501102636,779.4980923399337
1386460800000,579.8686317398467,442.7069006104148,1908.3607172798886,193.25077703327972,718.8739644068905
1386461400000,408.4940983153853,423.14977700072166,1961.624511880756,200.019544769687,684.4142929162713
1386462000000,295.94282630324443,408.40301283021006,1836.5252230102894,173.09993293058287,654.050764038136
1386462600000,280.0891665403737,378.1156844645944,2120.1735934609815,167.0713214275316,687.2292323038957
1386463200000,298.28740885595647,412.6731899072825,1865.4600417101285,173.9158266732704,577.7159613903028
1386463800000,223.58620711854707,365.47484006583267,1930.4564019811216,163.672496527294,522.2626629642884
1386464400000,263.0314353274894,343.51339751564467,2000.6762602991573,180.00852458280366,541.7970810767571
1386465000000,231.28877787872818,330.05878916103734,1934.8096581384411,154.95240483838484,482.18804329328805
1386465600000,209.6918186330699,457.8602175079049,1914.457812821883,139.1767917355203,418.40111619741845
1386466200000,223.96343465968326,323.74082632682496,1945.0676490918001,173.22877304547652,425.1321583375921
1386466800000,223.02470608543445,330.44031967469215,1836.707407670686,165.4339535135288,386.2963788898414
1386467400000,185.64939194131742,324.16762331571965,1807.1598194095707,121.60226560922627,387.6171250577785
1386468000000,215.6940281176945,314.5608582265133,1596.7970877464968,142.09606990223895,352.73967808034683
1386468600000,215.82995538367095,315.52731585849136,1561.8797788819427,134.10716801053712,303.62401480414377
1386469200000,204.31491941600342,314.31411019378635,1572.832342207073,119.35889524058224,318.2588364468827
1386469800000,226.9322959242535,352.6268734164017,1567.7488224231263,121.14166884171013,298.70734499541186
1386470400000,207.28069718774793,336.7132336192453,1662.3057465670877,120.68060955838912,286.07296809624023
1386471000000,194.50137067370235,301.48328421569204,1373.7339138749373,129.44566422656908,257.0840715473593
1386471600000,227.6327091497241,314.16300755038907,1340.4557726706619,145.2561295742567,264.9539222627494
1386472200000,196.95476155001847,335.5570498987642,1148.7324675422074,119.80914166862286,271.80815502383
1386472800000,208.79219499417096,314.6773673212116,1090.010440155425,118.66837475482146,242.19972130511363
1386473400000,208.64571402239363,298.85795613253583,1095.6443284490858,126.11593646691094,246.08609939712423
1386474000000,201.42516356928593,271.9797322139435,958.343325385395,108.88151410643641,237.29269963910775
1386474600000,186.95712755388723,278.7419847949119,857.4876786569148,105.01953620040443,220.52666676648283
1386475200000,210.64186609337236,268.01177081666265,550.9004568339842,129.84692308607134,237.40564060060663
1386475800000,234.7384034904981,285.201255445203,382.8589130121186,114.25601248856543,223.3822654381369
1386476400000,183.1717956308095,265.109876109591,227.47566062800863,115.54194168255889,214.29382231671136
1386477000000,207.65545466404797,228.4285205094277,244.88680224450786,112.90341226537195,237.47823010644407
1386477600000,233.17593404192743,287.48158178449927,328.21504575245746,117.76963326100541,218.93718356558793
1386478200000,215.22594956866132,335.2573491716947,220.63437799032303,102.9984429752592,187.10259332011952
1386478800000,252.70545755804534,273.87449691435273,242.27722073079622,135.62353632223665,219.3808611267325
1386479400000,205.4366727042599,315.8043936431767,211.92145282580657,123.48088617437148,195.6691552186606
1386480000000,196.58502449448946,271.59284242582163,225.185113200416,106.37148218029994,199.9117037516913
1386480600000,190.53064930612075,263.8918323104363,217.50338985518573,99.68209887799688,233.79795110793276
1386481200000,212.15036367376632,269.45063571149717,218.14110966571235,106.75771372470595,197.52818396498196
1386481800000,197.27875429832378,302.23279699806017,211.80900766718963,96.76334029484102,191.77940538799007
1386482400000,228.73341819626896,258.28186294702766,210.64125076127002,103.98970468551903,226.11623094204364
1386483000000,236.38989953721952,305.5119181401202,202.27411841857878,102.95714772028691,214.7045400076237
1386483600000,210.96133230962516,295.3790986563277,220.00985561141854,101.29386303708864,214.65553320168723
1386484200000,240.75821408000468,283.6987933529157,247.21195869141576,116.56291407328642,219.07406489190976
1386484800000,233.9901907841528,347.9366542770608,254.67268674297594,115.8328219765722,211.1737308399513
1386485400000,224.40379150024944,379.94587789876914,228.29413760924643,98.96030119982008,200.38787619535236
1386486000000,269.61172950722784,277.9909919955745,252.15672963066208,112.5043211781585,232.7516157006337
1386486600000,268.1063482326517,334.4405037659939,229.48189468777073,118.18584765090046,245.2163486636991
1386487200000,323.34997922027424,440.92835441450035,219.61148943549892,123.50168482440138,196.03912693301592
1386487800000,328.638542144097,395.28941286524486,233.75768015369297,116.07140945299624,265.03208906851586
1386488400000,389.1888607441394,460.53272630575975,219.79796695448906,136.5144687458396,278.7348667228278
1386489000000,415.02006469573513,406.1109300218794,239.09358552700388,121.88194237397177,285.48547171613285
1386489600000,437.6197650631621,377.3644681089563,264.2788738387846,125.92443228623128,294.31298778643344
1386490200000,478.59717910566985,514.3592551842124,285.24791722980666,149.1555702154139,316.35453029820684
1386490800000,570.9257480602948,447.4592599107782,346.577565966601,144.96557106366555,272.6014329336147
1386491400000,534.1670833985889,579.4803621737967,293.2322486534391,109.43354223742848,348.1916339333124
1386492000000,744.7137587704157,571.0003750846682,314.8076750433812,149.10828935926662,301.7253228113704
1386492600000,821.0639098732893,633.5105306004282,311.8166911724982,165.01965165563436,286.4414463340439
1386493200000,1234.6374350210733,654.4696190246071,349.7913798428016,173.52124179288424,429.88528606975535
1386493800000,1298.2981328170827,814.511327421385,341.32885782683775,165.6231032702638,377.8085484577755
1386494400000,1730.6652801139896,838.3760411208817,354.7957271305277,172.13688873521377,384.9390301405024
1386495000000,1838.7963493267669,966.6741987343587,369.07080990022337,155.53294843738806,408.7017414199935
1386495600000,2075.0707468321425,1072.7384800824188,358.88530124101294,163.1671570754324,476.28349576547186
1386496200000,2452.1863241343844,1297.0575777486347,420.1855436848398,166.0601505795699,436.24498332228114
1386496800000,3001.0553451871465,1417.9855164948922,435.9919513970895,148.168388712293,401.83282516104697
1386497400000,3147.687476895731,1247.548232627584,449.01292061107307,154.4071998806495,467.5552797878094
1386498000000,3267.460409700688,1524.6260575568624,638.5707623112139,172.79545941263842,448.33805383399186
1386498600000,3840.8759619710763,1665.7757651325524,475.9892376856857,211.24244510416628,455.0826165396521
1386499200000,3835.676920198592,1582.6366838128547,494.50793826691853,182.8232863431264,444.1155222468808
1386499800000,4198.371130844473,1853.6739068213865,489.8692488107446,184.09154437600347,432.9169416105481
1386500400000,3997.8082501894096,1952.005013381493,573.9968700049446,175.1830954516084,571.8064250987742
1386501000000,4129.220458325721,2115.126485224509,508.66370321663516,166.75850917465274,447.7245719322666
1386501600000,4305.805494161431,2062.8373927742136,569.8351468576084,167.99885051508693,469.13374167268574
1386502200000,4559.565812369006,2174.6282496598906,695.8098892197294,202.91306416154023,470.1791482641418
1386502800000,4608.340765566237,2375.181196445035,601.2012054418785,183.6270420534643,577.3110182597671
1386503400000,4841.762497263889,2272.689567486809,579.3846932183116,188.95858145364065,505.54447396533595
1386504000000,4319.686811047504,2231.8190848076815,570.3325745797943,185.9936875440416,613.4384134689946
1386504600000,4460.1884535004465,2479.3349895533865,675.1443931030122,187.0431149147292,585.2610570622106
1386505200000,4482.3244482767195,2394.6445057887076,555.8149113714525,181.92514664959728,589.9233926281171
1386505800000,4527.324256328789,2575.781152461369,649.609740022395,194.27341037522714,582.89450329171
1386506400000,4702.240063421819,2589.634913094687,605.5384905265895,168.26669447179685,826.5238258173439
1386507000000,4775.0255778301835,2641.4971476692917,715.7502283974025,181.62979934229628,605.8959503305098
1386507600000,4440.084370987476,2621.278275721918,748.5911347933779,150.52654371074078,594.7498717872743
1386508200000,5039.99764535531,2502.778029787809,813.8180658242185,176.63993249374403,611.94042037902
1386508800000,5238.406923017686,2559.396719135776,757.3531025524676,159.40269851660173,609.3836009645694
1386509400000,4869.041969697089,2313.9716927414215,654.0471463981926,160.1094559383061,714.6498721214932
1386510000000,4673.615410361429,2460.1062198480204,702.5724688853178,154.1628027406409,601.959609496085
1386510600000,4561.710666972874,2666.0301552415567,788.6934633377315,145.20743573843149,714.5536727951204
1386511200000,4486.686494848681,2583.198924965765,731.6748744028924,168.66428389341988,691.3790974280959
1386511800000,4666.718055488161,2632.8274572895216,789.0797180652183,216.17092682777934,649.2958686118998
1386512400000,5122.386249447058,2620.5634766648413,724.4143472142665,178.09449209244937,710.3515874452598
1386513000000,5127.253946350792,2517.270310274768,747.2768019555838,193.97733800201297,581.0422386530896
1386513600000,4751.315295601719,2606.6581153738994,772.7384710779091,183.711310682328,547.0572558649188
1386514200000,5319.773040259286,2793.4947884534204,918.202686288382,184.44977874977815,602.5482926839645
1386514800000,5519.307088326038,2686.5091655466804,713.4039664582535,168.83150894049507,579.3001479991171
1386515400000,4774.754020881003,2759.2943141774244,809.7093643254285,186.30823622236892,524.991174716767
1386516000000,4596.556934818144,2712.7232061157415,750.7683588379591,200.40595707057608,598.6409417095566
1386516600000,4772.360726910216,2533.027210025921,753.4149383341032,217.0226283208573,602.3726433161868
1386517200000,5001.270544754773,2627.861628288438,711.3427572731988,244.78049111396456,558.2897186971144
1386517800000,5354.419341370228,2716.880962571879,658.5983331578175,239.92688456813548,526.4550514945726
1386518400000,4573.3550580279725,2591.288081152139,699.7848990366277,202.47621929544422,481.3923528264475
1386519000000,4814.82577711771,2630.820721768569,939.8149872982509,170.04779332125588,548.6680566326676
1386519600000,4744.878443004109,3062.445457568168,647.4378682916808,180.58000254387383,585.665128863258
1386520200000,4158.488449722793,2699.3404138869714,727.7806610648099,197.4093759678996,517.7175960351335
1386520800000,4659.567046248099,2618.046016859209,707.1106849610713,190.82405910475555,576.6933561069134
1386521400000,4342.798335788775,2587.3220763809227,589.3352445548077,192.38614613915664,574.1517111390903
1386522000000,4487.242323365713,2813.596769908375,660.5998141575164,238.50525205419302,589.4302444329088
1386522600000,4237.640316263353,2546.7617824889544,577.0709434062744,225.02919174033272,524.9858586538936
1386523200000,4193.613020340623,2817.394482965659,559.0153441200877,205.47506230300107,630.3578590621543
1386523800000,4097.607856860409,2762.1069212550437,575.9371593918737,219.11040852165252,670.3697942023839
1386524400000,3884.9042206145286,2361.2795804336397,599.836859059388,204.53788899875377,645.376260836851
1386525000000,3683.6554971085543,2352.2283066518294,568.4283550303263,200.0883619315342,644.8118691884632
1386525600000,3709.476411757107,2174.495488622781,632.0776127779827,217.4813817704908,634.1299858363928
1386526200000,3344.437717648045,1857.0411729691484,795.3462064062288,251.66762566474327,655.693541619005
1386526800000,3153.8998688587926,1779.972872572091,772.509863381904,247.70483582283777,655.4625830802938
1386527400000,3139.379571442615,1659.1507485592238,615.228499047762,283.6100553595862,620.2485414954389
1386528000000,2857.1568105051583,1525.1011596402893,489.3273869086047,215.33705396989455,627.4480837859955
1386528600000,2515.5900497333027,1306.578533168975,411.85674140430945,235.55406892686133,625.1063732351145
1386529200000,2383.879594726519,1218.1950997558586,542.6927756979311,226.25623277601363,683.6703989481381
1386529800000,2343.416304450314,1270.962303126289,422.714680423505,240.72665106723414,641.9007337195926
1386530400000,2244.824527788715,1258.076698865588,372.0153078748363,274.29993058819235,690.1266629272977
1386531000000,1686.7479305621382,1158.7333952116996,371.3608782554651,282.53613061113543,684.1030454579253
1386531600000,1533.5819078367977,1403.2729251628014,374.1281767958961,270.233264228152,766.4705750181942
1386532200000,1193.10505301514,957.0541921079687,330.7557265461151,239.5401553538352,741.3833784318452
1386532800000,1223.1504364386103,917.6028637398394,359.0606437079523,252.33003240449926,863.1455115237776
1386533400000,1020.6046360373325,767.4957892585344,363.8125242007974,282.96979016970255,843.2552199037294
1386534000000,1078.0026101420005,700.8500721341595,348.5864453223865,272.37953792088337,674.0152285783424
1386534600000,1001.0395127034149,963.7161421003907,354.66619351203565,283.3991144072423,720.9678880914068
1386535200000,926.5555243784607,794.2292169395031,394.6545615523874,262.53845659286156,698.3175186522066
1386535800000,1144.227331210575,951.3365812241366,377.97731346815794,264.29668720407926,797.233062225575
1386536400000,990.6130439627902,671.1500360543174,425.56513092412354,283.04984142855875,644.8511444042729
1386537000000,882.5433628135394,624.7936062847895,413.7976512201782,293.1853011468381,649.7411838285193
1386537600000,885.2639730735041,622.7958778074382,408.4088004798504,304.4288579341951,753.4641650221652
1386538200000,545.2612644087772,695.8354487240408,487.52439093508184,291.13968979736967,617.0984175296569
1386538800000,836.0105421687642,507.21493122718914,462.26791219959983,250.8142164696741,659.3968451469616
1386539400000,565.0700425802064,457.99144425165514,389.1128978505513,221.77213527607245,685.6261418449869
1386540000000,449.87660451127186,478.7464126945216,410.4015697841183,240.83676207822825,544.7574206120121
1386540600000,345.7412133278074,459.6498177144959,387.46959192954677,242.55503997210448,621.1208923109135
1386541200000,336.5905783574973,411.69650212961284,302.79259321176187,273.06044629728063,542.719330658153
1386541800000,317.56801445405966,474.2164784615615,341.0945162319199,265.3868332865833,549.350498309641
1386542400000,358.1923638640399,406.4477575156968,376.05065248783944,272.6730609862115,537.1085128923462
1386543000000,348.3268725769387,399.42327469417177,241.04895983903302,257.69469599374935,470.4182072278734
1386543600000,317.9599796230838,404.4588431685563,276.0793786048021,228.4586574418556,473.6691377433105
1386544200000,395.84545455087846,366.4887189045653,245.9345262702825,172.92818303038976,433.6727954459968
1386544800000,346.24235263208556,351.14744580137807,226.85709102940675,168.35887676550973,462.3672003115967
1386545400000,297.680681574235,353.12786291019916,231.07928450837835,167.7416454555364,446.0044198325079
1386546000000,232.7399522338674,310.04676428935716,236.20421840310863,148.71932154613862,422.22187913220597
1386546600000,252.48586042160622,276.04848156192116,176.40647066300613,151.97040599632464,407.10316175650064
1386547200000,238.67728453721836,321.27211445799776,213.44171577229815,167.4300903023363,367.5027398391866
1386547800000,253.94098040134617,331.4255545084443,208.62810725205702,151.0574954334773,302.2163630327644
1386548400000,225.6803089885252,303.57332793770166,341.9561009118177,152.10122715783046,319.8429764642696
1386549000000,197.4248833128937,303.76265924701113,349.94858302445783,145.21786900102393,295.1343700865775
1386549600000,211.34184276465479,289.24280323685434,244.3929753449565,134.50964977583357,273.5551250331832
1386550200000,216.9939877854853,286.3839605278812,172.36140367783517,137.71139650345788,305.88653979576134
1386550800000,240.3246547915958,350.3764425177554,219.67458694164307,157.73896731870286,290.3737033450911
1386551400000,196.97177264878815,304.3986191608228,205.72729375764723,135.37846260608163,264.8200452748266
1386552000000,203.81460411485432,316.6151856713884,150.59214287596322,155.561889004119,263.54960212892985
1386552600000,204.0174729701047,351.381314675655,187.8772680392907,149.45184942213933,236.80992024709323
1386553200000,174.18658828702897,356.0527171944603,191.41999335277583,124.5971277693392,237.13071501569885
1386553800000,201.21373959152362,244.24332287468857,149.00556425120914,135.20837766733763,242.7732560074116
1386554400000,187.07579646356604,270.99559092429973,184.53838495482043,140.47728623250308,230.61019607202823
1386555000000,180.616352729879,260.4127469739889,205.917338470371,126.53263672717569,251.001850125352
1386555600000,199.9658267929706,248.1754579941375,165.02661448839953,126.05359264620508,231.80223829573728
1386556200000,188.24231109661287,283.2876714802853,165.94576578263775,131.35977527154523,233.1794067305483
1386556800000,179.66674484899232,286.77545663533243,183.06830388292252,131.0996764251315,233.8745008886467
1386557400000,195.56053420954447,270.9626423681412,168.22723143394808,116.38862661848113,229.84687693920336
1386558000000,187.6807891203859,270.9685582158194,163.94128353411,120.17830330402504,222.5154420860373
1386558600000,175.36311147148893,243.26821866240903,190.207599725841,111.28810096639774,218.9536217770612
1386559200000,210.9716698770902,263.4046891314227,164.97759420094386,114.20819256267409,197.15953558736513
1386559800000,176.33894620554904,233.7878113949045,161.67196954603307,115.24548136399984,206.99854893262423
1386560400000,169.58931066498687,244.46391471620956,183.6108091977132,118.70439610163427,212.2823465217867
1386561000000,189.11651563725735,216.33865385106253,146.17260582673828,111.71053974534836,221.23427571715135
1386561600000,184.41405642265053,251.9647782721456,163.21098201914683,112.0569070729966,213.78712968050854
1386562200000,190.59541815194746,261.2863211372065,198.7188866009172,114.7391248099901,234.6447206581392
1386562800000,197.2649879319738,237.3971853965176,161.78713314848278,115.62929654693308,218.0227407208983
1386563400000,219.96926298421462,240.5620411557989,182.77540481395863,114.86652429477543,211.02224946316448
1386564000000,177.6796443403471,223.69743416073575,179.76598100450585,108.8937915638558,250.63597196971295
1386564600000,238.15482033142487,337.30565654965955,189.95082985332004,112.7047206737385,240.0471102206766
1386565200000,204.3141132078463,243.733786590379,200.40224550956185,111.94977469168911,268.81316163621693
1386565800000,200.32045116788512,239.55289890092493,191.1820506012617,108.0976235420026,283.50471337419776
1386566400000,238.4849763089708,254.1446868759885,205.05429201459654,117.02203134697288,275.4616865795672
1386567000000,211.1061045888978,301.3893332048414,243.0253255779569,126.4303041387813,272.35110555697815
1386567600000,204.81518865144074,277.02029485336783,275.25780831234323,145.6029334113286,287.80763030880985
1386568200000,236.59728485542504,391.2243462212841,240.7444649699333,149.9876049622639,300.12016007503206
1386568800000,291.57118754271073,354.62741557773654,290.91449613506245,164.64300553489977,319.81163361909
1386569400000,269.6608029208284,403.23885302656015,344.0556761054174,170.315090241421,316.05931679498457
1386570000000,278.5015574735327,383.75115114556354,395.54499081972745,178.23667598115216,321.441445559727
1386570600000,298.2215759658121,480.570731259884,489.7622669325287,225.96600432624174,465.26647234113335
1386571200000,345.1576456287045,590.5571272366437,523.5113141635225,236.82997831461898,363.05943539616453
1386571800000,337.18958766221886,676.4192739003979,586.6675291846781,251.53342740446263,383.43470107456903
1386572400000,476.73784371073094,1209.013914887351,731.9735480052412,272.83555502409973,401.78539852418953
1386573000000,408.72229197454664,705.0551069995361,873.180004338374,287.33383983151873,691.4672299402953
1386573600000,514.8055952308553,755.3338226632766,981.8955981453356,317.42737283500924,579.0231003002259
1386574200000,526.7978231851048,891.809933981564,1163.397335564367,335.0779251738902,479.31888720005884
1386574800000,698.7389152116033,1065.5337692070584,1381.5402397028663,343.1594508554806,482.6142898505083
1386575400000,792.2706467760759,1266.6848680952214,1767.5266691122647,393.33109628647975,475.08901386407246
1386576000000,684.2131579951689,1295.2727878856692,1991.6281043509184,416.3441864848402,524.3691111767137
1386576600000,849.7740701679079,1258.5446059710423,2270.6962027421137,424.6208639482431,454.32735124041994
1386577200000,864.7549709279641,1451.967849560069,2436.9500383011773,430.8376360705524,428.59061211584833
1386577800000,829.946737839975,1478.8219000780382,2475.4377478211472,503.7059034819339,543.4264616405251
1386578400000,924.3561362383977,1736.7175594017017,2788.912484864798,478.20136347773115,467.7118843717369
1386579000000,1081.237670869033,1698.8442337488589,2681.9106315200734,474.3483616173525,526.2451796511905
1386579600000,1227.215834912185,1788.0443229289328,2658.6779105891287,573.9712642324034,450.1047232254427
1386580200000,1222.7237404716436,1784.3696779673403,2825.1472503380105,572.2370726665188,448.1814026586368
1386580800000,1411.2382430277228,1746.3629052108301,2854.3112238367685,609.9706399761752,453.8504569767027
1386581400000,1989.6624608582194,2100.3782170853074,2969.6311156264665,673.1359664585331,450.98247679631817
1386582000000,1708.210501184323,1845.961338747004,2935.6755004538495,745.2518765706479,472.4125728278224
1386582600000,1852.753587318488,2070.148543111782,3031.463686379626,573.7852803179479,400.4353449324136
1386583200000,1988.0821416064623,2394.079144655494,3144.188905310325,589.067015405445,437.5254549917453
1386583800000,1964.1074851003507,2192.322942064657,3214.7363200824325,605.443444669435,407.5877088427032
1386584400000,2397.8957269891534,2509.5407900672303,3120.8091467801123,585.3259045319376,574.2085745180568
1386585000000,2260.8451580027745,2282.3519909960733,3138.471981400412,593.709356359859,468.88945009348186
1386585600000,2480.8486587894186,2295.7782627055967,3048.4841859487465,565.7194127948477,483.56413548824713
1386586200000,2701.7840176516424,2636.385863799142,3230.460453617554,700.7230848573735,439.8827551404157
1386586800000,3042.143515000845,2547.462541872523,3164.4768766133393,660.3153349894228,445.34534296472134
1386587400000,2974.846387810421,2386.3855888957582,3393.2017540899747,644.5098871508119,531.604484392177
1386588000000,2903.1369243338872,2545.288988198603,3336.7927514430435,602.5283794158496,582.93085877611
1386588600000,3203.482387498181,2672.1698530684257,3409.2472570327704,625.224599598105,565.2786608340945
1386589200000,3222.116360602749,2449.63860829958,3823.8648899874697,610.3764012939076,572.5689725751038
1386589800000,3078.2803005000787,2405.5867578366174,3724.2675390647623,620.6819157460753,590.9305763679921
1386590400000,3505.767897532697,2750.2495895042016,3743.409057100805,550.9893478620613,552.6055495043139
1386591000000,3160.8877761726194,2690.35201569729,3872.8954574684108,622.035822781025,601.5698419716505
1386591600000,3734.772820551265,2598.714237466934,3649.3114250047006,616.4090053185067,546.9123109696651
1386592200000,3456.371950826125,2912.2058465572613,3863.2633166999813,657.0705890959767,507.7790018895028
1386592800000,3440.2439863698346,3005.7241892288894,3894.0209293114112,653.6830687754339,530.8434575130336
1386593400000,3618.8580198982536,2801.353121918772,3508.3251936185648,670.7059999777485,639.9215425661561
1386594000000,3394.5559155529136,2954.7589565744465,3526.296657777484,698.978194309017,621.4125247605122
1386594600000,3321.4021197794914,2898.1652348063053,3614.616301228919,723.9936735148315,572.7143845436111
1386595200000,3433.352752611765,2765.6485470388448,3404.4192056396255,690.8403250051379,562.5489861493519
1386595800000,3996.081142480438,2740.5352380730587,3273.3309357204716,632.3285238990176,592.743358795016
1386596400000,3518.5361519554153,2712.6379632265607,3082.7794636388926,679.766626638632,548.8649021042213
1386597000000,3350.209601455899,2600.7758983992944,3062.046012154874,644.2609758872062,558.760998804814
1386597600000,3353.428698324812,2776.597648348854,3186.2708708626997,578.1813486478359,568.9599314654682
1386598200000,3593.060863520504,2660.2707549773327,3026.7527369063164,619.3337801626877,537.7079257934682
1386598800000,3450.299803232859,2870.105232652185,3134.234811451448,584.2441369443961,513.3258020522312
1386599400000,3290.5028206232646,2737.2053707404784,3156.0155674792923,575.917652026895,524.7205529314887
1386600000000,3320.637292329159,2794.073352040072,3131.084680087522,629.9818712171265,531.6639705692276
1386600600000,3220.275198981794,2531.232604590424,3036.976640799249,620.1029794858221,607.5902979433911
1386601200000,3231.744477228013,2501.116209691191,3062.7142386603527,713.2089348521716,533.0172116196812
1386601800000,3408.066809095795,2450.359820693542,3103.1060342251835,704.7353395617529,516.7624473149868
1386602400000,3187.629648179204,2575.211733065413,3020.990456839187,618.520544436181,576.6652484714274
1386603000000,2956.6041441156012,2720.3698452417966,3159.535330794033,596.1743858014877,620.8304237196437
1386603600000,3463.56150151602,2612.401562625862,2995.24904700532,567.5182691478603,600.6827946778445
1386604200000,3122.2016325306263,2700.0929763927434,3248.5043584486752,606.8137852587757,580.100289689596
1386604800000,3157.810637717837,2803.3911537354575,3000.530024985134,618.3773701639639,676.51813587043
1386605400000,3118.673221847486,2719.4897999263953,2873.7367382488515,540.2957482461551,550.5066034452383
1386606000000,2964.6244110441626,2916.3238362619854,2749.423416831366,563.0168753471647,545.083889108413
1386606600000,3050.6495722309096,2889.5675212403626,2749.5051758885543,551.3392278983839,554.0591571519185
1386607200000,2808.9745149280725,2522.848692299926,2881.8264471781026,524.5080747885995,600.6329056473772
1386607800000,2942.399340724853,2273.608600084638,2945.4989220239454,573.1213557580671,590.9736644347848
1386608400000,2844.13249525681,2713.9301277403692,2983.1672164409124,545.5158827913859,688.6329108199333
1386609000000,3190.8273764529063,2347.227020237322,2645.0140434945365,467.9075627781066,607.8320935182537
1386609600000,3298.340727179052,2157.8652490096442,2781.809684862617,433.94434444778784,599.9825902930708
1386610200000,3014.899379482372,2204.971844575672,2494.26089758934,430.5484821581618,596.7985982715951
1386610800000,2896.6941600115047,1947.5545250541127,2094.783150707184,454.1005466696153,774.422402145092
1386611400000,2403.4284778563024,1896.3414337220413,2029.7943612269544,427.47828695327,801.780140700678
1386612000000,2552.499083723414,1900.7827249251322,2030.2724613485716,482.7479206557221,700.6651349617662
1386612600000,2454.9737175207415,1874.8843130520077,1825.4419496353676,432.17670770065865,689.3024605686215
1386613200000,2421.0725750404213,1662.79888695887,1704.1217108144342,421.62412477898897,723.8401016045594
1386613800000,2441.8666155750784,1684.8167432042976,1528.3424601862275,399.09518653158295,703.3312190158146
1386614400000,2372.472928685754,1843.3633947108904,1483.533254242675,412.21527552127696,783.7400620722019
1386615000000,2110.386474564868,1385.3277184420797,1483.4306859653693,396.19690943874565,708.9614023741897
1386615600000,2018.1278374106346,1368.7177537696557,1221.805294044066,472.8987683601907,777.018875070656
1386616200000,1706.880093473843,1413.4725303778807,1334.3074984644943,725.0134979377053,716.6904017530426
1386616800000,1786.9881656038613,1549.6429379085514,1260.2170115097836,427.22975443476827,738.0862015971105
1386617400000,1724.084944474728,1051.361729127331,1206.8630889220108,469.20175653371905,781.216817025246
1386618000000,1363.3905766764728,976.9859583612748,1146.9244330147499,391.7514369723458,992.8817192848928
1386618600000,1208.850420254646,1058.7889221644266,1149.4871033816469,351.9380136221107,717.8097807589673
1386619200000,1070.45132290192,891.2176521268084,1049.007228040335,343.8704535066578,745.5239064868141
1386619800000,1269.2037879680129,1138.565951739247,900.2009418162834,335.1169370045222,791.522392687002
1386620400000,911.9992321858214,908.2933016091614,871.7657997152613,313.0895157824575,777.2083787933342
1386621000000,1163.344928458,970.7667035675387,921.2236369835028,323.80607427344614,750.5840872860257
1386621600000,1251.9444412724192,930.2709636875335,896.5796139270076,355.0162888233997,797.8965555465646
1386622200000,749.9757288945938,1250.5221955179095,817.8085052570194,325.50955749186363,873.3808495052706
1386622800000,1104.5600697149387,921.4077034659106,795.5941383687334,335.5815374120253,846.011308241717
1386623400000,735.9486226800603,794.7772463208402,838.5775180013817,338.54164713643473,842.1668163427235
1386624000000,599.9603838037731,690.4801584571743,798.9358081958661,296.95600152392507,738.5761384580181
1386624600000,510.0028049129298,669.5327464150923,725.1203357152019,267.3110167703928,715.2050470040241
1386625200000,485.5801798516187,642.6120549219393,769.7224414970588,286.12018247201144,717.5347077500506
1386625800000,519.70082301519,689.616961262894,701.9041600015371,242.99411689351703,622.5187930214885
1386626400000,619.576488944201,1241.0783383228586,668.1357485213487,298.32282127516237,658.500072753241
1386627000000,667.1829999051492,744.9645883043502,726.321210295616,312.30995932963606,632.5576160756002
1386627600000,492.0888875215429,733.891029798465,673.2275461418179,305.35511470194814,642.0522616876917
1386628200000,368.2917186481875,478.231674803482,752.7183939979172,387.35873513083004,630.0395538076779
1386628800000,338.8474396220251,527.9005048799994,867.2728552669796,243.9892931604325,615.6419898236355
1386629400000,361.5020161631454,458.8825984394052,619.8866656066277,229.50847931210248,588.7361062112878
1386630000000,321.24618828406307,550.4351966535849,644.2114393384638,213.0530114066503,538.2231469863186
1386630600000,283.5748829897305,544.6912324559422,661.139058930836,216.8649130269609,517.7971967455588
1386631200000,269.9622148315912,488.5007635726027,591.2548196813199,245.4059320353271,537.0956306995151
1386631800000,234.39209205085433,426.5383740296285,540.8105548792686,304.39091326951007,453.3458560886069
1386632400000,297.9335141868748,400.9922085391595,601.8875474377868,252.4621449401082,496.8815664760017
1386633000000,277.5019144353258,414.2262562838272,534.2212857058611,191.42519170998656,467.626262003933
1386633600000,226.25292962946904,368.5494778741091,541.0835458631885,200.48521798407495,401.0238438403109
1386634200000,282.7734841190063,348.31711410558773,536.3008149775609,158.87278387034314,405.6914998738058
1386634800000,257.8628493400293,376.40951033540466,433.90784241721286,181.48133743884475,376.34013376391925
1386635400000,213.0936776132515,303.4646390265955,418.3687739967319,161.22524757155063,358.7657352274095
1386636000000,177.8684936260589,321.4789747695121,460.4585760631081,169.13470413479163,471.05723353889323
1386636600000,255.63413185297472,356.39891263689697,398.83795680395593,174.25683979760242,394.7609810416868
1386637200000,202.13348909173735,956.8873091900792,398.18340416669207,151.4614574502443,354.1127031198875
1386637800000,169.40472116322601,352.3286535616142,422.0772826258379,147.1148997998744,389.0540745176579
1386638400000,235.39459434797672,379.1968209061395,398.24679018033765,148.81428499314825,383.98012930131495
1386639000000,197.1322060646105,332.2477853746749,421.9188859604404,130.2308953444206,342.92368277439516
1386639600000,193.96276766856573,372.49020773301527,428.8296565095238,134.06196454557144,364.8305397858921
1386640200000,215.84757802339772,365.53426046837023,385.66124258188097,125.30735543370378,383.3822131219863
1386640800000,197.7018870085049,306.30201489381636,410.0279740372614,135.62639913768206,279.7592234748131
1386641400000,170.36481469331602,368.0035019184389,477.5661480908826,148.89434122458513,369.6501648994635
1386642000000,224.65426132062936,428.0559685386166,357.6382037434927,138.1892025764187,266.4408105894197
1386642600000,206.94720266291975,329.74393516069733,367.9838160970556,152.34434729335558,273.66045327329704
1386643200000,177.65283641322287,380.50746892315897,467.1860070616244,148.27492887921883,291.5850038386901
1386643800000,271.3110012529681,372.60827793505797,382.3274564307208,150.57608345376218,228.5603532467555
1386644400000,199.0724348339691,317.63249393591786,364.37384679330256,134.6753720256929,222.9447666936035
1386645000000,185.74604755955107,352.1720942323141,419.83233059237017,135.48655979920088,238.67171921539244
1386645600000,284.8129482083949,325.8515207280511,373.2426377204474,128.59583500562377,217.39951424858089
1386646200000,205.68058433097696,316.47022591026047,377.1129821783546,124.9324057088906,229.1457773494335
1386646800000,198.18827819344384,343.46044082712416,409.10550037408825,135.46474731031424,220.4267684022892
1386647400000,238.00861832118684,326.21589162687263,352.69433906379294,128.11555446689073,206.3865876280853
1386648000000,210.892401953971,295.99828049203484,394.31929330288904,132.34950550013087,236.387215568346
1386648600000,191.16960067230147,333.8072770361875,442.6204643964715,138.50385459020836,257.55060998834836
1386649200000,221.1559916023867,332.6810801778034,371.5587015859684,125.00497457941093,235.89307458068663
1386649800000,201.75530934224824,291.00301383056154,394.1126698025835,126.95942479420158,265.65255829932096
1386650400000,213.70208046410661,432.3399726410366,445.3772523038059,130.844130256704,253.1447903511436
1386651000000,246.19755688153182,462.1157794601235,408.0394333654995,127.87521356743169,237.44903325064067
1386651600000,210.6618404141944,447.0787930471175,436.78826682953957,126.653059533496,255.81165695661468
1386652200000,209.51753377734104,462.5635456079721,462.7916937582355,213.36857088340875,284.8558594314176
1386652800000,246.4317457658274,366.08529057095996,374.17169747444336,160.1110121151042,232.809043740424
1386653400000,191.0463307024446,369.27211166244246,411.68983179107175,154.8868999259538,264.43260570057356
1386654000000,230.9454446923766,395.4063261395241,554.0080122899744,158.42677910483752,287.60578517850126
1386654600000,265.63671516405066,431.497820751635,422.6603195842008,165.46722907952935,275.9883864263509
1386655200000,265.48935518274567,398.3088818392504,521.6469360383876,176.47173453264895,283.28635632046905
1386655800000,275.4365376154429,473.3172950200726,610.3410314431036,193.0622362087557,316.2301269084816
1386656400000,355.42001985147584,459.4293931525367,605.9804846212542,198.94857409005942,362.149159822138
1386657000000,316.6433033660213,501.7922382991474,710.8078407956576,203.10150193410811,408.4578367117281
1386657600000,334.18826451920137,622.4240820685033,720.6790526110062,221.72529908513025,569.2521645057994
1386658200000,375.8591039258433,632.302390128675,789.7491894585935,291.68237446517,471.9276854619935
1386658800000,447.0162371530165,799.3837709642781,841.2559491622764,273.42276586558603,506.0240886144771
1386659400000,465.69836731812654,1072.7003239380508,956.5063721217751,283.4936275743662,561.1448361553455
1386660000000,571.745302732328,977.5033824525696,1218.979190364783,334.43194905906574,533.6707881447272
1386660600000,664.5268184629583,1091.545729405552,1382.503351987936,361.3297318057746,556.05739308909
1386661200000,741.2478913751684,1217.1279480347991,1705.9255520250751,399.8829874001896,540.8437304165186
1386661800000,1250.8732533325515,1303.055254607055,1912.6587393288794,390.2696446477877,470.53607738119183
1386662400000,1034.0663537584082,1575.0018912071764,2249.3953109795725,421.1120445553508,609.9388094579468
1386663000000,987.9583480077944,1681.3342911627878,2400.356429182868,422.4803615662049,579.3580908630621
1386663600000,1067.1651187689336,1558.2785640733027,2539.640162366661,443.24481993871467,551.3307928233337
1386664200000,1182.1729593816237,1637.3097785294137,2770.318034381987,464.26200392790616,600.499285491795
1386664800000,1181.2797682246594,1781.1392330829494,3009.7020471588175,473.25782364940596,529.154403247106
1386665400000,1314.2956837481133,1995.1042812739242,2820.3383431540474,491.99132314422917,515.2942396169174
1386666000000,1286.0299927174374,1961.156593431367,3073.1199080653946,588.7120537364714,475.7976751790849
1386666600000,1508.019686343458,2290.3917084924815,3108.1571519661957,532.8085096995599,506.8646825931989
1386667200000,1461.930008290191,2023.517845604383,2928.094294072107,794.2973823167689,619.6072836622188
1386667800000,1595.795797241002,2260.137001637907,3088.0491124949613,628.6012663550628,524.6154284420347
1386668400000,1769.1548127383965,2472.3643111929096,3266.7993959581704,577.3155738474766,485.35755881279954
1386669000000,1872.693347053,2301.1991175097523,3105.3556882293738,592.8674257579612,548.351602519665
1386669600000,2127.701938736065,2286.6115306310617,3462.9751159479847,619.5841958749434,555.4520517134852
1386670200000,2029.3066643100333,2466.0419279126418,3348.6824054168433,624.0664773523819,610.0298855771789
1386670800000,2434.3886906849543,2453.9640612182543,3118.5851859245518,578.1502657071617,611.0889796288081
1386671400000,2413.4876444569877,2577.3738865855807,3280.4570006854,568.2830475306388,526.0665465755103
1386672000000,2543.2111316454834,2892.698050853493,3413.786173352347,625.035807964651,623.7805775719834
1386672600000,2489.2895465785687,2647.2145578369395,3309.981190629436,703.7802516432973,551.4520075947927
1386673200000,2868.7604798395914,2526.6144299851367,3290.390505248179,697.5408154709418,532.2429817388733
1386673800000,2853.105983140955,2653.178716472184,3776.5877078412304,705.8744543638034,552.5687399272404
1386674400000,2651.8319662165413,2747.9503948269803,3575.1233669202443,618.3625626274134,519.2151978493392
1386675000000,2957.8166666484017,3244.127180828212,3868.01836945887,724.4446080723842,553.187528156385
1386675600000,2898.6072854933464,2985.628261021921,3637.4714959377757,609.6919305586194,530.080234808075
1386676200000,2911.711998061224,2954.0651419839764,3817.0592900374163,637.6498147048812,537.5163368128951
1386676800000,2930.455344329075,3111.7389961341382,4082.4955803518337,651.3547097572285,606.567471524046
1386677400000,3141.1102380708467,3155.8034867130077,3859.278717122087,616.7305176112764,600.2455527656517
1386678000000,3368.4009839053906,3160.2807377296663,3974.8708858115347,601.6645387778121,580.0345639644529
1386678600000,3231.1433790255696,3194.4549175180787,3688.946841712929,600.4151539287742,583.5196274969284
1386679200000,3662.567135118566,3238.29843796729,3805.796052478219,638.6344839339325,660.0764894814378
1386679800000,4065.1886625351603,3301.3201642272525,3894.6757852769388,549.2291250674745,603.6203122747665
1386680400000,3625.6884658850677,3310.846403127195,3811.008592171509,656.5834676025202,606.2191609012975
1386681000000,3464.351164318419,3209.618134391276,3629.133193030558,632.0446752250969,606.6710992918217
1386681600000,3512.016688220512,3132.4637372424327,3697.153232513329,638.6215794866195,587.0617159724333
1386682200000,3121.0406463123304,3463.69561407053,3382.6753588092974,589.5968655392472,538.4750913881228
1386682800000,3254.76267522906,2919.789239854223,3475.0174472134267,571.7531474453199,597.9328450552529
1386683400000,3103.131903451867,3138.5392340985186,3332.165507876112,542.0784415890437,579.2901725572303
1386684000000,3059.992802036313,2834.923965586018,3371.7673983454574,607.1095345373659,598.6069294749806
1386684600000,3195.9437872192084,3187.3694041017798,3388.587594203868,555.2243656099066,586.5707126070128
1386685200000,3294.0350744916686,3031.560525354649,3393.719091772291,576.7374189942833,493.9788522411
1386685800000,3016.1503591977844,2918.2140896032233,3186.8454838367215,582.6475469936763,479.3345525954483
1386686400000,3410.023774057832,2935.7908448972385,3201.104131487282,600.3835151674601,570.3463709074055
1386687000000,3132.7171896668247,2772.834342409949,3245.464535119756,614.4173903257487,618.4323775944163
1386687600000,3000.3344926414948,2844.5390282655976,3246.574756772559,726.8443256371038,763.8526989929527
1386688200000,2832.4080257872592,2766.8157455727646,3324.013359578497,623.3047185862979,624.5681805943842
1386688800000,2797.685485264304,3089.223200146021,3021.197441051805,587.2947257870264,477.29545153793396
1386689400000,2896.3176183643186,2774.1755166445223,3019.647600103379,581.2714413661289,488.50202203125156
1386690000000,2963.0565372957426,2913.9536687891273,3190.829748392508,539.2694743153216,572.4212801737918
1386690600000,2810.552032880453,2843.841777680515,3021.986966605314,584.3780753571981,509.11048866560975
1386691200000,3221.4004855568774,2853.4808195061805,3179.2831083903493,554.986549722665,514.6432263180623
1386691800000,3373.3518105942912,2829.6443966415736,2976.7498034385853,560.0204074126472,530.6747326574314
1386692400000,3393.078513424116,2822.575359236332,3187.8835358629044,531.4493503157872,479.58339623087204
1386693000000,2861.037552413938,2781.0359798668705,2789.059178299375,574.1686025493275,586.4904735238168
1386693600000,2986.179415226028,2717.213230061341,3138.156743207123,599.7715198594408,614.4956823401961
1386694200000,2777.1235248284734,2600.1138150715537,2807.5009816883994,543.1169510044477,680.8164075660826
1386694800000,2905.255889465411,2694.7937405240473,2642.5994873981695,572.6575535103653,643.9902094255972
1386695400000,2720.480206961335,2531.378245839925,2803.001981436254,514.1556391400866,676.5841932994902
1386696000000,2817.2682824668473,2527.0507530060636,2459.8783882192984,457.9327846174828,642.5347603719728
1386696600000,2693.632932546506,2394.3535213446253,2346.2655131017264,455.84152194244336,576.9963654517994
1386697200000,2602.60932881215,2249.61767197255,2350.669305020943,455.8208714155915,599.3389697392338
1386697800000,2266.339147848569,1996.8152958705564,2046.2083221281173,463.0687602168286,663.7621387839764
1386698400000,2333.9846401720642,2160.4157352392426,1970.6298321917243,438.2396900647708,672.4134614561722
1386699000000,2419.121681323053,2140.319754128275,2018.0935946497311,395.0819146499761,703.693321176444
1386699600000,2262.9508000536403,2136.7168592793537,1925.8717369059261,441.5277924829664,696.2660219459079
1386700200000,2255.9499272040684,2046.5723335062078,1726.6337253581767,449.03014898661667,648.7047696218378
1386700800000,2073.716820410332,1731.46493206751,1777.6979881680627,411.38664095789375,772.3368162471438
1386701400000,2024.5290396421447,1756.636454692517,1543.2425917028736,453.92358397381275,653.3025229240725
1386702000000,1960.2728766159278,1688.5913437378272,1498.7780823447554,449.8721888040973,672.4893489887224
1386702600000,1765.1613870880035,1625.3926865210424,1489.234909921244,389.6933910983099,724.7805971926014
1386703200000,1788.756214392986,1324.3677743481542,1361.158419909584,368.29665962660357,707.3540741777974
1386703800000,1526.2215411157463,1316.6862372275446,1210.2972678851372,403.590200431365,766.4530107304304
1386704400000,1562.6075032920287,1236.9320283851177,1291.0725699787527,343.9423722714418,753.1644926455037
1386705000000,1344.0307901338886,1163.248523561949,1233.8783803625527,340.8205978629076,752.602210130519
1386705600000,1141.089041441686,1774.6016165375408,1094.7841246102264,342.09737441403496,841.567823923543
1386706200000,1088.2321259356806,1287.5081692714318,1126.5350087029567,333.5143033882149,723.326731553183
1386706800000,1244.7518497265942,1242.5880660265866,1064.3871233606949,393.061100696122,701.3604154853849
1386707400000,1315.3726924693844,1261.860853866514,939.2835654233478,332.4083867182332,752.147331378204
1386708000000,1154.6964204672227,1022.1285651056852,1055.8470584758709,331.1391083544853,791.3028629655553
1386708600000,1005.1485661732378,1066.5682867229066,911.8819165859445,348.0560317205893,782.9631757824629
1386709200000,909.8451235714792,1007.3861421903682,977.2694769221278,444.7445641941471,771.1277776415059
1386709800000,738.1878629114431,1131.5333702959185,1018.9928071183105,349.2562805064613,808.1702779435865
1386710400000,658.338864425696,911.0455527095174,990.0190034020777,351.5604901615008,684.4885861396887
1386711000000,566.22382868754,877.7382478679683,940.1659222293571,309.83954245385803,720.1339877535659
1386711600000,574.1558683109095,916.1454912587727,865.2564550955265,296.52614692638434,729.1986877706163
1386712200000,467.28871591812475,1263.0488825818757,779.1495302220501,308.19022555736177,727.8742620355359
1386712800000,427.3443448858303,896.8783305658486,696.9022899102605,259.6221872641696,807.9749996605312
1386713400000,353.807431785051,1194.1348057794378,730.462833187878,267.4613787563615,791.0890146218196
1386714000000,352.9627659275522,1122.802012207111,765.4255238847265,271.4233356587584,688.2616558699394
1386714600000,362.0094384391652,827.6440174301331,663.6350769728176,363.7216612420609,689.141518574333
1386715200000,381.38250372529603,590.8520099009079,667.4697446373098,327.34995707367835,678.3611209261736
1386715800000,364.4811363897747,575.1741274255048,690.7700929630867,255.86039231382728,592.0703668407322
1386716400000,295.88072399477016,763.3271547033161,559.1733413478199,230.65399047779167,683.5830761078809
1386717000000,257.18309348511787,638.1712121529948,619.6597574520144,226.42462449587347,569.6193931188116
1386717600000,267.63985775191776,511.84302495859214,583.0513108720465,222.99160494455094,584.5679116330408
1386718200000,244.42473172386664,493.0200335354749,533.5086439129234,189.17584780045425,545.6702193110145
1386718800000,224.00580230457737,541.5561297685157,569.0734012430996,193.43237378756896,510.77725320261385
1386719400000,247.905897953877,465.88634422245286,581.9291916362022,208.59404017747875,469.8527263591683
1386720000000,236.0701439871244,442.6639760120275,545.3542405154029,174.79423231103334,427.5261716355846
1386720600000,218.04058578091585,481.8441393773492,482.79617743418476,187.25842843885587,418.0548746069728
1386721200000,221.78624033323274,439.98601098250253,525.0743609991724,159.40586633598963,400.81254898731265
1386721800000,205.38935320746717,452.7424634887968,425.4803691516798,167.21787295710996,369.04261796258953
1386722400000,203.17487304590446,507.97769589412485,409.6648689275421,170.3165491583607,400.8244622632006
1386723000000,189.07670906517873,409.54782965612117,425.385226754831,173.94562673663663,494.8521557479257
1386723600000,221.35080434029857,407.8581697848473,397.7220029746136,168.5810741375314,444.7563368823551
1386724200000,186.01382777158082,411.8441513892058,483.914512209497,163.12421517692653,342.4581772268418
1386724800000,187.6072437430139,397.2263658285008,429.6882573714652,154.574988613402,321.2747658609198
1386725400000,203.60865651314708,432.56320132128315,337.4970738963234,154.07894436560704,288.33099527290716
1386726000000,188.06959858844337,366.8083372153723,400.18402401083046,141.21885011394002,288.67886802857436
1386726600000,201.89744953270045,337.33317075894405,391.16013604632866,152.0255371222601,275.95453135112257
1386727200000,239.15575565673876,384.66996199349705,326.25812635707496,138.42694333186412,265.6091559139481
1386727800000,197.30264795778618,411.03578544519434,381.713906753012,167.92000332580122,257.03509186205736
1386728400000,184.57481327899487,426.82016684153103,375.2427740020569,139.4139556725301,263.7033627789328
1386729000000,221.67671326957577,294.3900905957419,319.0266910202491,144.47395286673915,260.9219977588032
1386729600000,200.77549961147378,346.5054005027253,391.6683311435018,144.24508466266224,248.72176084597046
1386730200000,218.46410144997466,276.82494569645587,376.2120754686069,142.08119253461533,234.65086261877693
1386730800000,209.15075789757637,303.03932346024885,308.3628134351405,124.78372493820585,266.13918739829177
1386731400000,183.0799181154492,341.1050161468281,372.9399532719966,120.3764163699107,274.8803224247587
1386732000000,204.4224927158683,278.160773726999,383.0604862478641,129.82357745967988,261.0725936659327
1386732600000,207.92744843284717,301.171042616351,297.955313680247,124.13077840222253,293.32575817545865
1386733200000,193.86778368758334,327.8418215268047,356.95371759078915,118.49946350337557,290.08807725311345
1386733800000,222.28223265833154,296.3528310567581,364.51662806818683,121.04870506409094,315.1141066607513
1386734400000,204.66637519493563,306.2347674515553,312.1010622989331,123.6498000878513,282.36035461968686
1386735000000,187.19679330970405,311.8100309996999,384.0633603519027,120.14341266091097,289.7656286034819
1386735600000,198.10167042811173,314.48339603877946,381.5938993532371,131.28775911406916,267.4689433362993
1386736200000,217.32477645999072,297.3431839657323,343.9357306874531,120.65451184658183,281.50198935741446
1386736800000,213.37644931376386,302.52465366029816,395.719062706498,117.1964037583053,255.41918202733697
1386737400000,254.15324927834433,293.94160060399565,398.45816823074694,115.79890971880731,237.52554617538124
1386738000000,195.80129365329938,298.27310490429943,354.0349539406991,120.11092070563603,304.6422089651099
1386738600000,178.29602863347077,323.27947591305616,395.13436257291266,116.36724584383293,254.11006842743927
1386739200000,227.6284805859831,276.312577142276,396.44850050166974,138.96892138502335,267.30282829820067
1386739800000,202.48759560189737,346.8734694925218,364.0082585034803,139.85839112552557,263.7808077646428
1386740400000,191.68062758923895,370.59259695870156,452.6262805086006,162.03049935160988,280.6779474032128
1386741000000,222.91464293687343,330.0849545656779,492.35716803305615,153.72899727349383,310.5194346539892
1386741600000,252.93442305293846,414.72202226534114,463.61292446434896,158.91656672677436,312.7526522218831
1386742200000,232.61905888914526,498.2012939329356,555.0616511861123,176.3570441313063,334.98352507139504
1386742800000,298.38362526956365,507.0248673985154,565.3959100667489,199.34847399273605,399.987082863791
1386743400000,293.59519987838917,500.8140123783552,533.38126933963,245.31488351600066,468.86538618015805
1386744000000,312.7747043030895,577.8698454760575,777.6621242099158,233.92746481714013,444.33292336413206
1386744600000,326.567556955424,648.3633271057136,904.4889708871882,243.53023630353752,667.2337663578397
1386745200000,424.1389987095486,706.6959491757276,812.202419397715,289.76421785068936,470.0703745733061
1386745800000,400.1293190346354,896.7079302923888,1016.8386572806461,318.57453796917616,461.7268138078648
1386746400000,495.19464431096276,914.414046082833,1204.3872314498888,327.8755777868208,541.7430486511347
1386747000000,575.2000380182571,909.3241123627414,1464.5022958049876,352.9083859593934,574.3369977545515
1386747600000,783.386541450137,1036.2611711370155,1682.723680990967,540.6554454718249,506.0297298910142
1386748200000,1040.668079042887,1165.2615245077016,2065.818459785702,440.37255143114703,505.68169997599927
1386748800000,1161.454928757647,1193.8663236087025,2095.539107943873,446.1533433275021,577.6402711182001
1386749400000,1010.1386254501875,1675.2162797106275,2579.7137855536594,526.1427834546822,509.65226328591314
1386750000000,1017.5528936328421,1398.3181434997425,2469.0523048929545,603.6014534730479,516.0985984146133
1386750600000,1044.2306658992,1684.2669963058866,2808.085441323273,569.9827086062674,502.3463858226225
1386751200000,1252.324541624463,1810.5433219908882,2834.618841599916,510.4587113880946,490.2595082676921
1386751800000,1264.1052204765551,1633.9136806370302,2883.215628090011,563.4989552001279,479.01646847692757
1386752400000,1474.8528257834698,1718.2715651912636,3156.23905383869,553.7079602314718,497.59645644417935
1386753000000,1447.6916758307716,1905.1145055613395,3191.8454573000145,634.2637155452588,466.99139322823737
1386753600000,1499.5226933920137,1988.149855287082,3008.322017395891,616.4752391624517,420.12900132182136
1386754200000,1890.1306684078925,1958.0093660104144,3253.709513318467,618.3671524948776,441.54750164125954
1386754800000,1830.4741641125738,2246.488910963348,3167.4029061557258,519.5864822943728,479.27501982697027
1386755400000,2089.8485847951256,2236.9654857056903,3287.4407894773385,549.1142016236655,523.2210761003014
1386756000000,2179.298384170839,2450.2342167679044,3249.80165787854,591.3877421877507,459.66890741366035
1386756600000,2114.053710476354,2360.706305463059,3271.0712569372095,520.1284334257639,526.7893332178178
1386757200000,2316.6033937561874,2257.239412540891,3329.848057871802,550.4477861281853,543.0165557073233
1386757800000,2502.175634246256,2342.7936660496052,3005.517439955659,602.4377532064307,516.601123780153
1386758400000,2515.2103158130503,2523.079698929656,3142.5615915956964,551.092350919985,546.8179303335078
1386759000000,2682.8719508510553,2344.0938238222,3158.8927952421977,631.0252715181061,549.7355512877692
1386759600000,2870.223843337566,2563.892773991498,3256.497944143482,631.876528668744,574.9768726792554
1386760200000,3092.9109838335144,2796.188529636315,3270.3201159724026,651.4567934826233,582.3505838416187
1386760800000,2706.693826756696,3009.7483108676906,3288.2724984249103,643.1494081746553,543.85519771199
1386761400000,2981.687531474307,2996.602726758005,3452.6288356272516,652.9877926732709,481.6406306415742
1386762000000,3137.8832177994736,3488.2745714556986,4244.993739370243,607.7226869403466,493.0437670583005
1386762600000,3144.632401348295,2929.3225160527486,4260.2272995543835,631.9515988477623,571.9684822746567
1386763200000,3117.8342377126046,3129.3904625230966,3750.690813363902,623.4381232325255,561.9312632650166
1386763800000,3257.9246847932277,3032.5339585278125,3767.807900294993,602.5543964177733,514.3385987885354
1386764400000,3512.2787720959072,3102.935559001367,3813.6315062852923,611.5530562459668,594.8473207384386
1386765000000,3528.6334725558236,2996.585096775547,3723.697569968177,599.7180121573103,570.1603851876922
1386765600000,3814.9670325432235,3351.083280169698,3712.0668465652548,553.0613528816697,613.5127066924119
1386766200000,4178.795294696364,3350.9951172129345,3390.4854553762993,619.5401344920119,574.968855701751
1386766800000,3768.34431346413,3409.3946792477154,3612.8964233550764,589.7098475793139,578.480249440186
1386767400000,3810.7360532641032,3262.4702473375605,3613.825344535466,588.4215318663322,595.5805336702949
1386768000000,3865.6614728025625,3188.5270889923527,3753.6796353877485,579.7735959407463,688.9950162258045
1386768600000,3861.78655272329,3212.2188382349705,3554.4298112687607,560.2589457049079,551.4377781897151
1386769200000,3706.2470987481775,3355.1520731158084,3301.107661298138,539.5792341579029,568.0767609991381
1386769800000,3293.3005484109385,3163.4939697286063,3585.7347350508117,616.1449588097539,564.378744327923
1386770400000,4132.060541771045,3138.420432215076,3514.8887672058663,594.1789896913914,545.02501742851
1386771000000,3649.1721881300605,3357.43079777664,3426.424642041025,581.8573940835323,584.453034923194
1386771600000,3822.5464319884586,3068.2593685431752,3320.78099027243,587.2234931674046,591.2187916472071
1386772200000,3880.5192464936445,2931.4197387903314,3710.0722867986647,517.9611369467144,542.5653022808822
1386772800000,3408.50326770866,2682.1438144772765,3245.297477051673,600.633365925961,602.9386390091616
1386773400000,3525.719126577444,2925.211390172259,3554.6401897892274,618.7663686653583,543.3301420108933
1386774000000,3255.458297758908,3033.021174357804,3284.4580070058773,698.4279218664987,546.9412032422271
1386774600000,3275.6461542957272,2649.476317276998,3351.186086248348,630.937268481656,590.6383335923222
1386775200000,3332.9100200412886,2890.993440962822,3570.223525246771,578.1594114424265,574.6245888011648
1386775800000,3342.68027827135,2967.2227446295037,3497.1389613879414,622.9717515005547,587.416622648608
1386776400000,3253.679159027318,2775.517098561601,3293.5797363839056,590.6574139334505,501.16926121320057
1386777000000,3496.8814386497506,3069.8019609893754,3403.468098972469,572.5534884357788,547.2760702565625
1386777600000,3577.3230761834925,2885.988751564646,3537.183763003454,558.2289287221622,605.1998038080674
1386778200000,3480.6045567357314,2788.834648171587,3291.186190146395,511.95608939965905,582.0410173848182
1386778800000,3174.1285084052515,2687.504883084052,3294.869611959152,533.1976353258219,532.658298077433
1386779400000,3291.367900054794,3005.776765092751,3221.863521658004,528.4080342880372,705.6694950110162
1386780000000,3078.2401567199927,2762.919022744781,3089.951439268673,579.2899898058533,635.234989172935
1386780600000,2965.4531810701687,2557.830689441214,2833.100159736019,548.5721527115419,639.5091135079781
1386781200000,3164.623002089203,2577.3950005373545,2840.2370325876636,502.0135100227156,584.0426987727116
1386781800000,3204.414439163255,2303.6161577359026,2752.0376424898063,484.76864067870605,616.0241121755419
1386782400000,2884.5107954411897,2664.4213289643067,2414.8873800242077,546.8792711748076,632.0941957861722
1386783000000,3250.848058446865,2439.0437866990524,2488.277329235743,530.8555467454507,623.4601101025796
1386783600000,3205.897007706004,2384.3091842883537,2273.674983373191,512.1074344119997,650.6036252642123
1386784200000,2673.7333365941195,2430.476166724927,2159.5951063266625,503.0759724151957,587.2645701209002
1386784800000,3022.7278310858237,2246.3482194956287,2318.6894646639266,468.03992263009786,633.2816859536615
1386785400000,3384.5896004493648,2297.522431554623,1939.9189679574033,446.8309564969142,750.8486072118815
1386786000000,2868.200022386271,2083.0298387292178,1945.4905267445454,480.68251799167183,669.0360313981876
1386786600000,2660.860105989865,1884.9933207754354,1910.2907283658546,482.37978066321057,705.264330744525
1386787200000,2573.2562580294916,1619.4544962841417,1762.2177314032206,472.85800244369557,674.5493536214025
1386787800000,2610.76231961466,1999.8436285138837,1644.4065467390215,428.14882621745926,721.6270743676401
1386788400000,2081.9491962026923,1679.3377719254893,1674.3565996618047,392.2360820245296,706.6125364399537
1386789000000,1811.2607600633037,1678.3756127438717,1552.7038827841025,399.1991372366681,706.7568830636519
1386789600000,1820.360720340549,1538.2764556623215,1487.6660037813224,353.96468884152586,793.4160752857969
1386790200000,1549.014699278596,1376.2447534256903,1455.7688621944492,328.4134658257572,793.6746764722784
1386790800000,1559.924482362233,1190.0136574979936,1289.6372551216348,328.3574765271199,831.0165434081902
1386791400000,1649.7778190060162,1193.601080751075,1262.061765378709,268.7786123798545,837.3783032028066
1386792000000,1342.1211051395028,879.5428268616471,1341.024207889989,294.65029185361306,810.821036881987
1386792600000,1336.4007863978052,915.6829123990248,1188.1857275006716,254.75071033924627,841.8306065208567
1386793200000,1533.3968024756673,977.5571752772329,1358.6354767221403,255.7150593785838,835.929045946259
1386793800000,1394.5619878644875,1041.2152108283544,1139.7736914199195,288.4143418512134,935.636571213193
1386794400000,965.4535013703645,995.1739192936583,1067.8314681567813,264.80495497585537,827.5972185814384
1386795000000,1036.4664347545329,969.6157536775255,1082.3530284835717,283.6758932146122,791.6246136706384
1386795600000,932.7498016987246,870.2261367332039,923.4490075283856,265.64207657973816,826.5703723153239
1386796200000,854.469011408307,860.2040294158935,953.3141615488744,256.352934460226,848.9058657250623
1386796800000,1072.956129369451,965.6927518543781,826.1804224244372,265.58892369937894,857.4413796263265
1386797400000,745.3289513094712,834.439735534866,816.2497189110984,246.7586489049164,919.8935944716192
1386798000000,629.2533620467605,667.7283681784875,835.4679491840855,259.98831038718856,1009.5974479758889
1386798600000,651.8451170342241,686.7643307078737,768.9847593582604,258.69978910028664,920.187434801664
1386799200000,747.0756954688369,535.6084655512465,798.6192746903762,272.79890304203377,876.9840553230479
1386799800000,446.07269021425327,673.3050706089259,701.0338993209677,267.1440480548157,910.7171674214766
1386800400000,580.1695538797185,626.0801313384402,829.9903119807506,238.39361191147563,811.9817742760783
1386801000000,431.2757349014595,485.938663097622,696.2265368830058,215.73891004022735,817.2577250274343
1386801600000,395.4509188510658,552.5887518606979,726.5791688034936,215.72338929641424,822.9526684392515
1386802200000,413.54331560476385,578.4616594588174,682.3691848633721,228.85158359953553,660.4859348316392
1386802800000,328.79370699181885,544.1087500914864,611.5025753375824,202.03449324329608,761.1616980073376
1386803400000,297.7911785662303,612.5638744068843,611.839266966894,202.96305863017287,643.7253557104425
1386804000000,303.2860798726954,550.2907136980984,602.837389511291,184.56310691257244,533.5719064484927
1386804600000,293.027230497133,515.6191962270657,572.9257831322101,197.75697715997669,540.8299595089446
1386805200000,448.93399368465396,576.8002038748481,589.8599661825614,231.7965298246721,570.9014558522821
1386805800000,297.6625977761961,528.7024321593599,515.5682781386494,185.18423911326335,472.4660048963512
1386806400000,288.0597703659173,487.7918500030922,454.6031647447027,181.029691350858,492.1707887649825
1386807000000,235.02210992397076,514.7918200151282,542.1632134115657,199.436575699673,437.0263349757124
1386807600000,296.48313022978255,502.5248404017906,431.6419778606683,195.79665487294915,436.561353987883
1386808200000,327.7968868592842,393.0340466184726,422.7874968547344,204.49169788639216,418.1082556793591
1386808800000,300.73006549809674,388.4132771963979,467.1225030610456,260.4158102577736,433.5791095092612
1386809400000,282.35351187186853,407.03629116384417,413.8206011124314,180.99161891563304,413.0662905210325
1386810000000,395.53614069701234,347.62170826003006,414.0228943123566,180.3188405412049,384.97495749316016
1386810600000,213.57557405965767,404.2024535289031,451.24891470116347,175.58758635361886,355.17072093177995
1386811200000,240.49989509562133,387.6932609273252,392.54188336830583,154.10345622652224,321.86672320000434
1386811800000,222.01194317181574,385.91410989272043,402.9848458373576,166.77151042055684,350.51953996573167
1386812400000,247.29656860913957,386.30444078364036,445.1554020488777,153.56519919902362,307.79450163607237
1386813000000,244.79601716477393,384.7451456611637,375.6043209438978,151.87334184455472,299.52551920649705
1386813600000,220.46003901378512,367.38992266868297,386.63606135127344,183.93690961856157,362.1966460308883
1386814200000,239.77580257614875,395.27367890041626,409.8014511355779,141.1123455302891,340.32114484526676
1386814800000,230.2194260830846,401.737628549336,375.5361668562033,152.02562630909392,342.84756437043484
1386815400000,223.01835271893992,353.0507322423066,375.9029601705522,150.97560864708,326.8419471248173
1386816000000,235.02690723417533,329.7814810478174,400.9671801420734,157.77939306875567,358.46414889225497
1386816600000,233.71686932701405,332.10987177860034,361.84727229199143,157.49457213598447,321.93762196884234
1386817200000,213.2458203839107,318.37245484277685,353.20391284673485,146.7348874699179,342.3603608754165
1386817800000,229.92974762660387,349.41076748612625,390.0122073580176,143.42175351042573,328.28232789513424
1386818400000,241.87694232222395,323.29787014079517,358.34815778936445,146.61289502677772,325.72526462892347
1386819000000,403.5207596738256,329.874286323831,364.8841577163091,147.94175313682786,331.2539087226598
1386819600000,221.8316648820579,340.2503056109154,372.59509917367154,135.97614862270885,322.6566293711291
1386820200000,279.6606523934995,303.57395665961263,348.94357415860816,144.35720796697942,299.43203053020915
1386820800000,278.86288948920577,313.9663372235891,354.05391212346876,138.40045354294077,280.11924362267433
1386821400000,226.44154464902553,306.3069920078205,378.58800566062365,129.4999141565116,275.3292196209103
1386822000000,228.36319088320477,378.34708366825896,375.9111324776318,136.5827010818601,260.65104218411074
1386822600000,339.11784830799274,306.8678153599204,348.85112003857506,141.0044889095072,310.8706759031898
1386823200000,267.2360066867515,301.5436686931208,388.7875994341038,131.42285373897587,304.0820951553056
1386823800000,237.33757037421321,349.7558905355573,389.31107274916855,130.33029305573984,318.56883428055215
1386824400000,239.74741431987584,310.33118810107584,365.4917160434677,129.43916540407892,324.5644676629393
1386825000000,229.47182979951015,367.4752982443261,414.0640511447612,137.37833206269372,304.29846662413235
1386825600000,251.98467518148007,396.937023023027,364.88426552304696,135.99957159637282,319.55674885560995
1386826200000,225.16645122430637,370.393327644894,365.64718263220755,142.805027852442,346.97693782554546
1386826800000,298.3381474609349,462.58872978171826,427.1146452855205,155.52709063048476,350.79971230628115
1386827400000,274.08011281591206,421.2170949507869,401.78746976739257,209.3223121115092,295.8481209978838
1386828000000,275.1366690366188,413.06086027863626,461.4253378794665,175.33267544970695,370.1738235518749
1386828600000,301.2577533005211,478.9303044838776,629.7557176943645,179.25957267932466,349.92413717604035
1386829200000,353.84931624611903,506.4712298551205,476.4727045039997,211.52040960810663,351.2684563085394
1386829800000,410.37674502535236,586.5367566241008,553.3329089268746,239.1807185051411,572.9764615465348
1386830400000,356.0628432755929,579.8459597032409,690.8904147306354,220.61764422336148,453.9245638345996
1386831000000,390.37231158092277,774.5173489541284,723.0951009748823,234.10006238614903,479.4608180215745
1386831600000,449.08651629700853,787.2202352389465,790.5577920834709,276.24440188175845,505.80111019729674
1386832200000,606.3141802238262,864.3499368124717,965.3026399349487,303.94392864610427,471.42441115587803
1386832800000,519.1369714958643,926.0423757212718,1147.661754139917,329.61252443554184,514.6996583202751
1386833400000,543.1250291916471,992.176936088757,1346.1465447773264,336.2509456860881,521.5441096547901
1386834000000,737.9161050770192,1386.6217487559968,1696.7517372149368,355.42469702154955,562.9098386853051
1386834600000,878.5917134092499,1429.96265451997,2050.480332816186,432.2173118306861,575.814128530164
1386835200000,940.3500083553814,1756.2965260468632,2252.8750401111015,442.5091042757385,510.18635147299966
1386835800000,985.9355181596276,1758.0387872859715,2388.3261034950738,530.0295910351218,585.0842653925502
1386836400000,1171.7846574211612,1974.704577326462,2244.7141830307824,512.3771111345379,498.43592110148387
1386837000000,1372.5874754541046,1966.7431050827058,2694.9997982084133,528.2581216143586,487.7462419077498
1386837600000,1200.880827667096,2061.187500029128,2891.175035214109,520.3937194054137,467.3574317883507
1386838200000,1378.660223897384,1968.2761979328425,2669.5090960182893,480.65895764364393,492.3174547629966
1386838800000,1436.4906194451783,2036.8434308031337,3044.638347914548,538.7179294346305,589.5586437938955
1386839400000,1531.6101327506149,2076.893065231292,2881.6554201708796,555.5409251600847,513.2815737690939
1386840000000,1810.7271063821042,2128.870735708643,2858.532072007614,531.4975275003585,520.475331763935
1386840600000,1808.5104570764654,2329.3063866607395,3054.1496429773,608.1204563574336,523.4353027393404
1386841200000,2152.2361864991562,2473.466738978694,3245.2677285085265,643.0635369117856,553.3093585845802
1386841800000,2463.396009168482,2551.570896094692,3211.103352937642,483.95822715555914,528.1651653353098
1386842400000,2421.6684258238975,2350.8794961051094,3167.5943473852235,506.4415988131185,507.53887642125835
1386843000000,2478.262194253232,2518.3153458459074,3685.882764529184,537.8562305532714,511.79766590531466
1386843600000,2504.706525111762,2802.1021010992094,3145.2350176299533,523.9224289801047,530.4528434605684
1386844200000,2712.789406330065,2476.346913229266,3320.985925058005,540.4470751775542,590.0971702240397
1386844800000,2844.1467875539806,2703.3649458148216,3355.4396730868416,506.95475816740895,501.32325597962455
1386845400000,2794.5779116450567,2956.366519879625,3107.7018713327166,589.1539799188805,540.9493697302422
1386846000000,2787.752286203615,2671.3422786023384,3160.2831498224587,563.0592222719456,557.7397699398439
1386846600000,3066.8423087564893,2962.096671066387,3265.9906235141966,613.0749351508885,541.6205830954107
1386847200000,3377.993906895976,2975.173613289029,3192.534244044218,704.9146751867428,573.0547421654634
1386847800000,2602.6939093617357,2991.2264108008694,3716.7051529120276,625.8565994125993,590.0773136825943
1386848400000,2806.230346383481,3271.6672614326676,3289.128855977376,656.3962603691525,576.6221029183952
1386849000000,3819.3222148995537,3418.4872800392154,3166.2246521156912,618.9751556930267,524.895798043032
1386849600000,3434.330772584479,3506.7033366318265,3704.27594174857,663.8212704516819,619.4454485482416
1386850200000,3432.6244366458927,3498.3464609028783,3747.4703276964788,615.7100102181574,603.3243271149339
1386850800000,3517.032716658924,3569.228181224261,3643.8260665897046,586.6922657179566,644.5288832797503
1386851400000,3574.9490338827086,3720.0341332172766,3588.602999337859,593.4686323629785,643.4221511906469
1386852000000,3910.5603960423273,4082.555630128935,3581.393293828159,636.3239398798456,652.3832007240021
1386852600000,3948.3728938560157,3707.846272961092,3650.207845499725,610.2121470851475,651.3994024235802
1386853200000,4082.5532660028707,3686.6034073928113,3730.517652394456,622.8649171866565,673.1022184787231
1386853800000,3696.0503990975913,3479.665536432594,3513.4747771820616,591.5827633161982,696.4258605800555
1386854400000,3813.781129827084,3577.103049312534,3587.7687411236593,674.5306472446853,686.0453034856725
1386855000000,3699.967186722916,3656.6104249470504,3530.8586145814597,562.6451831957962,698.6878447863573
1386855600000,3733.6892021968233,3678.0775326721523,3593.471325378682,563.1407736518563,614.0150250620499
1386856200000,3412.6031989139874,3535.566808175367,3327.3929168111345,537.4412672654177,655.8718300104589
1386856800000,3413.81384101729,3376.8802967188217,3343.5648415662686,512.5088238181737,621.83273134938
1386857400000,3381.8216165254157,3201.6993125498457,3391.646038998264,554.7379728289451,548.1755087945528
1386858000000,3300.125951563804,3431.975347455299,3200.0274584911604,568.1893710665744,564.5569460268493
1386858600000,3139.632010898242,3477.485749614206,3090.504282830466,605.6517870497481,580.1197083639604
1386859200000,3457.9044207937877,3364.166630232753,3372.3027228233054,607.0781851970403,533.5560090223353
1386859800000,3377.452184565446,3284.3122200849707,3388.8024306667467,613.7166938999067,542.5348189443139
1386860400000,3643.7153176126135,3185.4412016575643,3331.889405354495,624.0794166032489,521.1287738455528
1386861000000,3441.7379622173435,3094.745591056741,3287.2762195727605,626.5968091581307,549.8130797208802
1386861600000,3307.1278300837416,3113.1794807608917,3628.385599635364,566.0090131339724,591.4521161516618
1386862200000,3196.434474754261,3142.384116149002,3514.680651017546,549.0171560243057,573.8147025400937
1386862800000,3302.368416015128,3258.4139558849815,3188.418000522973,540.8226058513743,525.7023158105698
1386863400000,3299.547643159285,2934.7272650096306,3206.2321776239314,545.4855008947786,572.4301923564075
1386864000000,3301.998136936285,2884.9297885508017,3375.4740945934873,552.0859561279466,613.3955616042765
1386864600000,3395.2283839219576,2943.2761530955568,3211.1420228436036,500.8313108715557,579.7252684800468
1386865200000,3318.209769699039,2892.7563279816204,3238.3196723897076,531.3404895438684,530.6642760022369
1386865800000,3377.82207669945,3015.922489324839,3205.115172263207,550.1466061893984,615.9380021041029
1386866400000,3321.279989685519,3012.9723255394115,3120.2215003863266,472.828270699277,509.1888895877974
1386867000000,3116.2613059798227,2831.6930802654356,2936.5262614412045,507.8724353852801,579.9123693811234
1386867600000,3282.0723770620366,3028.6847264772564,2766.577124539493,467.72719372116967,650.9199590738408
1386868200000,2920.6164565970853,2758.2765883961383,2604.014435031717,455.2552957352773,581.2463922627869
1386868800000,2913.562757167909,2910.1534079526596,2433.671739359604,471.3773416125591,629.3508531119342
1386869400000,3102.2372079095726,2794.0709961053776,2555.4154754692845,464.2752972699796,596.1757164837344
1386870000000,2826.370444019943,2620.6811918124695,2385.5892575116595,409.8167529309301,618.1256214606935
1386870600000,2730.22425856048,2535.81455574974,2203.5886138674246,418.1116839232149,693.3402961620261
1386871200000,2674.455429421982,2712.6139354240795,2159.7371821457195,442.29016910402,657.6868179987518
1386871800000,2740.416233135173,2714.0428650585427,2062.676534848999,505.4087984297408,686.4533246665538
1386872400000,2972.8370595158226,2616.8674575701807,1893.6130026743058,409.38045162636917,681.4750498120297
1386873000000,2737.4093070579934,2198.772897221226,1753.3939922578204,393.94445953548177,643.1471291778727
1386873600000,2659.536466338442,2152.5846701831806,1936.6428306764383,383.3681463872124,729.0413711019711
1386874200000,2739.463277734462,2111.398118493631,2226.282986651062,416.96515984885696,723.5845946940159
1386874800000,2150.384953236096,1945.9100476614276,1802.0860341563955,355.56394901656284,849.449380918919
1386875400000,2196.9468028340334,1868.3463686363814,1656.9245831996848,411.76585893879343,815.305331153326
1386876000000,1875.7790212283378,1818.6428572687748,1722.0911160110186,369.0623575901235,881.6974558321511
1386876600000,1743.679691354843,1755.3455651323634,1700.2055634413505,319.93960868109036,785.997712113269
1386877200000,1541.8087614771553,1559.6773876101809,1690.741883371466,338.33959492438026,762.6551823875493
1386877800000,1433.2479968066716,1485.1571424229428,1755.2751628334622,300.2671297177585,780.3491656898848
1386878400000,1469.7458334839737,1268.6296719964098,1609.539660408267,287.2151336634727,919.5107405644327
1386879000000,1341.044845390887,1170.3200882015776,1541.2901740131153,302.0584102376952,929.6130740470797
1386879600000,1242.4148357390598,1040.108866755666,1549.9976089378004,309.1608777522009,846.9460065535777
1386880200000,1241.818905903704,1092.9803441288364,1445.8689928217386,302.632911459524,828.9467573489444
1386880800000,1087.632131136078,1161.1085579058317,1480.2122239032806,296.22983137265607,787.0386067496053
1386881400000,1074.011909047731,1038.0328936054361,1387.0493141015763,282.2803177196028,812.7847230445083
1386882000000,960.9234288509315,892.2315568387387,1163.2698907868405,285.91881853402265,795.2337901496518
1386882600000,754.5193499426863,839.0235209533487,1282.6283448075765,279.93141836544754,799.3694356041132
1386883200000,762.4219772833615,765.078470425221,1168.820693526731,287.50705469973644,720.2076328688737
1386883800000,659.232846373298,817.5980313876579,1316.5188871403432,307.26298411631797,770.178437092583
1386884400000,555.5825960070121,737.697400567544,1245.0737827661326,298.8806188229818,759.4946159066264
1386885000000,580.9802049391195,788.7015857764643,1059.853076767842,263.9926895993386,789.6312060927049
1386885600000,525.5370923169286,717.3833202129838,1170.3187935653766,253.88295960589028,813.3524593109214
1386886200000,554.5878029404736,961.6253967475982,1056.980198133849,288.68398801700647,856.2823839652619
1386886800000,662.1504679811776,880.5134437191316,1088.7491844917963,266.71138988865414,780.6443293565529
1386887400000,521.491593188653,801.4865679170565,1055.6083803612394,287.88513199560964,844.5881915806377
1386888000000,450.0863835262947,778.3072930581421,876.2533677996397,265.15154270693887,823.0245859614714
1386888600000,445.5548589880472,736.0413181888268,858.8316839838285,248.61296483228296,736.0421333320995
1386889200000,420.59391038618514,640.9776222216045,799.4635931454051,249.45344363793444,704.9975825415955
1386889800000,370.53549416874864,652.621068159169,680.0061511213194,218.39837060477444,607.9873379094693
1386890400000,346.0765937727598,600.1445937579163,709.6008882246374,215.69486571275468,614.6694230801453
1386891000000,369.61817000202024,584.4217506270784,808.2945676782836,235.90231946003243,626.3902762151314
1386891600000,290.3642241239712,557.5985420597419,763.7377847812835,202.2342126737643,594.8885414380503
1386892200000,292.40830925408926,570.559111588709,623.3290167905716,189.0808174832382,559.9650182810192
1386892800000,280.55597736551806,585.4584630174553,565.2172343106748,225.33612752592776,517.9586795252785
1386893400000,241.00240732597055,528.4888849990173,567.8499753692255,211.7775671326122,515.9071698383992
1386894000000,269.88395394385907,479.7017804288993,526.4194092939954,218.90089214931254,447.17059034776133
1386894600000,254.35900296923268,467.96852019401535,511.06028134051485,216.68201344778905,453.01157112027585
1386895200000,235.0242748000577,458.12935103258707,521.1609160445379,264.7771378404397,403.889140491245
1386895800000,238.79460524227798,431.3977994404775,763.1188336335728,201.6082207792624,357.30342888334417
1386896400000,260.4585640373096,425.3543005183918,511.2746298404036,176.770137470384,357.38829906533044
1386897000000,241.55755636156888,385.7320701572102,536.550617600061,209.08419596781368,318.08903535142866
1386897600000,262.9609778476786,387.8604930356749,493.54551747911637,153.30078987173644,339.43009068515676
1386898200000,260.4234704558381,385.22978889239346,436.4245203880421,160.14649874516343,321.0246389898575
1386898800000,208.14044504440287,352.71094525106895,469.0952320463019,148.48076055270124,284.22427570185437
1386899400000,232.44423708561024,361.2525935650261,443.4156991565113,161.4914569285009,279.03776665938193
1386900000000,220.63474392938437,380.73164486766154,439.27501750104113,168.033116041996,293.92264470636286
1386900600000,254.21373776158427,314.0598955132976,437.45015645873866,141.44785999892696,223.09964368455823
1386901200000,223.34765248519352,300.78467813716316,417.25033522466344,146.72635150936426,233.0712475369752
1386901800000,223.53360180874773,357.0337359803856,425.8912332625687,156.449316272273,245.84743495428825
1386902400000,191.43712248345832,348.64949729855397,416.73612429668316,137.9339836492867,202.31206925123487
1386903000000,226.85069870053655,376.40507698697604,390.5647372338402,149.8366157328322,204.111023284289
1386903600000,209.4645641388153,323.42485382073136,422.2425866769424,152.88479645285287,223.90239519254055
1386904200000,200.2427121444304,306.4742186178553,412.79962465233905,130.47428894449826,204.77091190978604
1386904800000,222.69894963125975,330.91894020347854,414.7038326489287,151.92163833219013,237.86103742231816
1386905400000,212.72746059210854,332.8104584341056,401.3666280461683,139.95198316508385,243.960532688902
1386906000000,182.27425994296388,312.34934813645856,405.0963422541119,131.17388501744716,208.20125805255628
1386906600000,209.2991894451264,342.78724677955864,397.58152005594013,135.60328229534014,215.8325743638235
1386907200000,215.79264591990977,332.0566142695346,394.9869875129397,140.2259904234368,229.89132519870785
1386907800000,211.6207939615345,325.2102573156057,405.1048385057747,128.137401147737,205.67933634233884
1386908400000,203.00551375839055,331.92108101368177,408.2998078483948,136.95188974224823,227.8070257815247
1386909000000,217.58525981548078,347.4516026879683,397.3356018906311,135.5877797802856,247.08355479211423
1386909600000,196.06317110014632,365.00817897371877,387.08923748718956,138.68529476965966,253.19431198134995
1386910200000,220.2783911218433,344.6718489278098,396.8070411900266,136.18099682394148,255.3834519351269
1386910800000,216.27833559213286,357.20650997694827,410.0318063814958,134.40815892548525,247.45227688167796
1386911400000,204.51746776942144,370.5993223577681,399.15039045606744,135.37652365313764,244.2601941706359
1386912000000,245.32408937917606,337.9473289963519,398.331826063048,161.16301131259544,223.55183890742293
1386912600000,243.25479681354628,390.75591050538975,416.5104854527529,151.24311665014793,323.2101730885534
1386913200000,224.0748027972121,426.36340055890884,431.27319492952336,150.52801430932092,277.7343267872797
1386913800000,266.9632638816734,428.59573930599294,467.5906757395492,162.62238015663596,302.0142469300611
1386914400000,333.38897171785914,462.09870716838003,536.4736845429584,166.06584662507063,344.430637883424
1386915000000,288.27514570268994,468.10216537674415,527.426533519182,168.6729445817587,331.4164211508039
1386915600000,327.978988003015,497.8741416209574,565.5849134064846,183.2753153871832,359.0271434919574
1386916200000,359.44918988037654,548.8625796499258,583.7432314862126,199.32607056728978,360.4315004817503
1386916800000,346.86978633411536,709.417882472892,738.5306041756209,202.85697582012673,406.2582574879371
1386917400000,362.1041469614735,785.739547923964,736.6140349945805,255.73504293029802,439.4152011910563
1386918000000,430.1952084353134,838.3457747771117,772.8159819237633,288.31314822225704,438.6000681744587
1386918600000,509.560589473632,990.90944913036,941.667454459981,285.32226039384267,470.9799250821496
1386919200000,490.6292447056846,1039.6175700357876,1180.9034754900856,313.7582174526374,483.09016860585535
1386919800000,675.9156011188917,1123.5721310938566,1349.8344070808573,343.4909250761695,485.6360306808956
1386920400000,661.7514606225011,1333.0551562690205,1637.9188591428017,348.24283829585164,465.9486235749194
1386921000000,809.6392171334431,1356.0009335569623,1893.405132232526,370.3445705376937,502.5481345250648
1386921600000,807.5606818814416,1505.2988696451162,2107.0253468994943,375.33917190604933,536.3781427348263
1386922200000,788.6155821272645,1510.4909371771216,2433.977514702057,406.7392477680456,453.2794725200152
1386922800000,953.08052014137,1588.6987404739218,2575.402395864837,406.3280565978697,486.4487608758914
1386923400000,1068.5499750970412,1766.7881093260435,2659.6442801525855,397.28873494754305,595.7595689167865
1386924000000,1104.9961609038717,1808.7478686384795,3142.160999137117,418.08808047116105,523.9086789999776
1386924600000,1353.615199565166,1958.7584730791784,3253.28349646662,423.34590159219846,559.5851415915973
1386925200000,1626.3648424364276,1993.3565663550894,3359.4063500471525,446.12339246505985,564.0048491946645
1386925800000,1478.572408084156,2189.3643447048835,3022.3148340507205,509.391970536796,512.9875632992358
1386926400000,1741.1814656244844,2084.788595245234,3082.056002182703,473.2773910238143,469.6010322994924
1386927000000,1726.110230175638,2147.304241546069,3058.2769615227576,480.44710543892626,441.43213398265084
1386927600000,1817.291138291328,2104.73967221762,2916.8823535176775,432.1287388242519,453.77979232440094
1386928200000,2025.330889267879,2194.3739290923095,3021.5366129776594,472.0004721521285,496.2381051670505
1386928800000,2278.398990702141,2214.080923454416,3243.345252655737,456.5517368653842,522.9960026898874
1386929400000,2206.2346221157572,2228.425632496603,3167.5995739164746,471.97021974896796,547.9118342373696
1386930000000,2354.2549766095326,2195.0015218842605,3047.7698857115893,447.6077279577553,588.5107748089447
1386930600000,2681.5028435606982,2448.7452654259973,3121.0284059445744,456.1996525821324,608.1534258269334
1386931200000,2659.694280168815,2437.5252551036174,3108.1877497365303,432.50113544748274,547.027029360691
1386931800000,2660.2268954401625,2623.1047225590983,3030.7082723537396,487.59943696986915,565.9995692144091
1386932400000,2823.0891453063864,2524.6630478216643,3131.748013246457,476.44185164437766,566.2644933963841
1386933000000,2598.102104112647,2549.3058713244186,3090.58104704476,443.1812007352678,594.023288519691
1386933600000,2539.9657004209166,2624.76515786169,3161.2384234376495,443.45111686819644,601.2523213543651
1386934200000,2899.1409162206114,2694.481126621649,3170.445584525909,707.2349639925596,595.0344856160082
1386934800000,2910.5456623871287,2781.5293505662635,3392.6175087166653,437.804773552541,613.7409079897259
1386935400000,2911.840939931469,2865.535160745699,3380.443334917771,477.6287537762404,608.3899248097155
1386936000000,3157.744123057331,2940.329660643444,3383.319971565059,513.6111663662955,655.1536213853019
1386936600000,3533.642128478488,3051.009486476962,3526.3325839582913,450.56065022830154,645.959886879736
1386937200000,3574.627073950105,3078.0189605302508,3477.3459946777716,504.03898592779547,661.1036435759203
1386937800000,3611.0507513786006,3083.77933190719,3264.6974679289383,447.63356280924046,709.6770911194972
1386938400000,3886.835153757484,3283.274925093169,3512.800638501065,436.98255081776915,708.8107457355787
1386939000000,3509.259014933197,3127.0262454454964,3178.937542989597,460.24309281561676,684.8637276526122
1386939600000,3665.6327155397585,3230.5865258463873,3551.3568371734614,439.8260061285804,726.2090744224845
1386940200000,3187.1185385249833,3069.2366236794496,3323.306000940446,439.4412127197637,758.0504178806117
1386940800000,3205.107033216814,3219.2350917205317,3122.662423735682,447.17468432077595,733.2736938511018
1386941400000,3643.244998904768,3162.479367951898,3014.8072892621803,420.51794986857544,670.3524770116217
1386942000000,3397.0648078202175,3016.333528355155,3064.334332114356,447.72089403322207,660.7702234468244
1386942600000,3560.4822694270674,3049.274326482988,2799.588310512195,495.8297875050176,632.6402806963173
1386943200000,3651.3507175046793,2995.5252127527538,3067.560399201676,442.6736738314356,688.3133689212458
1386943800000,3520.207318732357,3060.0129338287516,2877.062731644959,415.3388150969177,623.0655791214238
1386944400000,3536.8518321022098,3174.633241443746,2977.0366583397013,462.2169408537682,682.786415564509
1386945000000,3414.3955626450547,2886.7905811548303,2901.4242410249553,440.87634529866784,645.1344673475267
1386945600000,3397.7975399293505,3033.8137315810063,3032.021183461743,444.2006016094029,624.2758705969795
1386946200000,3335.6074994940404,3123.8597224840196,2991.555606503114,522.7494016966555,605.5572737104333
1386946800000,3723.9605118516583,2726.6482419060144,3018.216528855854,472.6251469618492,616.9827432022687
1386947400000,3445.136823003836,2946.9429936353868,2935.4179273877076,447.4577884383155,566.1846954255112
1386948000000,3692.674184011846,3068.1978515164137,3001.3851575977314,440.54806336296673,554.0501105258746
1386948600000,3429.720163499137,2880.6955981756723,2816.8564165031744,408.7216037033513,555.5991187226072
1386949200000,3257.7410517501676,2967.589679053323,2856.8744651191955,428.15925354682395,537.0602680076813
1386949800000,3349.966680901034,2932.306769895921,2928.0289562378093,434.8465428292145,563.8904743285068
1386950400000,3302.5814068148143,2634.355313128604,2820.5568390247468,436.93165374603615,496.60714482043625
1386951000000,3253.2636795112808,2905.0520327528384,2787.7175764739322,388.92469396762056,547.9439758596791
1386951600000,3346.2314109186395,2935.588725295634,2708.4194818891838,401.2746986929071,563.3798214174275
1386952200000,3257.973060647398,2710.5000210258836,2576.7428382855173,362.3248777976904,607.0741175689366
1386952800000,3364.5837300048092,2826.0477034395344,2478.6794426811607,369.1791227957992,543.5390015909163
1386953400000,3351.350575172489,2633.5066582719296,2518.6485325216545,367.08135591886656,563.9577672421485
1386954000000,3374.025670232619,2496.8335737806897,2415.148478252815,371.97690293243375,566.9866894170522
1386954600000,3460.4813444483275,2531.4772844983518,2369.0003400110104,389.51509040067606,538.4302182420028
1386955200000,3415.7854696507566,2551.5495303874145,2246.671651234997,381.58220003714416,503.09361142843073
1386955800000,2978.520115018333,2273.839448662954,2138.835727323614,341.5368673486551,607.1766062799561
1386956400000,2735.394565435009,2338.1753819451965,2077.562448577376,352.89567457492285,569.2385268821804
1386957000000,2953.750145503552,2365.747901789013,2111.716990350464,364.2433052470188,547.5328668929977
1386957600000,2757.564133849002,2148.0526301187138,1779.356744884812,336.46812384779327,644.0788653379317
1386958200000,2460.0090780506216,2083.132115727211,1646.7855686696703,354.1510710699612,605.9299192189001
1386958800000,2472.619654309742,1962.9350454183198,1603.5571457031606,314.56678078763247,679.8384445575188
1386959400000,2404.706774987367,2013.5624885032223,1615.117599333108,308.8990073340643,673.9231835421674
1386960000000,2244.4381483593547,1706.2759942571167,1460.6844238509532,299.8125130957026,708.2218761822941
1386960600000,2188.086124573985,1826.317352662208,1215.1022436170276,281.24203102160016,730.6682014201285
1386961200000,2114.7998211465388,1699.641018205665,1214.4001162166571,257.38443018482974,795.7668053420872
1386961800000,1742.1189148757878,1544.8228590207852,1161.515800414847,252.79013806715986,757.0885256832603
1386962400000,1801.3875040018224,1342.979762301274,1136.7037831278494,271.85389731600867,847.187293794498
1386963000000,1483.812481250035,1279.7555831066447,980.2428663811825,250.62743965499033,870.7171715181811
1386963600000,1590.032761571323,1232.8180255429445,981.7706654473654,268.19205628065464,823.2820902779092
1386964200000,1298.7938513443594,1102.6924985680805,864.0383991910567,231.8633618099393,839.6398451373119
1386964800000,1373.568835721607,1079.3407210455366,888.7547258758176,243.96704131337376,947.0880011916651
1386965400000,1172.5623925930245,1063.950574547235,951.2628631093052,232.07569266761848,926.1477087373438
1386966000000,1073.627150486833,1064.7454330366127,958.462523023589,233.63036582172217,962.2825291427321
1386966600000,931.9487171374429,1109.7765843424063,939.4887233106872,244.40990008768333,976.7656927786587
1386967200000,917.6876393994513,1096.9827419852154,860.5304536092909,247.14100600248588,991.0222818776629
1386967800000,922.9449381292629,1040.4925234207537,897.7282643037103,267.2956020836974,1005.6082473834858
1386968400000,964.3768763576139,971.8212032681996,957.781418951087,299.32819844260644,971.3978930918717
1386969000000,1052.208033412293,819.2104443700715,1022.8386703368095,301.4532542208974,945.6010662735673
1386969600000,920.1377165565342,939.4450426391736,1007.327119018229,295.0378576506329,901.1075475120833
1386970200000,617.1152682995462,854.6558038717442,872.073045781456,260.05250703651575,923.9621041717126
1386970800000,664.4315012100434,837.2958992122349,900.0307743386389,206.9747281945698,888.7485871465813
1386971400000,520.1360164884726,809.6472364354186,856.513263775541,212.4307433712069,903.0293831780878
1386972000000,524.8612531119489,723.4968164603387,954.8539716911675,206.55545354559803,933.63079510711
1386972600000,471.0636880304869,717.1098707791356,832.8553366288714,195.61921474681665,828.5344518391522
1386973200000,458.53269854261214,754.6628059891218,1034.7380654620415,202.56124968335237,834.6654459506748
1386973800000,475.22480582049565,665.856461993062,898.3604782971868,235.11627054398792,847.9667498005663
1386974400000,440.83528070231233,631.0779355864132,857.7000235176309,191.7892773913995,824.6602818709323
1386975000000,438.21672733240854,647.3789528410646,788.8826461350935,197.12112718298488,829.4279456769526
1386975600000,469.7736377517617,562.1815783927419,793.4184459942314,235.29312193972692,807.1173627085684
1386976200000,463.02980727510055,568.6475682385493,802.6739061841523,201.17761010142044,805.235152273454
1386976800000,417.4766800865408,600.4753585745221,970.3756035844797,188.5922255971365,757.7676964540401
1386977400000,359.4334095581075,671.010791335174,1086.1816541961123,190.25626479753495,850.2972396894429
1386978000000,294.45673353116314,540.2405552149638,1178.2338818506967,207.46384841674916,774.4319429650243
1386978600000,273.75120294721916,561.1393592345032,1167.1424854963047,176.00167732278067,689.7860148623733
1386979200000,258.8252644297601,426.83455658093794,1200.1686798984622,187.75639824661374,628.7602288449268
1386979800000,248.11182295715383,456.3073685847548,1227.8320937027606,178.86024344789405,619.4715944742186
1386980400000,248.47329532674652,462.04655406689767,1264.9436474537868,201.77047073328055,571.6710166187377
1386981000000,239.3702432654679,409.9140320349507,1243.4851833527168,173.04395267541958,551.9050655713953
1386981600000,223.14026804864676,428.0322406303261,1213.6747714456167,149.7714343554318,475.781755037008
1386982200000,242.65773338233805,417.38947131423805,1388.901307513467,157.15841110223155,507.0469778508417
1386982800000,253.78805029428614,386.5883644370384,1402.879209912364,149.98206500780273,483.1602349867166
1386983400000,227.3000437620637,422.17358880083947,1375.7229268674073,143.88679504502372,425.0137636246649
1386984000000,238.52048479101478,413.1211316169583,1477.278325819775,155.80326850081505,404.35977249095026
1386984600000,238.14121446033138,367.0612896061311,1262.0588184072687,153.34635496127382,425.7630473677335
1386985200000,218.9627039864769,383.90331519142586,1308.4503858159906,136.5755711538864,363.5870543234525
1386985800000,231.41113095168416,368.6840149317468,1143.7032065012522,151.92399035774093,337.71187641939923
1386986400000,249.91979125801396,318.56614171440594,1071.7419286579013,155.74346552843593,342.1834716183012
1386987000000,234.66260151411524,356.99117908705017,950.4582618994232,129.65734422369985,309.67126805509747
1386987600000,303.93986122268075,362.36742784696287,819.4921579707257,138.4850159873302,323.45624325687265
1386988200000,211.41295612042438,327.842536090058,844.0265984834386,138.79703917823548,327.68412127261814
1386988800000,209.56808535379545,361.47242923528387,800.9030774970413,131.37010361766937,286.7771716974021
1386989400000,229.4064785235017,392.09964815253113,761.347760706934,128.5055422401734,264.738997679162
1386990000000,213.69743799607542,335.1074514683698,748.6944905786131,137.72569425380027,298.540140736996
1386990600000,207.87543755533952,344.7529679178713,551.5218435182346,116.8568445723059,301.40973794243297
1386991200000,224.07925415439504,409.9027231895606,509.45537662668374,132.3747715107922,259.5165981400052
1386991800000,218.72542737474953,425.4137727537643,415.6690260541138,128.08105258147046,288.20394520970507
1386992400000,193.48673348416912,370.5109230877094,363.9160490886525,111.58637438613476,239.2313052204615
1386993000000,203.5699689393365,368.1688622393501,362.79395560874343,121.12988875907597,249.29506143184724
1386993600000,195.64775977269733,329.8244222797468,357.97501373705865,125.38661743093398,257.6186279672882
1386994200000,206.10976651573372,335.45141058708475,336.81262433617076,114.86169355385874,222.27852911168216
1386994800000,216.92220539838956,371.9349565590783,338.20799487704863,127.9184895223599,216.4820302095187
1386995400000,208.68942711309506,317.21170743465717,327.93304759047203,128.35044901566707,234.50139278793813
1386996000000,195.536191503652,325.8322564003203,336.6008578543354,114.41190571521545,217.31961984984156
1386996600000,221.34470011782628,336.3297519068968,324.7960410232982,114.91692418190827,210.3582304229777
1386997200000,199.60874097620479,322.4407973530129,311.8390308510061,120.82893846539997,223.54854088070988
1386997800000,210.7466856111394,374.60838386390566,309.3061521816691,113.72185442477725,192.70919722383564
1386998400000,226.14591188999705,319.77471509809493,316.28725992464564,121.41935916003236,209.8031324975204
1386999000000,216.16435367142404,322.27900052309934,326.16213234132283,122.52564833783332,232.9202939649236
1386999600000,217.61942304585466,347.61154077780327,346.5461636875437,116.79470333619976,218.68649203381705
1387000200000,227.4652243325052,336.65614027202776,350.0570380003836,126.19567578117467,212.44898936462064
1387000800000,220.1381257550745,366.4286121998561,344.2030264484994,141.68796019912992,220.87606011933633
1387001400000,205.2360500346848,374.53012493826094,326.70369186797353,130.99983892399823,206.02519755205807
1387002000000,292.15185451516027,391.5669599032336,347.788571358338,152.5049133182046,242.36603360366
1387002600000,264.3942034414496,370.67866886636574,394.3212750694027,174.01801338211118,222.06674215033345
1387003200000,288.7262409583421,428.187190487487,439.44777224055383,138.84031702604895,242.37069182308497
1387003800000,295.5450422427059,434.579747712587,391.5675080335317,159.57383248743642,257.06257410535335
1387004400000,355.2448187542072,441.70939432542616,382.1996479942269,167.4734888265396,264.91967591175217
1387005000000,284.71744521618507,520.7941458311498,400.97398792609124,155.8373740384635,235.6033180740192
1387005600000,296.6551175985871,505.1134081183269,399.33659076196903,163.11980748104017,268.97838471444595
1387006200000,353.60260214762934,501.27405080570674,401.44838342178997,201.09812122112302,285.93789132007987
1387006800000,318.8532259274651,487.5925805993639,439.424780252527,171.8693788010695,283.32938157024216
1387007400000,431.9075556542466,565.9664241005642,491.41009356726494,158.61648644222421,294.0020979928944
1387008000000,396.97683429519196,580.1967278406429,445.82846038895275,191.44785692508052,309.6149195002856
1387008600000,556.0501868985538,661.5094026594788,484.933218874165,198.51694925318426,317.7631412511903
1387009200000,566.3762839774164,655.3492611751076,515.3965279042415,203.24940433499725,363.623716476632
1387009800000,647.7458035941594,715.3644872111975,474.1027968435798,226.55487850067135,403.2036803358185
1387010400000,691.9777150886301,741.9238536629492,768.284156811089,220.24904143426807,327.71793949187315
1387011000000,858.0705802319948,906.657971870361,748.2159328883532,233.998986411636,408.1165741496562
1387011600000,1071.5849884106337,928.2059256106929,639.2022493240227,230.668582519093,435.73477476865133
1387012200000,1279.6774048636426,1126.7924170095232,588.9449986452362,211.50908160121037,449.27587238279574
1387012800000,1478.1902645805258,1210.884156124854,620.4312945639123,270.9029905964527,488.01618846428397
1387013400000,1766.5223675292937,1258.0513194847915,597.7904122712793,257.6729310269732,476.0645740510344
1387014000000,1882.1126454045407,1341.343980439106,693.827389779335,242.69167383097712,462.66756298312083
1387014600000,2168.7866486948187,1576.9667142523772,707.014852723274,255.36985467937816,459.7696511464112
1387015200000,2617.1465244729,1711.0303262545533,679.8415292340488,251.05098584417263,566.1658815129555
1387015800000,2771.8003701639495,1827.1997940605008,705.3544294094263,242.51577135770728,521.7089750682123
1387016400000,2971.831978816423,1836.7257229578759,659.6850515175586,270.2166564171243,542.892211889491
1387017000000,3282.4174268541196,2003.976094469779,673.2972100435397,255.72424173120802,608.7011451475419
1387017600000,3447.4755061694814,1901.099742433478,741.5695575413655,253.76333453706272,566.4219064928955
1387018200000,3810.5211635571777,2234.7827922059296,678.3230903436931,271.1770252953253,568.2536968476809
1387018800000,3909.2670569139536,2436.833221793375,828.5297419573837,266.7961520735068,668.3499567454984
1387019400000,3590.756735052698,2493.6180150977916,741.0225316380064,263.81841535067844,600.2836488236053
1387020000000,3674.9485103532716,2576.761010093022,742.0094380635235,275.44084286335914,586.896055027123
1387020600000,3723.3811431839804,2569.2694789084453,828.8429418524485,253.2585888220534,614.9830332592232
1387021200000,3996.8191555616713,2529.5481859040906,772.1358595558605,294.061594534394,591.0858705957619
1387021800000,4184.376781507962,2889.237115663717,763.3707040618276,274.7215695992688,636.3662911899717
1387022400000,3868.3683953289365,2800.579428256568,809.386681912744,261.18581837982737,684.5722164323374
1387023000000,3845.864313544095,2811.1378076071965,837.4253441292987,249.28300391970689,723.2688960120316
1387023600000,3849.2194018287664,2961.511940849361,890.1839916759137,268.03254588559645,664.4150032244203
1387024200000,3967.2091331198976,2937.1152199217627,772.1639635709673,264.3512260640164,703.0857199984162
1387024800000,4256.566774659097,3070.596382903988,903.1142159285497,267.56127293757186,651.0735690548232
1387025400000,3903.6146024580876,3123.7391297907316,814.9735328964074,340.4858571007256,674.5181083636776
1387026000000,4158.5421388173545,3181.54165875504,781.7759702742751,252.58090729898248,719.2863825702563
1387026600000,4237.691292615685,3383.109964507653,791.7343249873835,253.5188157713383,779.2034163769008
1387027200000,4117.883621100997,3220.782448437843,836.3032500654004,278.78564053292337,810.6213572117322
1387027800000,4251.685542737701,3157.9006695404573,848.4895427926034,255.079366015855,768.74101615485
1387028400000,4369.5447248309265,3079.8568523528406,817.2457175085161,245.8800379820711,679.4699565843763
1387029000000,4609.118476181146,3346.251864306765,885.092016904829,272.4425195687347,784.2711730414087
1387029600000,4950.865343753774,3014.7806464001596,869.8704457621205,269.730562247767,822.9713944996912
1387030200000,5118.015329316274,3104.6561516634956,800.0209100888657,245.88792512209443,776.6271446772389
1387030800000,5034.97594655768,3216.564217818908,910.2663603753539,280.53451379119423,742.6150600264984
1387031400000,4939.492869498671,3130.777176319051,800.9656960212337,263.75217367383016,686.588805699064
1387032000000,5049.121158454066,3147.036288218346,773.096005611129,257.85680849073407,725.6360047079024
1387032600000,4837.50695135853,2968.401443085984,799.5276305966571,258.08078987447976,663.3597924904791
1387033200000,5057.766543651029,3474.481439419829,829.6225976272978,265.51135248848,662.191984319907
1387033800000,5568.09292737527,3041.9166357690488,803.0583142125811,314.74816360396693,649.4454619912397
1387034400000,5257.154851502522,3363.650581185718,761.5524278907395,355.56961836378366,651.4636444075106
1387035000000,5529.162696374948,3140.335637381106,757.8198229908476,426.0836083210442,654.1263307618531
1387035600000,5555.030635894546,3193.603803800613,905.6817882711138,332.54247636463947,605.8725648910565
1387036200000,5631.809247009117,3130.624701905663,983.6519548582297,349.54665551263867,623.8988378414824
1387036800000,5643.941349420585,3010.8503173701274,914.2533399339374,340.5480809576376,681.9164817108051
1387037400000,5752.094179354247,2893.5859325829047,951.1093427528806,362.77027176403504,658.6225383090804
1387038000000,5626.722253039399,2915.053665116067,912.4818401901978,349.37775883347285,679.6746456486097
1387038600000,5712.612298272026,2824.3814675074095,926.3304111470976,302.88188271446427,768.2696363740422
1387039200000,5665.310855668765,2898.512268329102,1030.0838237526611,255.68988212247646,736.34842123298
1387039800000,5206.185174969716,2690.037629326291,918.7449303273627,281.27529782191084,673.8679144722189
1387040400000,5011.923848542813,2761.845946153175,859.3562133941635,250.7912162516362,721.3395938890623
1387041000000,5022.721952336202,2747.376043939683,846.7666366616904,249.08328838216804,660.6699078458158
1387041600000,4812.745581937576,2856.4099304481665,792.7748702229732,255.6160832474196,689.6511786928462
1387042200000,4872.27548431936,2998.2705266674066,805.4980032237935,254.36810004116248,686.8581908400162
1387042800000,4650.727997166415,3010.934297645681,741.6720669106656,262.4156676353389,701.6765715052431
1387043400000,4396.7762163458065,2775.718629986512,746.2893751383457,219.14945627753247,679.879434385836
1387044000000,3943.4810471517344,2581.448992262558,732.9470130515695,217.6209860971646,789.1951845991312
1387044600000,3720.5263532607673,2637.106117589665,673.9712786466708,204.3495267026048,687.7974096826318
1387045200000,3775.0942408368464,2362.4295642079733,674.0197225758224,225.81067417216119,698.0245974027811
1387045800000,3760.401410534002,2403.5925001391843,690.6426857227389,204.18164515252965,674.1471070007827
1387046400000,3713.3352329234867,2313.0232032894028,702.5970832749686,198.01267667691982,772.3352988950841
1387047000000,3593.795081234415,2341.259099774725,701.6574752221622,230.3525942584189,774.0017827243549
1387047600000,3191.954880446209,2250.666328972006,608.9525336875173,196.0832659961465,826.6348581511294
1387048200000,2952.3726183163835,2147.2868805707803,558.5307908276826,199.25887906871185,823.9503535459477
1387048800000,2834.261605311698,1903.3038173386444,570.3790179735365,217.81102018586196,885.4160411295292
1387049400000,2514.4536011728187,1660.0602906855718,585.7779381128402,221.54792810583072,906.3667999746142
1387050000000,2228.6030213363674,1681.1331674120331,753.880568979371,229.5212678058218,864.2446199965686
1387050600000,2209.0592117620677,1615.8783353588951,829.4192305470938,247.9422393006462,963.4396736622081
1387051200000,2157.2618416963587,1501.5701137825035,811.4068102991271,222.7986449885313,966.7453357075194
1387051800000,1667.4150610627846,1508.74538005604,859.1671576643364,242.0792147855774,1124.139091855913
1387052400000,1718.8184110304871,1505.9158233853789,905.8043859566177,237.63723406594087,1001.1852243686399
1387053000000,1810.9250721890837,1189.2582944219369,973.2386370423234,217.09708645369088,1015.9391062175961
1387053600000,1654.6706867056148,1117.6763062676303,1064.5852879239994,216.61410621782096,1047.3700495486328
1387054200000,1567.5033003860397,1044.186839561549,1066.6947883301661,217.4333238994005,1018.5408486146061
1387054800000,1468.984516339025,955.8047180807229,1077.8641818939386,248.11178181832486,1007.4495579278963
1387055400000,1233.6249861539723,1006.0294135874929,1038.1529710346088,206.95370789220317,996.505361370943
1387056000000,1192.0740930725888,882.2790145190008,990.6328624163401,226.99220099215395,944.0128435923913
1387056600000,1267.8161639368234,958.2607624350546,972.8508713104636,256.2650688764833,1056.349388434935
1387057200000,997.8399789456204,859.866353178787,1017.9183305478239,220.9099900702385,1071.8262975329474
1387057800000,1207.6161001790033,771.5481996333206,1012.8221179173995,232.85944574682495,998.0931408542576
1387058400000,1152.7896809493468,809.5034151800264,1121.0597871700172,244.4351929204434,1047.399310381044
1387059000000,946.7475329825037,773.7576445560368,969.0970772947061,224.91273553609952,1008.9693465529058
1387059600000,757.1642298252067,729.7995505980214,898.6710065754357,242.5429719195519,1057.599925202832
1387060200000,693.1621354049691,746.250637009669,858.8146512337096,212.1163199511304,1027.6729391327528
1387060800000,596.3415182695443,793.1124490505545,943.504884827075,198.8438754233565,994.4546006247544
1387061400000,647.8712891427623,685.058849677019,856.8148393000992,202.1014856807168,942.9382672657666
1387062000000,617.8548502234996,659.7001540257805,957.7267155706631,194.63069981480174,1046.4762490420526
1387062600000,518.488587898747,588.8172832817384,1134.3608247564014,191.40172693939238,970.3632152877084
1387063200000,502.697633467069,587.3340685804819,1129.5073425267024,185.56835271891669,996.8912207761168
1387063800000,423.2685668445115,505.8856036006794,1247.914049053264,186.40564760150744,968.5133393306362
1387064400000,399.1672600318915,498.68497800746206,1277.8326045729218,193.9067997681785,903.3360808993912
1387065000000,370.3970933415646,482.8214596205495,1365.8702392251723,189.8129703096855,854.3590861143754
1387065600000,333.7028498384169,418.5851057427748,1628.2660969774947,216.65218063896396,905.1605522212204
1387066200000,319.2124500115527,397.7603617305535,1455.8026141613157,164.7359244453861,760.4463799075329
1387066800000,328.19091490420846,387.3037098841807,1502.3126748702996,199.8716875464163,681.4112456950652
1387067400000,307.71666966116624,362.51348621192255,1743.5912438713844,201.60852902831957,669.838355933901
1387068000000,280.9683740108225,366.2237137979145,1844.5756872955506,174.78937332883407,607.1664671883531
1387068600000,297.2444570430073,344.3833494316307,1706.7008010337559,179.29464650209002,555.6904386935992
1387069200000,296.80920303670285,326.8552364519118,1746.5258974468625,189.14141635872903,576.3618976872115
1387069800000,275.20437428334316,331.10989087446023,1646.862799957151,171.9612767879416,512.3059398701851
1387070400000,295.9655951440167,348.2193590161273,1613.2202044901476,178.6650497904224,451.2483200587973
1387071000000,288.8057715230676,314.856062325703,1639.2960504523478,172.52031398865648,478.51896548594715
1387071600000,261.1806730542216,306.01613738542403,1669.603359909385,178.79914494376916,388.2757174671716
1387072200000,364.07412167842784,335.4563875456756,1530.86728227039,172.0408032634079,371.9009965915603
1387072800000,311.5498463236969,283.27876285998644,1597.0030265682092,159.32064323153205,372.1923603879414
1387073400000,293.9724665703686,281.2443142352629,1529.9921846347302,138.37468333893926,345.4847930078948
1387074000000,271.56917307672575,338.1847475804372,1255.3953837465367,153.5302915780384,372.7741559196188
1387074600000,252.22164137408976,292.17736436113324,1241.6432444410366,144.97326804744603,329.904342834519
1387075200000,242.80672746067384,301.5811069829348,1205.5676863851247,146.23555427094217,282.2894558508488
1387075800000,245.76863703514567,346.29553225241636,1061.0589828798807,145.9292212411503,324.15051476233333
1387076400000,236.24759921036585,287.5334900114583,935.5220381750825,138.54171670442614,293.6527414960143
1387077000000,220.81198838518125,306.9956580978708,910.7272988475399,154.71519613455382,265.1941105478982
1387077600000,274.607739222829,330.93473593253105,852.8280519595273,137.53346915649576,320.80995501290346
1387078200000,239.8262759021708,271.05946421874035,814.0933717502656,131.65249186946468,268.93442740370335
1387078800000,224.399308787323,306.9076195242735,714.8816654176071,128.67527291652624,203.3980310490125
1387079400000,242.96359532339895,315.5683008970698,592.0689838680738,135.93386331043638,243.71797519288307
1387080000000,221.0352052003116,252.07534454293307,570.1552659298999,122.81311929063432,221.30834896420157
1387080600000,230.1690774622409,306.58807240537794,394.24498081442965,120.50137219604497,186.50389574884161
1387081200000,224.53164721959692,312.1858623171523,274.62694782403565,123.37670438879631,222.253068149673
1387081800000,222.76653169163055,271.69710310056297,243.25465537611973,113.43962316300497,199.64103212997415
1387082400000,230.71018536395823,281.80188814528606,240.1755710326993,116.0130038115786,171.95265780732393
1387083000000,264.2810350778756,308.57194281031434,213.43860014870884,117.5231279592049,200.4056745995375
1387083600000,232.15658014171032,260.56236080379705,206.18684220410523,114.64095617920023,200.82597645656784
1387084200000,233.92331360253297,309.4451786773291,213.62037628582993,111.67155331548965,156.36354254833444
1387084800000,241.91745460711672,327.2643579954829,220.38984981551343,114.38554541232674,193.049651273439
1387085400000,253.59950262552465,272.7058985875915,263.1749870543754,110.26790476127667,215.2244963770877
1387086000000,242.08345737436358,297.1333658281679,252.20763258465237,106.33015430327308,188.09341580570995
1387086600000,270.68293398618835,334.07585069007945,241.43233228006144,111.81619714352516,220.70962427228903
1387087200000,246.90765147430156,292.1195417158927,302.5989209230485,110.1379819198538,206.39031378654067
1387087800000,261.54448446786876,340.0700048392798,264.2826784907005,112.54436229723707,177.39467700546652
1387088400000,279.1737803768618,330.6647992229836,218.83359414062585,122.6263245681932,223.71878633349823
1387089000000,267.3315389114776,389.0876677940866,234.37657074877447,116.04143280954422,245.72795751125605
1387089600000,276.85343382120567,530.9491374735086,214.09871003668118,112.80945050397737,189.94679354015537
1387090200000,280.81972906832556,414.2648850059147,223.0541208051569,123.29863253851435,238.24022590253048
1387090800000,268.59182491412065,405.94515235598533,224.95204463642298,131.3999192342632,236.420298987079
1387091400000,298.4253417121349,459.0292660811523,240.8789046477619,129.40424011106455,231.57195498565503
1387092000000,330.80315732743645,463.0221984578059,253.7721958819863,133.79842733425494,274.23073978543596
1387092600000,353.77389951926193,473.4036864440412,260.2268348071687,162.8821218546908,272.7949803785705
1387093200000,453.24983306800806,496.80631061973764,272.8506015592438,149.74050759776875,249.6983506813568
1387093800000,440.5480521340629,529.2862265654973,264.0875030841855,142.80386886756912,296.54101933016716
1387094400000,478.7310472065741,522.9733009438462,310.0061755685546,141.29875439885473,264.8626423928573
1387095000000,506.2751668999668,548.527522200545,267.5631886636585,136.94850726791068,280.38218221974734
1387095600000,694.0864802754948,623.2251346829831,275.0236424645539,145.9051800298377,335.40511340919045
1387096200000,641.4094668435579,644.4240994603156,284.0787164273848,137.3703550716559,456.98678940448826
1387096800000,721.6055975267394,673.4335337150555,301.49081374556096,152.4155883900074,330.37199761645996
1387097400000,907.7251777062219,900.9781909371811,383.1866531129221,153.02073881753552,345.52774454560586
1387098000000,1114.5947300449138,816.3873973129644,374.5168137074213,152.52427273085004,350.2004261987866
1387098600000,1228.595535888116,978.7815348440064,403.27123532360457,154.98619842329217,329.86844260249586
1387099200000,1423.1974560295248,1081.3431357040558,325.8730552959815,165.3257585268348,356.8799622834405
1387099800000,1654.0882463720914,1091.9025928538194,373.0206242485574,159.89824338419612,446.3762329529981
1387100400000,1956.667756700562,1309.0472315703828,421.31762088475676,162.0338440409768,381.7781829518465
1387101000000,2178.8235998397467,1374.87670454121,408.502849401341,151.0682247516202,427.70778192914435
1387101600000,2410.5360787046234,1422.5746900220597,397.1748517051994,148.9992754009141,448.3135151976134
1387102200000,2694.7563093062845,1650.9297781446628,385.7917329616432,151.46334585990968,486.1535571080081
1387102800000,2692.795274135731,1733.594964531374,384.03326164261216,159.34346877756133,500.4511599108373
1387103400000,3070.3905209128643,1695.4234486763048,437.61186980669834,148.7725899837611,482.9102522944215
1387104000000,3627.3852953912797,1849.1559250361354,468.27182748830546,166.5705404570398,464.72477467790355
1387104600000,4001.8557246507826,1892.6140919263191,460.228763572279,182.74908320117507,486.74105348811537
1387105200000,3704.959666932435,2023.5764366798423,461.2698446364435,202.37785745133576,555.2507214073312
1387105800000,3940.878764057023,2123.922173793689,452.103237057875,177.4214140314548,622.8405166059371
1387106400000,4146.152415163733,2235.975079956347,521.8203050707909,186.19842126319676,576.4086620759053
1387107000000,4702.429586904014,2122.588119823383,455.2435006873191,146.81882251958442,648.1471485714047
1387107600000,4197.483711680371,2134.2459022269904,515.8655444080233,166.77556771959019,655.5181859395414
1387108200000,4313.2976995389545,2539.8552980567815,524.9861332457475,174.9211616436533,640.6257093113444
1387108800000,4521.2180602231465,2578.364029163029,568.1585665227545,149.49792848344475,626.6561693140493
1387109400000,4276.979481987178,2608.7269248688463,545.4894366576451,149.4155142747147,651.944168401817
1387110000000,4215.810849738771,2484.750178245266,521.9415847474035,190.86763822425084,642.4587622715021
1387110600000,4585.126341633774,2361.178708230916,584.4989849581713,210.18531666113446,620.4544964100559
1387111200000,4331.675996616003,2399.0819881295224,544.5051034567357,185.08516958186902,612.0485828177198
1387111800000,4647.472837921506,2422.209339085312,576.5380594074034,187.7073838291774,685.3827552061178
1387112400000,4314.4949347807515,2714.3742098762727,608.8552009106793,175.39892872240338,665.6866862596546
1387113000000,4461.578262498026,2583.7987414969252,574.1188993665882,192.10539959198667,714.215010315098
1387113600000,4641.836128833078,2698.714158388216,597.5660199688176,182.05171904487946,779.4580215921208
1387114200000,4657.425992039883,2606.965270944014,545.3737049486318,193.97641816735248,706.5967366011361
1387114800000,4848.698867392648,2682.9874484376396,583.5854151812615,205.42612611718087,754.8564114757377
1387115400000,4774.549856997911,2680.170558785115,579.2562974864973,188.3846021616681,714.4336610571406
1387116000000,5094.70231776587,2645.521274140832,614.3338053046326,181.14984900632612,744.6212695951037
1387116600000,4900.9856909954915,2729.070346343267,660.3100483614176,213.8123861069223,705.3313332150943
1387117200000,4870.212832518128,2856.5369142631416,630.1402171003693,201.71013328324807,670.8242123716983
1387117800000,4977.638943444663,2966.335185969045,688.508000054868,177.02590787295225,710.1926699772696
1387118400000,5138.296466608862,2922.661626191746,669.7483578583373,180.84452066782464,645.7092658147853
1387119000000,5059.096824546454,2932.866914459906,756.3937798342317,194.5880466712631,670.1888623825797
1387119600000,5037.60604761908,3102.46100705599,651.9960987761145,180.93615979806376,708.4748502324076
1387120200000,5495.663257677889,2976.715829520371,682.1540246426439,200.34767226698048,699.9157406507773
1387120800000,5228.2138080872455,2962.549490173575,642.4847731456061,179.03146513694367,725.8343480608381
1387121400000,5216.353380128239,3077.381759830595,780.3022646551049,203.60929930712015,703.4633315546761
1387122000000,4891.538565059098,3341.7484824091816,733.3014923948035,225.92520203427515,665.561341073621
1387122600000,4855.828641898344,2870.3081088037225,663.2268617880478,212.27580503973746,650.0063615975932
1387123200000,5024.623321274139,3017.381661609101,705.7347303713854,189.00766829041302,674.7799079038792
1387123800000,5049.597526905998,2786.84292544608,798.0473865946205,181.437224164708,654.4077061357666
1387124400000,4870.101204053921,2738.216640897158,650.0516062429414,183.82445926242528,668.4780299669127
1387125000000,5109.131868670466,2814.94877614693,698.8134520540656,168.4839836853076,713.4568273699942
1387125600000,4830.622192627479,3089.035835286716,645.912583961378,195.61502156040416,686.672135813071
1387126200000,4632.567106119432,2778.163527236197,818.2466844472616,220.78380310183744,682.6627513800206
1387126800000,4651.007819176613,2793.869936056888,638.7757402976797,224.355239692701,665.0905345292722
1387127400000,4238.470184922949,2813.6403821622116,683.1794768340943,252.3040893335422,614.8303055027716
1387128000000,4344.748681786674,2760.8711850800387,632.7707075338734,220.73910058303542,672.6114601246511
1387128600000,4521.7338794171665,2674.6512847689737,644.2330345146014,187.42689256256014,657.8998448494382
1387129200000,4171.73623725648,2497.2332788887943,650.6837763241496,173.85643422052962,606.5196211601614
1387129800000,3998.0580051049587,2555.3279218491994,616.4275939585539,177.80987526897673,691.1069550456314
1387130400000,3769.2002728651087,2471.190370586748,640.241131272357,197.99399104180435,623.5946189729048
1387131000000,3586.294624909617,2423.6037639393967,659.4586053572025,205.11858938045611,644.0504781541856
1387131600000,3689.5104531468655,2052.952394713267,565.1807921780214,185.24106230774288,644.6473614399631
1387132200000,3227.637398684016,1793.0517450496961,529.3001746256288,178.89121477645497,610.0556770834755
1387132800000,3015.935039272628,1750.4432133759792,547.7617261557319,191.9648792963708,587.0729204087305
1387133400000,2572.910214028959,1542.7161382084553,470.5584761706056,183.33394981544484,702.845816825716
1387134000000,2516.9482543005347,1552.5208339694807,434.20987252475885,188.42039420885658,631.8316711806723
1387134600000,2467.775952822116,1458.4070079396895,452.10598978546716,211.7575210161471,687.7792341428469
1387135200000,2052.0832990351278,1356.059574464196,438.8974041490732,197.62365414234992,701.5158636272606
1387135800000,1838.9320642667185,1211.9283657858882,382.8554363578601,197.9076974720699,666.3717053028731
1387136400000,1492.3570517210514,1163.1594870508643,413.7815536590878,199.494517451012,637.4008000139099
1387137000000,1468.8190197781637,1058.6058964527178,382.2546742339732,199.4419936662194,706.6141437295523
1387137600000,1252.7515297696937,966.9679628968242,385.32986828287454,189.0444724545968,675.4498120723632
1387138200000,1153.819790181133,981.4010707298866,400.9537427272171,219.42939395318905,657.7308121653529
1387138800000,1117.154384542448,827.8341362269679,363.7834911977437,205.25665147939276,648.3488733983392
1387139400000,1081.6536792095253,701.6924314678339,383.6260714669068,193.4064602401608,643.3543912036362
1387140000000,1042.9479648164463,754.4537823919338,384.9312520139269,178.320483994656,707.7043594905206
1387140600000,972.1848675894629,731.956110086085,399.5326942260345,174.1939518989034,734.9864576104427
1387141200000,988.6886996752975,651.9787503841651,403.28844705868846,191.33689790388,644.8168146058749
1387141800000,962.3028181623521,763.327607109627,367.34883997824267,177.78400948923152,751.8154925776604
1387142400000,698.7660116531777,631.3549839475472,330.2740042334673,185.82774826520438,699.3524317323793
1387143000000,682.7624877664005,682.820043831134,340.2080940533215,177.49049770649543,701.1958676357848
1387143600000,580.8407483804233,692.9621130878118,359.2253835406224,172.61545948752791,687.9513675930825
1387144200000,517.4075652220483,672.804561477511,403.98978780684354,175.62869531242953,643.7293528412924
1387144800000,528.2638350342719,579.7040754761483,329.9343117404434,180.6577272279705,585.1208072423556
1387145400000,532.6689905491868,567.5315459628364,344.0484513467285,158.93447668498376,576.7672082180079
1387146000000,452.69097811833063,505.4060798464298,329.43476115695285,188.06058079555277,527.2363695370418
1387146600000,438.2314330294112,483.52019720540477,298.9653788339892,192.26350027816596,532.9654617124014
1387147200000,394.447358569791,497.0124777279432,283.5064587747575,180.9107291820817,499.1709851748138
1387147800000,346.180837253576,499.63754474717524,252.53775227185264,164.81505041539754,457.67135319533
1387148400000,346.4602756860823,441.6725387665731,232.18987668993273,169.23630470718817,462.17331142742603
1387149000000,335.47935978758,419.49041528382577,246.45064270918334,157.90063154190852,461.9153486136002
1387149600000,321.9108181220995,459.4759049067087,214.6365768929448,163.46055517788713,435.48912948683255
1387150200000,286.600020724892,376.8823048431117,219.90701685964385,172.3344674052939,406.7890237728026
1387150800000,299.6622130058684,393.06086050802963,268.1308842448762,162.25118702344992,426.6618475329531
1387151400000,247.85451044061097,399.1571001657554,221.68804086152016,149.83728470092495,370.37709169191487
1387152000000,235.4923578044656,285.9407664564146,222.3082533659559,162.58123964456877,363.6306908252464
1387152600000,268.6986469622539,386.7355218249948,211.72433867681738,144.52287649861148,333.02535663690986
1387153200000,252.07262947594268,393.296539586972,228.36709022949762,139.1961676255009,327.3022091617403
1387153800000,218.3795688570358,306.3335072001558,209.08351677289602,137.31131616074885,361.399839223096
1387154400000,231.68236946057067,378.2484004153213,192.91373510366645,131.56049918253228,353.8858284044386
1387155000000,209.62328125234657,379.74502252970893,192.7650026681405,133.63434279863833,303.0776686568277
1387155600000,209.11710109328376,313.5632328880981,206.97307095675816,136.59759201026944,300.97443177858804
1387156200000,235.20218140229807,363.4713123238246,234.1046599547227,127.5657885790742,265.04524223374153
1387156800000,214.24267087954343,355.7602796198967,206.42862575468757,122.13777376370108,262.7939824099024
1387157400000,207.9650075191223,261.89466057185257,206.32528911496988,113.38582456064094,268.635330582678
1387158000000,218.9016873174376,322.91936757633425,195.28281835742075,123.78044940061359,247.12104933327052
1387158600000,192.52117308206127,333.58017406577545,187.5159097104894,118.56642963841753,254.47166549925308
1387159200000,199.50375341265507,266.32869490039195,169.92991641404285,121.06501609032692,252.28100819341654
1387159800000,205.08748105394343,306.63854388386204,193.78353148119984,117.15630261340814,236.70103598833717
1387160400000,198.84102663165817,328.37100714127087,169.87399148214186,131.0527730064539,235.0165066579948
1387161000000,199.2838699268772,275.8580978670476,167.73363047572687,117.09963616825401,245.38077296479833
1387161600000,209.1224585157593,306.56317236022716,196.84103204670907,114.15965465416,260.29481101160917
1387162200000,184.26078191472104,331.55371805432645,163.3166196460585,115.47610357775108,246.5582151380424
1387162800000,201.11851402503288,273.4202255489737,164.8898817361429,112.37309701703218,250.36840111426108
1387163400000,209.11015269754418,283.75246291982995,213.83914269147948,106.04185746450733,230.4472186561684
1387164000000,183.43297665352517,342.66170278871607,168.6627156809515,115.54156342672172,236.89462028926636
1387164600000,199.9571860767021,282.18365589953703,166.91851495015797,110.4882963619946,242.24166706990823
1387165200000,200.83169763798787,295.6934296526563,187.45837269291812,102.53631971881092,228.12882307792017
1387165800000,179.14809387736145,306.7182548132408,171.63751616185593,108.52955725554634,234.43016347481267
1387166400000,210.14604922304895,245.58019697216963,169.25965308148363,106.078151134978,219.7426088676818
1387167000000,205.14392275826233,309.10986637057545,178.00411355436933,106.64624177501685,223.9334670653257
1387167600000,189.92653477212093,342.490593236014,168.9212650708989,111.90517963952004,213.89617434373892
1387168200000,202.235955127159,240.64575308097463,171.16241950107786,109.2890780631021,192.4353977152186
1387168800000,209.58280854964187,299.02037084347774,205.2234314816404,102.79886385072004,213.95059804513025
1387169400000,187.69509257088845,351.9967792221596,189.87571240877625,109.06203503282205,211.9827218960262
1387170000000,199.1373964912097,318.0458167482725,199.52766755495017,111.5881219775737,215.5302998194594
1387170600000,207.1425943707448,378.69785820703055,182.89712685375787,112.27079892082759,228.09401206621422
1387171200000,193.52404734417755,356.13886639485304,229.8823120720419,119.20171794292145,227.568993221091
1387171800000,233.35507042522218,384.46633147707297,194.6449574151498,128.94841992339886,220.4379967140943
1387172400000,318.26089120968584,370.89132559613466,224.58916577687495,122.78061238744571,227.32527603793454
1387173000000,289.0319077610065,362.32769035216023,237.17328332060544,117.53725638557822,242.54851314128507
1387173600000,270.3490785552023,336.92128380732976,303.3206858845811,128.1211611809994,240.65643783220403
1387174200000,247.37620253105143,390.6144581824979,308.52096198471156,143.25440040406045,258.29179330651175
1387174800000,269.40008265500626,425.8382286992491,344.4099959516533,163.5618285802436,259.96452966434043
1387175400000,277.75619658853867,418.4413674571804,428.88050232484073,171.4166393341767,276.5631707534405
1387176000000,299.5086220330908,511.06150177571635,472.67006386848493,172.8605671762185,283.30431512912855
1387176600000,318.23899659104825,629.2299889608491,609.255805636527,241.0395241641315,326.09219839403295
1387177200000,395.32355064705223,653.419972662619,728.317303952794,235.65542474050076,358.24586555047307
1387177800000,432.19434248309,761.4895306529207,860.0230445389815,241.7918635515705,350.2823191630085
1387178400000,419.6881915490129,882.3408557329337,1125.8513984364304,265.9512424372994,407.73456561091183
1387179000000,572.1271501097597,1032.5480154691932,1168.1613184302255,258.6572909179337,435.03372292978224
1387179600000,695.2920762105921,1124.125876493059,1387.1550088788963,304.7118221514903,385.27995242306326
1387180200000,704.8020496166409,1236.5491552768226,1756.506362473516,335.6008232313044,460.18610329648527
1387180800000,789.2131820467196,1481.2483909765651,2052.433360795398,353.2017891722414,458.02913092606383
1387181400000,869.7986213305568,1428.5942554346066,2183.596149598601,355.4069738700385,434.12390144854413
1387182000000,834.4705463862928,1552.4650535565054,2043.354206730856,375.3337532919395,495.01060057839953
1387182600000,946.5521361813195,1488.8284904615916,2211.980985134401,425.3728375839,480.85532311798147
1387183200000,943.6082736003971,1661.2596823819517,2340.459539797622,392.7206838244124,438.1200861249415
1387183800000,961.7044601238025,1617.4147760967883,2499.440104552217,414.7713926034032,413.765725334849
1387184400000,1011.9495764231501,1664.4840883146096,2422.3499451419243,399.48861484889085,431.3169183070577
1387185000000,947.5970402099955,1834.0756383721439,2569.7797810912753,403.7729128950017,401.27200251176686
1387185600000,1048.6559854844904,1817.0441776232788,2579.761359507784,403.11913487249404,419.2992953752783
1387186200000,1179.4794231089295,1880.4312970343108,2654.0538223338262,411.3457126346576,397.14808280808444
1387186800000,1383.9190538649898,1992.1697363602789,2848.7235634199683,417.2148413700915,355.0055282193121
1387187400000,1328.741719369997,2007.4949602449497,2786.2072403467573,420.1393318471138,408.74843209674054
1387188000000,1379.0597497974818,1981.707464124789,2861.6458402638877,415.9220031816863,411.1566639047681
1387188600000,1550.8689446759556,2184.5686410448006,2811.4269506459545,440.5111643248689,401.4777471854707
1387189200000,1559.009767136589,1968.1713742581942,2873.902927843222,408.77875708935903,429.5959208388568
1387189800000,1864.4412108660454,2176.266775865215,2930.762981621897,434.62051121115803,419.5299959221754
1387190400000,1848.0159730803725,2058.1229052355707,3040.1118425684667,447.5828256288143,395.69210919485147
1387191000000,1709.3956800194205,2211.9333262362734,3118.577086113159,423.6400729068681,449.90564507198525
1387191600000,1961.1586501560193,2043.0377990933234,2854.6622378680117,457.07899112052024,491.0842254505228
1387192200000,2086.6458370194973,2347.7481627111897,2981.666579832694,468.6016418604145,456.56419853890304
1387192800000,1910.078748875039,2503.8299243594583,3125.8438192035446,482.48015698142143,444.73204534297844
1387193400000,2116.08755296827,2471.3292853391326,3391.4087842267104,473.58566592377196,434.56493233621177
1387194000000,2292.7482323837057,2487.8159304606324,3522.350129221956,440.06125749792136,425.23461019263806
1387194600000,2109.009309682577,2553.48961623975,3438.226206909048,450.2068024660595,433.6063479007971
1387195200000,2360.444586874856,2654.5223994570238,3530.8870394481014,513.2103825649173,417.8902194345789
1387195800000,2505.1448609885597,2750.895597413687,3249.5358285368206,501.5109576121392,456.408232327631
1387196400000,2585.2379450759836,2822.153904455857,3270.111501785123,501.47071583251613,461.07317771104096
1387197000000,2969.491296695161,2701.687516107294,3355.1324645572136,519.5600288522218,424.7634265126895
1387197600000,3057.329998717289,2846.5892567247224,3163.8599984877746,480.0793191678183,484.8032195633722
1387198200000,2938.0559341446656,2761.5703585379656,3426.3613388472177,459.54950648711053,453.8660129637603
1387198800000,2866.0698551966134,2679.148065901051,3390.7327740282776,472.35767385614037,490.6193311552209
1387199400000,2798.7300425487615,2846.775668908688,3217.67477696165,470.8784302845159,503.7356052218764
1387200000000,2803.094413244207,2534.2056003710436,3293.299846510575,443.77849140086494,464.3949203027886
1387200600000,2646.839995041431,2814.8188892515436,3250.974829296687,459.013997150616,458.2860749865079
1387201200000,2462.657669090256,2797.1253113089206,2988.675552829502,475.49265863217727,455.39898720525383
1387201800000,2350.529872956471,2632.9594216236223,2891.0245865815314,423.40982307496677,486.5452137894783
1387202400000,2328.255191918183,2719.9247037570035,2885.9451947460952,463.91898520404436,489.7016401202571
1387203000000,2480.486210220391,2737.2781124402322,3058.1343595077865,443.40176179654145,532.7477907823442
1387203600000,2310.557989680255,2688.8129098509094,2785.3393474523446,453.0445489506917,552.6228699403177
1387204200000,2615.643493102411,2614.559472636618,3014.1555160177436,440.78976500290383,505.5834056563927
1387204800000,2538.410514803179,2702.1267654006265,2961.3494035523768,420.2623672041415,508.7231098228382
1387205400000,2448.4735785178277,2748.7910676786073,2770.2828547195795,460.16426957202174,463.7779702345371
1387206000000,2772.013617332839,2634.2100876712684,2893.5414557222375,447.2438108207324,407.81774830102535
1387206600000,2690.519512294491,2628.354044509997,3021.9102837892674,420.6139118758771,460.2906132887915
1387207200000,2592.6479521449105,2626.011826086878,3028.2186093273453,441.9531810744476,450.7974242972782
1387207800000,2785.390971012687,2563.6244864271266,3020.5500419830805,460.9372180465001,501.7244697065781
1387208400000,2619.2588713685946,2649.911148702306,2886.455659477084,408.2061772930866,480.758950406669
1387209000000,2633.586352553629,2494.1235893151947,2971.2049438937715,444.16243003989115,475.3214561441116
1387209600000,2544.4759066480965,2457.8000642178854,2918.5884743677407,437.6062827093607,442.7275568771337
1387210200000,2674.0369944306763,2545.859400423427,2771.498766262565,410.1080850726583,458.023112513927
1387210800000,2557.1150054996683,2543.69485135796,2934.1197222423143,398.11986683648286,515.6282969591954
1387211400000,2391.7550214881935,2322.1725360001788,2954.7514697847737,393.39071134664124,472.4184579561195
1387212000000,2553.3016046389957,2663.5968586808362,2941.6684416222006,420.6495158629917,499.9978613276013
1387212600000,2696.6913564320644,2480.9701426461515,2747.2111219267767,420.94763554272527,511.67969932412973
1387213200000,2386.359150415242,2258.5441479708506,2658.786829707823,408.4403110970011,520.3439540255953
1387213800000,2363.5816467366058,2365.501650702126,2650.058586218643,403.1662005087085,521.4861072189523
1387214400000,2429.090158481364,2013.1089347497452,2317.725007155487,375.3072219263521,570.7010803231324
1387215000000,2416.330809952751,2151.99098130594,2560.468324335149,387.6910408559743,571.6877821293718
1387215600000,2332.473836769392,2143.1856515671607,2174.4464414563727,317.02572193396463,558.2685854102427
1387216200000,2197.790807653422,2088.398391827557,2060.1047957708984,313.99632778111635,521.9968099664706
1387216800000,2127.232569081806,1917.8798018781017,2025.3452601503839,308.89264503657523,522.4750644228998
1387217400000,2131.436996204718,1961.1853373425522,1840.8710248379996,315.1093347674598,597.315843990974
1387218000000,1931.2818337151925,1886.3073602096135,1864.1748189448856,294.73712599209745,563.3135581520951
1387218600000,1857.6205597025657,1575.9322481543152,1815.919576026279,305.56464578942456,593.2625326129421
1387219200000,1720.8193322763298,1596.1409061937222,1556.1769534235257,288.9803732542273,541.2987359624613
1387219800000,1719.8895638319545,1528.1526324569586,1483.8280027889798,296.96274154010223,567.2979227353442
1387220400000,1494.5802591991269,1413.2109104033582,1350.4185893230958,278.65973272709346,563.3827759192724
1387221000000,1387.2497562192434,1425.4016165643166,1286.6215678230387,277.9688997413429,523.1998463855634
1387221600000,1310.2693516543166,1304.2977242065388,1215.8221219491645,308.861157647337,582.3668247926443
1387222200000,1161.102544897296,1109.7106750100438,1162.746253035903,276.30022746126775,569.6861744534251
1387222800000,1097.7890773365516,1243.8564419222384,1167.4231488764963,276.21049987367974,608.3081055574403
1387223400000,1052.019173035895,1135.4084771748796,962.3013952792027,229.19162773896502,597.3651954812522
1387224000000,966.3624734017345,1075.4207096583714,951.8954550191452,232.16990238444765,570.0762736817359
1387224600000,789.504790768643,1103.355167560147,927.2463121432532,235.38576742862506,593.5653924483964
1387225200000,889.2621867595232,1062.0172219156248,875.9510409007667,230.05828555516112,610.3119090592022
1387225800000,790.8689030678371,1051.4791408413423,853.0675487997621,206.91139379135612,609.5723698867258
1387226400000,795.4713223064675,827.9389799564259,817.6552269628801,206.59272922482145,557.4148187955025
1387227000000,769.1046473823519,939.1460965742586,764.657396476912,223.82167864002952,610.1855342246291
1387227600000,695.0575355658403,864.995672248864,819.1555457572013,201.09525697645662,598.4298939534449
1387228200000,614.0004076521011,945.5177302733689,746.0706382294345,212.58428047516955,584.5609644050611
1387228800000,642.0886257461541,929.3957140170662,672.6377454866639,212.1005283669961,584.9660776754097
1387229400000,682.7367134788167,795.0380190197917,686.4748731049707,210.73923364075944,585.6679987582288
1387230000000,582.5713171728918,731.8589560220723,691.5768979191633,244.16907387319785,561.8521275423071
1387230600000,860.3829426100458,685.288815855492,721.8354027937471,243.3994346190501,548.7748815944597
1387231200000,633.4714392077531,619.8266884619808,670.4378984320219,246.4063044137279,534.2439554467642
1387231800000,543.3787492850882,686.6954130810061,651.5783809786883,237.0239277139144,543.8779589188415
1387232400000,597.4091750516162,627.1446320568409,609.9293871411835,220.99301877295252,568.484287986131
1387233000000,610.5447066159588,526.6758506173609,588.9925199882217,216.98188337840995,523.1792789189889
1387233600000,333.7360457473581,549.4768364454021,525.4099245161871,236.98283996798975,522.9106253334321
1387234200000,394.0916993742066,507.3895435364328,516.7734600937091,226.60033787892223,486.06656481215344
1387234800000,417.16583366220533,502.8286807423458,467.0607109105449,239.58147072661524,522.3951938995534
1387235400000,311.190922064494,557.6482611724833,495.03102907536714,228.45710519305737,472.9438680770117
1387236000000,445.8624530921254,453.3353159675131,440.19059733799304,168.88826710613287,433.27839566318335
1387236600000,342.1665759456991,434.28394169429663,458.8445223763198,190.67134438795972,414.8725125910151
1387237200000,318.0864419863345,643.6172199691042,489.79425554868016,219.237823266441,717.7689068293504
1387237800000,304.5793150069837,377.2395966994458,408.49871876603765,156.49175727804467,348.8605951458994
1387238400000,302.764988141766,420.1350854590752,388.2889551227609,155.9596947755739,389.36476056042176
1387239000000,232.7316643734294,382.494650507292,415.6460258850313,133.73154288589134,387.905585348342
1387239600000,268.7747995622892,372.3956152743011,387.5083917436968,137.64418110010962,328.9966434671492
1387240200000,226.48288796489106,354.82898988216965,314.9284734537841,137.2099706500007,378.0373751472795
1387240800000,187.17806591260253,326.9547645432907,360.45959008297524,123.4901808991644,383.9395198533786
1387241400000,223.17185846057694,285.2414477412752,302.2349546736518,131.68423659722086,302.42989056766646
1387242000000,234.36075561978643,307.27519402920944,288.7283914023611,138.1444025268504,326.24923110970286
1387242600000,216.70508100954143,322.345479266642,350.71538687571643,123.52815463063449,306.42955430551746
1387243200000,229.82294206070475,270.39794075247914,315.43919304670925,130.28344380257772,282.36881270951403
1387243800000,209.51703585982187,287.36633304794833,325.1870019608894,119.14603940850701,300.8596028196421
1387244400000,183.13840232603152,300.2383250001065,376.631611345918,114.42012787992168,277.71946990447407
1387245000000,202.82635390458003,249.70933426844925,344.88117039245583,116.86603328834401,254.7438111268442
1387245600000,204.5113759135692,278.10530977032835,306.3181042019934,118.64424889054297,255.46208372860914
1387246200000,173.604901178288,289.595146634046,379.130470973628,109.44099901540298,253.66630417376723
1387246800000,195.62657722787543,263.24370845835017,325.17873048018095,118.72982375479982,255.3565440878785
1387247400000,199.53999388768037,275.8496909249714,319.28712012589995,120.04740414126925,244.61712328768593
1387248000000,188.96452205209215,302.61842173686546,333.0001483713104,104.31597856589725,237.7504125900086
1387248600000,206.67401810190816,267.3950472937171,284.91958425725534,114.99262554689966,244.94366549603387
1387249200000,213.5412026694256,294.62832252065186,282.0920704138845,112.13494046105934,231.99746674235357
1387249800000,164.38318781264684,295.6277383725996,316.856937076561,103.61794017149073,261.1425733542666
1387250400000,205.71875081404303,270.7768584842542,279.538666129982,113.72733709056058,235.80941716751857
1387251000000,189.8337937590183,253.19947630487815,316.08958227172894,114.43459669875001,219.08238969789727
1387251600000,165.30069476948887,297.3525414221348,313.3697120239398,94.6960350881722,231.4994023357911
1387252200000,211.25015265660855,271.64036748259394,296.6811874812207,115.95390618107513,219.53045450607223
1387252800000,207.73287305906223,261.4262028395139,290.3907096940581,116.54417768079284,199.80605794775548
1387253400000,186.83726648585449,315.23522032092023,339.1140189265654,108.12322733095073,216.82399512096944
1387254000000,212.57007106479435,340.9570770890191,308.0924840263518,115.06266538074696,212.64561485992223
1387254600000,199.1200000905363,281.9102739037611,294.46112916705914,123.88897587998439,212.4084677691459
1387255200000,189.68363995546855,331.34531317410733,315.03189379512054,96.06013595930204,221.0124504968964
1387255800000,206.416556683001,279.85925837392665,331.9913322207382,120.41796728472798,203.81436289582743
1387256400000,199.1442836261162,283.45943171020843,317.04099596185904,119.85827531394776,228.87701760067145
1387257000000,175.57236746877405,337.38725519775517,330.7334016329294,104.71880826274398,232.6563994313731
1387257600000,211.89520691013047,331.4590497969239,338.52611334543707,127.76021380484485,231.0790267668139
1387258200000,229.97296220004918,294.9102879553966,311.9849558262465,139.63738735732557,226.99259186894892
1387258800000,222.11826935438958,379.76586227408154,377.2446097481642,119.3812690749564,259.8910579339724
1387259400000,266.9553283161563,342.5234368084959,364.6079825014748,144.73672798404138,246.7761440600288
1387260000000,266.657720025219,393.17277836607974,463.99979795203194,141.27316162396446,220.685871432575
1387260600000,264.9793853207954,446.573452671695,515.5595683177614,130.6972741357433,256.28167770429906
1387261200000,299.7556316617965,479.67811511919246,516.2354324627686,148.9513113951594,280.2263634324842
1387261800000,341.2189995132583,454.89656750113545,538.0558962925077,171.60497888474424,302.37141016353223
1387262400000,302.00634130821595,550.1102425744252,723.5852083918212,164.0541162383095,342.5628573589613
1387263000000,336.06756291396573,753.2258738339543,763.5819170188058,198.37105093875635,338.2692937191726
1387263600000,375.1931261635951,753.59560834568,728.2444448741307,221.7686307575758,356.9532638739954
1387264200000,397.5810342453703,825.617904304769,929.1892966376155,206.47591139430412,390.7684054656123
1387264800000,489.1837540406109,969.2273325847165,1197.8624855872697,228.61265769110915,385.62298267932323
1387265400000,534.2421996729205,1102.469796638728,1237.7401196758378,261.4933421176764,380.6658649870636
1387266000000,660.0386766733409,1151.8214553259575,1657.898377366067,285.20479714099787,441.4868383917756
1387266600000,617.4211150070694,1323.1920101364658,1860.2917224080766,308.25398503386305,388.9173665762757
1387267200000,824.7165321501714,1353.7093233624405,2083.8604871376288,325.06800825048686,409.0630111927615
1387267800000,862.911700622789,1526.8392653158178,2054.594297944668,325.60249174236134,459.9171126764286
1387268400000,903.3844859707318,1520.4929035536343,2340.44887484216,355.3112110234565,405.03426116702747
1387269000000,993.2105956505819,1443.8578638528297,2494.3693956195325,386.1936902894841,426.2109788920687
1387269600000,1057.962274297578,1733.7272540198776,2697.0933799821023,407.8946954091163,450.70822644015436
1387270200000,1036.0688002569661,1723.381753801018,2653.8050612841075,428.85210663357725,398.68167154695584
1387270800000,1217.511462221508,1592.9744371382506,2913.4266526730726,421.71505988141234,391.3838717926509
1387271400000,1188.263378878907,1676.8530851858352,2943.0492028791155,392.97574963398733,435.1796768431941
1387272000000,1214.9234997508631,2029.139845602312,2912.691660425778,429.5153126391208,381.94233628055105
1387272600000,1532.3738141538433,1878.1978001804277,2882.7919290560703,415.3207929539919,383.426858641593
1387273200000,1466.2655369239371,2047.5850397906604,2897.987686493661,438.9512583328131,429.32522534163166
1387273800000,1664.7877122926457,2180.4499101237425,3178.6437390347182,418.4733997333891,409.2850097979562
1387274400000,1818.21943920165,2260.443077605995,2957.5390345859732,433.93455182157095,418.8083418464117
1387275000000,1694.5821651072915,2108.244236087872,3091.1827548452734,396.8081270909176,449.4123255773753
1387275600000,1874.4421670010975,2238.8873708686688,2935.6855275619114,429.2670249075101,463.3738485970509
1387276200000,2035.2654295938864,2177.5772585176783,3038.882451718919,416.04532084286177,521.8664250205819
1387276800000,2138.96438398052,2299.4007801681732,3033.9994816331905,422.71398863096186,449.1862463939297
1387277400000,2250.600237322876,2414.3124382494843,3046.004930756597,432.3448690454233,440.6083824716367
1387278000000,2388.472860715465,2392.452468855372,3170.335272323165,433.1382587283069,485.6766259884324
1387278600000,2460.7340250945,2683.226739956791,3287.054596942698,427.58283166445636,455.7439423150496
1387279200000,2415.1036427864697,2642.996670341281,3273.3979909457234,454.1272312027431,430.7126163153313
1387279800000,2763.06830619554,2447.843083978823,3428.189203730889,456.66560317946306,468.6620334332438
1387280400000,2744.7373200107468,2542.863771910979,3300.2435681704133,489.9868296375907,464.1961759387452
1387281000000,2774.442905314343,2836.1825336859206,3524.2598513822236,480.5307942724321,449.5370465309225
1387281600000,3062.45790754789,2705.467417428461,3532.3970811520794,513.7565628010103,515.0574360510091
1387282200000,3291.727468650194,2972.2610392682514,3420.4385062093897,462.39468962158685,525.5153113374748
1387282800000,3444.1061813997912,3007.2955873514843,3283.058959090147,466.77867526369255,505.7153707713604
1387283400000,3373.3854691242036,3013.3505922784684,3427.271605447595,448.93963611403467,455.9455934300371
1387284000000,3342.4271046951403,3133.4561120207914,3333.6229229192745,454.9028320828672,481.3140884332263
1387284600000,3505.43260472632,2863.8773640029644,3423.721553466536,490.7930413494144,494.0400291552652
1387285200000,3803.937616319148,3008.3772777687504,3479.523971570848,474.0122578276572,494.52424569706506
1387285800000,3543.5134449968514,2890.120616511606,3253.946263636141,439.1711898637515,540.7431600688227
1387286400000,3208.639047949592,2734.471275052449,3157.2212998387986,423.77231914041687,496.97480040560214
1387287000000,3234.5731841536394,2544.7541599642627,3336.7227848194216,448.1418368688119,558.8016710694244
1387287600000,3110.6793754923365,2736.846871333406,3390.9921450563656,404.7609326350481,502.4312831252434
1387288200000,3139.696400012281,2691.299759388447,3404.9240883487787,441.8842477174686,525.1642770840607
1387288800000,2945.246655483483,2396.327777438198,3288.246160421863,452.83029783952253,486.81452846361015
1387289400000,2766.0856261656504,2737.608198800154,3316.8000187207413,437.8116186394152,474.47894055709577
1387290000000,3100.93205273643,2477.288921323988,3067.6776797399225,445.70287099343136,503.0339409713979
1387290600000,3517.677983897069,2892.689735576869,3504.3924897000384,475.4766404898956,563.8130564633162
1387291200000,3524.895063722922,2803.812072853953,3546.8487104473024,494.75945300726585,651.6602330468389
1387291800000,3358.103377137942,2902.2222444601093,3474.941969915728,483.5624878094535,613.9459915748547
1387292400000,3876.9596688803167,2747.3255345726166,3474.5674179617304,485.97059221839464,630.8599607006668
1387293000000,3759.0381920283567,3124.104840543245,3764.530200192128,480.83711816250303,574.4087917285008
1387293600000,3837.149429379931,3048.2635468876983,3574.8710152306157,465.71647709635914,584.8152107958856
1387294200000,3774.9139555075467,3095.5197088630725,3395.2378571854833,458.5288238204548,577.2193807250683
1387294800000,3495.152450283321,3181.468517572016,3378.862800094695,438.6602125258092,601.4990298954551
1387295400000,3764.5987476551054,2941.1340819678676,3221.6948590375587,462.7725411587801,575.2766674449442
1387296000000,3746.0461928270543,2902.808100862453,3290.867951002578,477.7026832363824,614.2516714688406
1387296600000,3641.8798335686565,2714.873709490131,3329.6927955188316,389.1478479584624,614.5733116060037
1387297200000,3795.9837000928255,3030.4998003823516,3222.857197135554,437.5337859219846,529.8782802694345
1387297800000,3566.969016036498,2599.4232054295153,3108.7493790017297,432.2405083950259,542.1734527437945
1387298400000,3228.276952055301,2843.5127826292623,2915.6515750588237,435.5586359612979,514.0098380384529
1387299000000,3273.0973652775065,2552.3711586733143,2874.3007110874078,420.52110565526203,506.9122186385033
1387299600000,3197.365310400741,2385.3820880216304,2772.0290993740923,409.9019753931324,579.6077787075699
1387300200000,3225.8514510239543,2270.154936770715,2927.00522008566,360.3802171139549,540.1198934955204
1387300800000,2850.038959897034,2145.7808651734035,2516.4592713618176,352.4870502179952,569.3334223424924
1387301400000,3065.798054716381,2272.6867447783147,2449.7654407584873,317.18256429333957,519.8288260154848
1387302000000,2853.2895455813646,2324.8821227579133,2397.962386743629,306.5792642080503,542.2232907781191
1387302600000,2902.800840774749,2225.7321047828113,2353.1258897538055,322.42349567738046,597.5595145828182
1387303200000,2814.68614563136,2236.8971755293496,2134.742203287587,280.19443475972264,648.3133968933431
1387303800000,2951.3239482580657,2005.543316084965,2112.6351995853215,294.9770978995697,607.6533531196646
1387304400000,2730.481583025756,1953.8908385538928,1947.9389685539209,301.37402906721866,657.3310019774119
1387305000000,2447.7034023463802,1802.5775575198127,1829.2687651115536,287.9788436785112,672.6922497285018
1387305600000,2416.3674836333294,1852.4194912685211,1907.563389200868,270.97927279281424,682.4805655308248
1387306200000,2257.174864360952,1696.9372330713315,1698.4341146230265,279.32604699916607,621.9195903613949
1387306800000,2049.7352729983354,1606.5922808297257,1633.7744316143592,260.4233398280949,694.6891499654495
1387307400000,1769.059363325039,1590.6037134884723,1544.1361566669468,264.58373860215204,706.7257115178738
1387308000000,1671.0308554026699,1446.0183108210147,1431.9976841009927,269.4519370040833,778.5899984517836
1387308600000,1472.3549846994713,1323.764263114715,1385.2742368937363,280.74018318803365,856.9403975738924
1387309200000,1444.2585797604067,1351.1809224767587,1527.5689097045595,261.1408434475449,726.2475281452449
1387309800000,1219.85070023966,1179.2695581179487,1436.9326849354177,241.71455389886174,784.6139464654435
1387310400000,1171.962370084583,1079.566171721769,1300.8354000717618,250.11561441934293,757.8934730170579
1387311000000,1066.5071142007228,1028.0623323242182,1182.803925806113,236.56321689063753,802.3583834589549
1387311600000,1065.675344189218,1090.8692043011595,1130.9696815796035,234.75610334046192,796.1235404438161
1387312200000,1107.439998627892,956.1571733941531,1155.9693796686838,267.1409725554102,773.6260765507227
1387312800000,1170.195080833962,862.8588562365394,1180.3083290307432,229.44099695999824,734.6226744481526
1387313400000,881.8594319027436,919.108211412784,978.6411905452215,244.1065631754008,709.8821378486526
1387314000000,747.4791263684059,801.8913669990999,988.7112715471737,264.80320055697973,746.9247714345729
1387314600000,636.7719475721575,840.0254733489161,1085.0679739272614,245.85446725078694,771.5536166973652
1387315200000,549.4325508128481,779.964293575358,1033.1766738634904,221.58431978741024,672.3411190472212
1387315800000,636.7148057202292,783.5627899339181,944.3495399442435,256.73075464198917,697.9674901718241
1387316400000,583.7481411863654,769.1843076283114,942.0193905254351,233.2466620054052,741.791560017201
1387317000000,538.8654377647891,724.5754541299857,967.8114073882998,235.1135747770853,735.2937318135617
1387317600000,543.961533063264,680.9918038722185,1005.8289581153506,228.99998971829788,698.6623404781624
1387318200000,439.515768418845,609.1262592980859,907.1660338055203,206.64314225762664,733.1980566605648
1387318800000,424.5902526558875,687.9436334535905,756.8508235765927,207.9610669595689,753.3095253928735
1387319400000,452.1990424364424,579.2200083131236,723.3757899064346,216.9139980553684,675.3309491265936
1387320000000,361.02265938382374,560.5220967708264,765.8621444140808,213.3561376984456,601.7656719349488
1387320600000,371.8660477250394,585.9376945311287,716.9842387095558,296.5664318954148,615.0544099962425
1387321200000,434.7363969546021,543.7736968991749,661.3384902655516,255.41599841386008,611.1582006411121
1387321800000,406.53530362574355,489.5595279221815,632.772208686138,244.91052462970384,562.4349288469011
1387322400000,314.7143768670994,539.0692878515375,580.1304723754098,210.92162024315982,475.7309708015447
1387323000000,311.52431694473506,504.4429839294646,556.2924929105257,174.07976468468252,521.0316825593104
1387323600000,268.6449901889773,474.90781344676077,602.693229810565,147.37121029394535,478.2405478590051
1387324200000,269.0886359117024,456.41155611897767,549.7469944477903,163.052801149397,456.802154142148
1387324800000,303.0961481591804,410.78294210556214,485.1284715073028,151.51225311814042,403.4241226474422
1387325400000,274.729757294545,379.6580133956543,531.8049002801198,157.94949490123042,413.68645192346946
1387326000000,234.2820494847288,401.6303789541303,523.7163558117866,164.73448018308898,354.89768334431926
1387326600000,258.46707144337455,409.8603703943211,457.69117168424907,128.6608735741379,342.2767403182218
1387327200000,235.9508028704756,410.02415046696865,520.6367067751955,139.55176858110045,330.2101831328642
1387327800000,214.01556383036043,413.1297835925668,493.671024418287,140.8987843525825,307.27289138558245
1387328400000,244.06613829384204,381.0713856975038,406.31779954224396,119.64158824831333,301.65017007934176
1387329000000,221.3958276509302,370.3176727064605,450.19852019810605,121.4495798012702,292.6382767386301
1387329600000,390.53134448762887,391.415869340594,436.35380375776873,129.21810999157762,280.1570221168059
1387330200000,385.11371145090635,339.148300881556,380.04150715049303,120.26048002077928,267.46650365860893
1387330800000,443.7337166404427,343.9882060413193,439.2201185628973,133.38363817261194,260.8553031166018
1387331400000,424.5218189918709,354.6266013871846,414.045284871559,124.71862756762685,240.2893100517734
1387332000000,514.8599377290959,349.9417560497925,377.9306487431058,114.6669962987198,260.9837632090698
1387332600000,243.27391662521072,357.09318141952957,423.2731000130383,116.15415176009016,241.95399257600917
1387333200000,216.10473306227644,353.47435520361154,431.6105030704312,130.4672230482726,239.97504851957441
1387333800000,226.12570898861824,323.447450434965,381.56799241128715,116.7706273439421,237.3149590022701
1387334400000,232.07373857381674,330.1956752648785,433.53830482435853,128.0104946111244,247.64273329570722
1387335000000,208.0513115206819,333.831216647599,402.70054719208156,127.17905788376937,219.3991873356529
1387335600000,225.40231883691754,349.34023294260385,372.73590281604925,125.339600757289,258.7413288753189
1387336200000,227.49485929936256,332.1836171780489,415.7556470193871,123.32427465179362,217.83738039337518
1387336800000,215.5400516402809,342.72670865070006,406.34727345177555,122.2452986326228,233.26751536735478
1387337400000,227.69819403531625,374.74505887607165,371.60526225520124,125.040088292366,234.93833985222832
1387338000000,220.47952551752596,368.8532675342715,420.7161973719539,129.11403883793497,206.07232609588635
1387338600000,219.93323423727847,359.9599502826066,392.86649422841344,121.68600586437644,215.07285784095316
1387339200000,234.73873484598008,320.0647369327155,370.86359355995546,129.60809787376945,204.97272018412133
1387339800000,256.2188555144022,361.5438998780232,419.2739956791281,124.35734739369835,213.79724165136167
1387340400000,246.57612592377367,344.9346728869323,399.4987065553129,125.7480634185192,201.24495497685967
1387341000000,248.08905066449177,401.5830470757553,368.6548308966042,138.97485527450277,217.47639457358224
1387341600000,257.05329492048764,397.4718817600568,424.99372061281247,122.60864540719744,206.1239795752998
1387342200000,243.37932740814938,396.8632282582037,428.424024711219,123.93644033153043,201.40818922506023
1387342800000,263.17789343777645,346.3753973935506,389.513944866211,133.16990155152797,226.19367592775373
1387343400000,227.6866219765991,356.57951866107777,434.3549029721847,123.5530828796221,231.6018129300334
1387344000000,237.63648193237862,357.72878170509375,427.3217970380225,123.87954769425201,203.22811614051164
1387344600000,320.88790613884976,379.6343106637374,394.56573791677044,131.85969914554903,251.8799245051761
1387345200000,246.09838605413313,361.9120054179503,496.37942306454016,132.60940632391996,216.6011499876289
1387345800000,260.014967945567,413.22113214452276,473.81972859739096,145.48971431705826,223.54569694678517
1387346400000,350.64961349855326,403.95444104839953,486.7012359812683,140.86284378837263,266.7047051229702
1387347000000,396.91444262208506,471.1231608700478,599.9542211229676,157.57308792364094,240.15982031088097
1387347600000,404.74668790510873,481.87419716284353,525.7067140687788,159.35533359858096,260.1102364807504
1387348200000,444.64057022495973,486.940277290041,586.3791451745045,188.9062382333986,351.57884425838927
1387348800000,383.8240981562703,624.4268705854736,784.0884134091095,211.21735181484354,359.3256886327395
1387349400000,396.3336000832887,638.6378132859073,714.167036838241,217.77982157409284,390.9544604925573
1387350000000,413.65237130929233,813.0423251435557,779.4248462251561,219.91827145639604,344.85855246183945
1387350600000,642.7807981404417,815.5121252940957,981.3813509148515,245.46778230208227,385.59510916025835
1387351200000,541.2099035896497,925.61453235213,1149.2911039613016,264.307154987387,406.3650694693789
1387351800000,618.9033906617368,986.848120974192,1348.960525534311,285.2970138868095,429.384501277769
1387352400000,646.4804250593488,1024.8682611465363,1568.0528840453383,306.20644300138065,422.7293466701459
1387353000000,736.5292137771427,1120.727843257828,1768.01259665808,320.8514790466057,437.6134400800509
1387353600000,844.3093291363507,1329.3274274725973,2023.6374580881186,343.32720537424507,447.9749588807961
1387354200000,899.5496229967761,1298.2369897110016,2272.90265579322,366.65093490032314,375.1729173746905
1387354800000,958.5369743205648,1384.4583814098676,2444.1502727315096,368.59660486434956,416.1837017134689
1387355400000,1156.9510131636562,1469.435973217305,2440.6447936129925,405.1615446078531,449.790020581036
1387356000000,1070.9885273908935,1578.1361312666945,2575.36368168322,397.1195617890156,450.2894213048024
1387356600000,1130.08438330247,1854.7710667065855,2680.140651137405,364.34785251548425,451.98959006948814
1387357200000,1296.1780485477595,1918.0593438392866,2715.621549803129,453.00649156264114,415.0632193471728
1387357800000,1440.5530194214932,1979.1547096410304,2921.397001460091,440.7884859115324,471.6131193465531
1387358400000,1529.7800595619283,1986.4985244164911,2777.6829445984777,400.6840168219998,475.0469575313576
1387359000000,1691.0552866925966,2171.308455294276,2773.9455734073035,395.1528783209105,438.1190933324905
1387359600000,1911.096067971949,2056.852707466107,2989.9443346154853,390.3762605372701,452.35615643433675
1387360200000,1785.5616468634723,2273.654895707795,2846.9409162799802,403.7241106205761,447.59966669885233
1387360800000,2071.8499346707868,2399.373989061783,2811.032088831203,436.1760621579459,432.17351912038384
1387361400000,2104.38380354869,2414.5996098502005,3279.4286029020295,396.53343970479995,473.3685701616529
1387362000000,2088.5828633765614,2517.328672679219,3163.4816065820337,451.52551820031465,480.7771291916956
1387362600000,2219.1139890295,2686.763596559694,3015.9002332968525,438.3641308514411,429.60591250645086
1387363200000,2249.7116483369614,2631.3559588246794,3284.273872862363,447.45008857320244,490.2912910656063
1387363800000,2448.1500848046576,2698.8047380088055,3299.7687186012427,449.2283195987058,475.7479595336726
1387364400000,2599.8910082921657,2644.4452959691716,2981.0391627711897,452.02647041079797,512.2917700371157
1387365000000,2445.932020288153,2527.1484194682816,3214.5310333329458,466.4260375731086,480.24310057650183
1387365600000,2537.6950762035267,2794.0599519726397,3171.614395353887,423.4583235680468,453.3818365229453
1387366200000,2588.7941060367284,2793.751881246536,3339.469133504568,492.16119950060795,417.3549043387354
1387366800000,2524.9180159941393,2745.215883678625,3410.105201837442,515.1080021818768,485.6223756719809
1387367400000,2801.2404911584013,2864.4185286940983,3605.238591875827,487.59074416750434,447.5009085511185
1387368000000,2847.331544108135,3068.515763127842,3426.002249907413,499.715895536661,509.5892470513815
1387368600000,3144.238023041749,3000.179883659302,3416.027327065003,443.83501512398453,497.132274233595
1387369200000,3527.2244496763883,3004.657815983864,3399.940383424251,432.89189216625533,496.7346359959613
1387369800000,3725.4207645288634,3191.4481616580424,3227.8001277357957,419.65444233159525,495.92696827662496
1387370400000,3822.5182078349003,3207.1082996863743,3338.3107965934873,443.5487314429971,526.5098826973248
1387371000000,3866.7158500755886,3051.9417924338463,3355.9116624220464,462.7346833209135,486.7626506031144
1387371600000,3877.3700268057573,3178.2043481587575,3166.1570306764133,418.5487976964191,516.838468131377
1387372200000,3581.297248901585,3111.8794011532564,3369.8702780745884,409.08892999037585,494.90015886648376
1387372800000,3756.3365876069734,2973.613213977186,3113.43961081364,414.03987638391555,510.1653048786555
1387373400000,3436.163796955061,3023.97897771268,3275.354030666373,479.8370796324525,531.8371964850222
1387374000000,3591.041634336808,2870.2232175004474,3055.2413088613,491.0504452205195,503.310313441545
1387374600000,3316.722194513904,2810.923607709171,2968.3508034779225,508.74266681480583,459.23642130834736
1387375200000,3167.5090616678713,2524.71480221013,2976.4426110586633,483.4486935340288,497.27670430457874
1387375800000,3138.918767856254,2665.346366625859,2978.914909635605,424.30802683274106,542.5419265767679
1387376400000,3047.2730093875666,2788.057641203671,2843.1063698070093,416.8191103102915,434.0030670579266
1387377000000,3150.526410924985,2690.242446131267,2873.2675467740037,430.67765116287836,491.4044316829118
1387377600000,2938.9462944045526,2476.0341872915687,3034.583119758472,403.40781307295657,532.7048380850446
1387378200000,3039.3790085958994,2679.119521873683,2952.283996714762,437.58995188900747,473.793334137249
1387378800000,3118.208108217072,2502.674751907581,2992.3244802749914,436.36705452901975,482.9632886824664
1387379400000,3213.4922163310375,2525.0536755637277,3030.4352020142283,425.03749216851713,465.23320788765983
1387380000000,3012.903616167264,2681.9225684807616,2983.157401935984,412.07418676932303,458.56826860834417
1387380600000,2953.8872359949355,2889.628085730833,2836.9735234622403,434.4275030912938,521.3161056179239
1387381200000,2920.784697090147,2542.515818707448,2978.4666619027757,389.5351500333506,495.1496506100171
1387381800000,2932.362162951596,2753.3704305927995,3022.2868043884923,398.3632598565756,604.3989402975321
1387382400000,3075.209735872019,2676.247063775859,2991.5865658716066,399.61963708022677,524.9424020272515
1387383000000,3023.214646197049,2600.921754718969,2801.420325558388,398.15940331914146,590.0272881231607
1387383600000,2955.809682558079,2616.2776437022294,2843.4740530406834,372.0125100368985,544.0445280497286
1387384200000,2909.4140309420695,2503.0155481320817,2739.0617625500026,399.04724454682207,558.8424506568282
1387384800000,2701.297098109609,2491.408603981494,2828.4386146343527,412.7759153945587,577.9956926186444
1387385400000,2824.244735891416,2464.994307990278,2639.4652024470715,400.04250283780453,635.329259241057
1387386000000,2610.159367569728,2273.415049555329,2697.9636373369967,388.85596726118484,690.9079169932741
1387386600000,2438.9464047220226,2249.703419574344,2509.2981044416015,345.4893860034703,592.6084153026952
1387387200000,2638.442059133726,2227.0053207738874,2373.9257374878325,358.28271758032514,578.6259194006225
1387387800000,2572.860467556091,2196.085737341821,2274.8687484277316,338.05553496519127,624.7504997275349
1387388400000,2564.8270013137244,1929.9334226537162,2122.9449339654543,303.06726162204194,612.874241796974
1387389000000,2356.0194800955564,1906.7806631735991,2104.6554793735586,323.8830856035087,629.817029483286
1387389600000,2361.877506626191,1933.2943666373787,1954.2173694824405,335.7767935381808,615.9168449417231
1387390200000,2249.4898934912317,1699.9930345911962,1900.6039159358509,289.7695244635319,625.1919814628643
1387390800000,2056.9506121539016,1720.3448091463008,1830.8048117732624,316.3363811016256,685.1199628734653
1387391400000,2078.265930617187,1700.0227942493811,1645.0162963603916,320.6801569838771,711.7585336222902
1387392000000,2282.8702344669236,1523.4856287132607,1657.572856850748,272.3467886202604,670.035445257445
1387392600000,2069.832047319782,1568.3331793869795,1499.5960212466816,274.22034835168625,662.9190953922255
1387393200000,1856.3399395959123,1453.8414129487787,1415.3047921046043,288.55473177778003,689.252942183657
1387393800000,1593.6848404836912,1269.3866241564563,1484.5228135438285,249.67782589093565,650.3041241869527
1387394400000,1380.718501108397,1161.6352081750892,1344.598166485185,267.0433165832475,724.940389235322
1387395000000,1368.4242757138204,1171.1188686028522,1296.4247390317278,282.11925216712876,740.3118194240849
1387395600000,1136.792249422685,991.7398449113497,1235.2767828747699,249.44452262802093,864.306518730675
1387396200000,1057.0448974885362,957.0807771124571,1203.808097333722,267.82752513524434,889.6766319185051
1387396800000,952.5083094111519,985.3856762517145,1060.9435222880215,253.8353472731361,865.9717800557885
1387397400000,885.5503789645999,816.4782680852097,1170.2113863193235,233.3879125812999,832.2453952090876
1387398000000,945.3039765700032,850.4734971172941,993.6036285975525,212.9124153447211,826.2527759004385
1387398600000,955.2644142785122,817.6906815197862,968.9386683838177,232.8588707132432,908.8113038196409
1387399200000,908.5028626962755,688.8506628285114,1047.5736695621188,250.4268077351533,907.1065602829314
1387399800000,948.1961829441356,702.4694820703987,1083.4266078134342,219.11517202378687,926.0198480759047
1387400400000,824.9544105694688,753.8612543852075,916.0882301560991,255.69723180878543,952.9996575114088
1387401000000,795.2902571378482,676.8564501712979,1061.1026115235982,217.3195988399853,865.1980649991352
1387401600000,611.8898132580771,758.3573160739832,863.0285701350974,204.4532626859988,819.5645119130362
1387402200000,578.9331160593664,652.5493699822855,815.0374837151279,228.96458431349512,836.25780785593
1387402800000,579.758380728512,640.0536103792665,800.1888159429731,190.1717762962575,828.0269344647736
1387403400000,505.07068586891967,634.624246031197,839.2511539023955,191.5501256972281,826.9651904944257
1387404000000,457.7309837729682,604.5951414686087,747.4280151576586,197.3453323713835,795.3643658657347
1387404600000,554.7293924602143,545.2345670530597,753.5594707217181,195.78709174123168,769.98233615689
1387405200000,463.8495192179038,540.5254183598569,731.6779359363601,180.00417657969072,825.0037467491468
1387405800000,405.31707405852785,593.6400030972818,626.6589711925102,196.43990117228475,779.4574330559043
1387406400000,362.23329870761717,579.1790161992031,700.3663006533034,190.7493330566597,757.7577784985081
1387407000000,315.83979004875897,502.681969788076,573.6437325894447,194.92307567617036,644.847211250031
1387407600000,274.15971413353014,536.7287637734923,551.9770559229543,201.87185066795755,652.7716687870911
1387408200000,267.61262626934615,487.2052468712019,509.2811934070718,211.5951230251873,605.0360417551316
1387408800000,269.43481435216074,436.3902238811493,505.89673548443943,183.0127720776113,589.0569508163323
1387409400000,251.59936031068105,456.98667049590455,428.3467480005223,178.5936488030684,588.6150506847148
1387410000000,241.11077549617795,429.7248903876966,451.1895649977121,165.27506788653014,471.39311930672574
1387410600000,217.61387908115543,370.90133161373166,433.8096077625656,163.18436352195585,505.7888663771212
1387411200000,203.93836896901365,435.6061274724105,382.50234180925565,181.81667156983585,453.7603367939481
1387411800000,204.19021109794605,394.70071083949205,425.51998726958266,165.33996728301656,475.90899911553123
1387412400000,169.83191805344853,400.94311143849603,422.12451029499056,145.30887981361178,378.76324633026036
1387413000000,162.96949533698893,427.4380569763511,365.89777222517773,157.3950397389333,384.6749286111653
1387413600000,188.53651545443145,336.432548525715,390.9812603346936,136.58753492221214,332.8644883544529
1387414200000,145.82473974649017,365.28947181719207,364.1540705167869,141.35976101176627,338.1401085615215
1387414800000,147.12279347960083,346.521342233939,346.4092027590757,150.88871529936372,318.74048976260644
1387415400000,160.8532692142406,342.6711331792088,363.6704223918049,129.732206797836,308.44058898823425
1387416000000,167.06289120360282,320.3067852022814,336.38780716157413,131.15851278838662,300.5559810630314
1387416600000,144.11838169526197,328.1425913805245,334.3681498544232,134.51102372750603,270.9312934128242
1387417200000,168.72064638973615,280.1180576799443,341.22463389173106,115.0933487630902,275.24824573719246
1387417800000,163.0735970957352,335.4681841160034,362.4994430155958,111.27065386893716,274.17539700354047
1387418400000,140.690203533808,298.21441243482883,318.250212850547,124.08968881303119,276.37575228865705
1387419000000,169.99310076299008,309.2170991670778,352.7724635687015,112.54049807723018,264.5517493541917
1387419600000,146.30840908528077,300.1225564931746,335.2573194848698,115.29366944174514,261.5482383048585
1387420200000,139.73345358089506,246.7247532059921,325.4012259742698,126.48833925664375,240.89754519785697
1387420800000,157.5361068964527,276.3256637148603,332.8095599461154,110.68712497452134,268.1119157821419
1387421400000,149.20889286245782,262.1130720022303,322.7039095860215,120.50853576330128,257.81542360240303
1387422000000,137.03987324181455,270.2798707989763,294.5767750298542,131.90502590061448,332.9769752231634
1387422600000,161.42362473173466,252.87465091984024,348.2298323880014,120.5226271060377,326.5220714367158
1387423200000,149.15988373353292,251.35563789101428,315.6487409242051,120.45008382579478,238.47893044646648
1387423800000,137.6941780938017,252.64907119921253,298.3268321673477,126.4991331750357,223.33774671181217
1387424400000,167.33061109865338,252.2801092947333,366.7232794673901,111.1363070292096,229.53265226297785
1387425000000,163.0625850532912,271.0941971573921,309.50781946018174,121.03851950232104,229.25528700037967
1387425600000,148.12736079806203,250.35619828982217,294.1190343560365,126.2157119917862,231.11295555398914
1387426200000,192.28413701945345,284.9673125115872,335.91270943234395,116.65265624920907,247.02547539908778
1387426800000,164.71341985199507,278.6534439033785,328.009035628692,116.26823378118917,249.42211149504936
1387427400000,144.27452155604874,234.9504278446457,307.7118707984752,134.36256760362213,216.9626040402641
1387428000000,199.83220208558296,278.2427763608672,398.04947313061245,116.41181932025916,238.0588627058573
1387428600000,156.33419538909803,274.4029886361092,327.9838184839515,124.47835120519149,216.9820563254752
1387429200000,143.32223407904334,246.94149252470348,329.0496514742861,139.99628370657115,230.17104344646887
1387429800000,201.51145994190713,316.2096068087472,384.1741954102794,126.18685794698914,260.16978338928243
1387430400000,182.4923689474145,317.4205915073021,277.479369678744,127.6687264631202,269.3240486637175
1387431000000,133.89031098882396,308.8335239301206,274.7256746718966,141.92061725730434,283.6801448511464
1387431600000,189.7395394126133,312.5832677434298,325.95720492580034,135.36845946797624,264.8606308469094
1387432200000,187.9349339469853,378.32358502269534,334.89872865750215,137.32369917076718,240.79699548042723
1387432800000,209.46092881455084,398.9413710071025,386.31302620796504,154.48257135339455,305.15690559835156
1387433400000,197.4262665671401,383.5255036916005,424.37932241674287,177.32286021443028,315.9095901318051
1387434000000,212.63688567675612,505.4136964137046,477.2926541983717,161.13139706599162,324.02412694729463
1387434600000,216.06083141924427,487.4410932227262,715.1280017403977,199.71272606645755,379.5668573468539
1387435200000,261.43170237526004,513.9205171343104,884.7259897742296,188.35148763573505,384.2071036894112
1387435800000,296.27100234562073,644.8989028283055,785.5410425786725,199.9549257409041,430.3638483545526
1387436400000,342.76181921731956,664.4584384106298,678.975500358052,222.78131608694716,429.9595934332267
1387437000000,346.6925731453356,682.4676778189996,819.5874609180454,271.20169096820314,451.92217036210377
1387437600000,422.22979830298686,738.4892390911912,879.0157005379313,255.22154429735753,479.653520097973
1387438200000,488.4607549887772,748.6995133061936,1063.2783320414915,271.5017991349349,497.9538169380982
1387438800000,604.7331293745742,879.4210834245963,1343.3223249132534,291.8356583926649,500.0894858818347
1387439400000,607.370634249314,1059.679721881494,1527.7471838812703,320.8124922253714,525.4954884067608
1387440000000,717.0960681246435,1205.6597079842084,1859.0157025379654,344.34210354324614,498.7365146441874
1387440600000,744.4125955030348,1294.013350952021,1937.3192076548362,332.41260207655404,501.357980298803
1387441200000,885.8691646569249,1403.5647134420083,2040.3125906510645,366.2784971694864,521.4435967933339
1387441800000,956.9749876230775,1366.8352103602988,2293.775628972147,391.6177160414129,509.71110135496934
1387442400000,974.4222874115709,1410.3505221045393,2391.5419637257687,436.46368891528397,458.5332506007366
1387443000000,1099.8968903830025,1500.0517817141547,2310.987122256145,385.00469120493153,530.7793629529968
1387443600000,1223.0265098359564,1631.4615686937482,2419.895695461014,398.8872501706179,518.1639972268285
1387444200000,1343.7740895969175,1594.8405005830125,2641.6396766977205,420.68767624852785,501.4351044756796
1387444800000,1372.3714407262266,1743.966534150521,2614.39364366303,392.2158716673241,478.9763110365871
1387445400000,1541.0252950144395,1792.16366838841,2709.893971472552,403.9306398029127,512.3673877567448
1387446000000,1538.6102731116114,1852.2519185989154,2891.087480692025,458.5356144807682,562.8595713596494
1387446600000,1767.8144305583833,1815.0078379638985,2683.944051361943,422.3771961190643,514.119861353965
1387447200000,1720.5001740033592,1953.044086730254,2721.8419762033036,455.9033327537013,495.38753690603033
1387447800000,1655.2977562718881,1898.2077627255287,2922.367408799394,469.6101391702806,530.4421332181598
1387448400000,1764.8961707210094,1932.6766482165613,2925.5017745987175,477.46520002711105,566.3543296261632
1387449000000,1819.63407851865,2083.8467601190437,2795.059926028684,437.16641543794816,532.3127912873939
1387449600000,2052.695617045153,2171.033881798326,2981.7653000071327,396.51616190745864,546.5252659163077
1387450200000,2101.9969804616767,2265.274892823078,2826.9609348449253,414.63381364315114,560.937941529843
1387450800000,2135.135202435923,2178.180796452409,2799.49883310226,430.23509353685915,565.3531047265323
1387451400000,2269.4614446858827,2262.1306170042562,3123.963806668343,461.0701811067148,562.9656116844808
1387452000000,2298.472882852355,2150.625855726567,3150.143853685589,459.1676401343357,588.6607963199116
1387452600000,2442.743228078157,2270.9173667889722,3046.8455267466425,467.8740037746532,624.6104439230008
1387453200000,2534.7805491728072,2441.9105089258837,3468.646450117699,460.6527818789127,624.3233579653183
1387453800000,2562.878688500337,2547.372257843974,3090.9264736447903,452.3229768709856,543.0563056463027
1387454400000,2649.38390156176,2549.332170275178,3197.674348889674,529.2573749987341,579.992006947522
1387455000000,3079.733514443519,2767.840205049686,3417.0125018399444,497.7545918963261,627.6903941851278
1387455600000,2879.352555600679,2683.885961562004,2906.858555967026,451.2596167132226,642.1159151355206
1387456200000,3051.9825326139958,2711.227487654573,3040.7359607349626,479.421130927417,580.0918717008689
1387456800000,3203.6880296283844,2517.594328733049,3329.9262202587715,471.3537742337829,592.5677928746392
1387457400000,3184.9203645597727,2742.8960086254424,3320.1161554081946,432.20594170018194,632.7699037211646
1387458000000,3255.8199028504423,2650.2073692734793,3093.6795375771712,441.9018808267259,652.0191368538634
1387458600000,3134.402113538145,2467.6527090842947,3205.8436687984777,426.8171491309187,709.7509042890802
1387459200000,3258.1519848721173,2606.0076785340425,2994.40298617903,413.50093571477333,638.8496757300276
1387459800000,3144.569117852562,2583.6455903449214,2840.915662928795,468.5117455127903,581.7326636968357
1387460400000,3201.7523314251794,2529.976537768367,2868.276095611925,400.79919577026993,579.0537234110025
1387461000000,2828.0122826513634,2546.6701795436834,2783.326245552054,452.9089200225369,531.8092731294032
1387461600000,3105.1985250868565,2376.3785499682217,2646.189450258418,406.1898335447619,510.3120911800439
1387462200000,2825.0268339070653,2511.2964176891996,2663.997086885471,405.88597117132775,537.1908968053299
1387462800000,2680.860336062098,2380.6891749675833,2644.5558327475096,426.618838546702,488.2287633078351
1387463400000,2901.164357907592,2496.9201695703055,2672.2566197831343,423.71334550693354,507.1159886222326
1387464000000,2752.326020835195,2670.8055715010955,2697.1329954610883,437.08067040302944,568.2799294661852
1387464600000,2739.1607345507177,2527.7155218410808,2690.9582444038033,448.1838385316006,557.6498101615637
1387465200000,2807.9269534341183,2489.79644925301,2776.708383174766,415.28962117516585,490.93957424358325
1387465800000,2584.647400885469,2740.8386796100754,2705.388283133543,421.0948645384106,493.11266726165593
1387466400000,2495.299646205601,2435.474195908065,2695.671883848976,430.80650809899186,479.8437488859495
1387467000000,2745.706886709115,2455.3763641498495,2693.885508674622,400.8992045026097,535.0470776002493
1387467600000,2450.8028465302964,2387.403316589324,2853.3986313525616,403.47195377604527,506.7423644613686
1387468200000,2718.5146105089466,2405.840058667265,2749.0470964811216,413.0427499504167,498.591372488486
1387468800000,2651.8242539923936,2422.162395077241,3048.1581102222667,412.03054185692844,469.36569624908975
1387469400000,2449.5355814077093,2372.235197393344,3068.6236853349997,373.65324859505137,529.801165828012
1387470000000,2364.176910891732,2159.3250611600024,3087.5913006492756,371.50800270944563,517.6651708991096
1387470600000,2622.104593469219,2137.3470231333004,3060.1067005747973,403.45676572692,527.8017637133345
1387471200000,2355.841113979691,2231.6364660772742,2897.2187597053417,367.27124920497346,547.3710665495711
1387471800000,2382.0018107642663,2189.9359888965487,2815.6305510381144,379.86522744566764,538.0578805619039
1387472400000,2420.4247558234865,2123.960095043322,2529.0251117469097,353.2431790688122,511.29506682782795
1387473000000,2299.2362821535507,2123.451003595895,2245.4713092455854,344.995797620998,551.7418908950876
1387473600000,2240.3674380139664,1877.553342191135,2233.3382046705083,362.71809676703117,513.5182829927892
1387474200000,2492.7871933938977,2125.4349841205067,2286.004606991109,375.1308492850097,534.7624908920349
1387474800000,2202.0071146875607,2092.760649016404,2205.616998066896,343.1666589029396,633.9006953187617
1387475400000,2133.3736147695986,1824.8812008166783,1936.1972175282199,309.4369637526223,573.5047318270589
1387476000000,2326.3214458188872,1729.0023545669162,1866.6300850091388,337.23997713547703,568.2207131019406
1387476600000,1970.2567844627372,1680.395520499064,1681.967355372373,321.13600719112134,569.0922185489732
1387477200000,1808.8307854157467,1606.5752362878022,1652.0214797648825,271.38708680376095,579.7164928263976
1387477800000,1778.773170198912,1626.3035230049495,1538.908685464507,312.0386075749878,602.3819836305448
1387478400000,1635.787719109659,1547.6588827438964,1475.5173162438282,305.63813768348615,595.5184376757408
1387479000000,1787.2637532046163,1395.2603887462813,1352.8420783634908,303.15209103931534,595.7493820743979
1387479600000,1440.8886721880199,1390.36709225546,1158.3793571493502,306.46736184232657,589.6145014000608
1387480200000,1445.5644674539708,1230.7984534560283,1261.2252550941218,272.1705670763919,609.2769992241559
1387480800000,1165.559039153461,1114.678444359706,1102.8249053062839,259.9729389613584,639.2316008213711
1387481400000,983.6175479920739,1020.2102026287268,1114.793124318831,255.39898020407333,610.7987115431126
1387482000000,1067.5725188758042,942.3614820471295,1173.9223858322976,276.0572682788395,670.4387746080545
1387482600000,1064.6182239351729,842.1623482834539,1068.9014145173153,247.8469227742786,664.6453906122105
1387483200000,953.1277380167767,718.4313832101791,939.7295092216457,206.87009497948355,741.4944747421238
1387483800000,991.1119054543544,781.4336926125877,1005.5470820559791,231.74824625529496,710.9492521230279
1387484400000,837.1151397881082,700.1835363671692,993.1733702916289,233.31473269374715,683.6266822440697
1387485000000,743.8278799292221,728.1584510887207,919.0538027436405,205.937136210458,686.1754846809013
1387485600000,719.1316889898059,701.6063234487783,906.5616429370438,216.59815817651585,733.0298227537244
1387486200000,640.9126234522488,737.4239070672788,883.3216822778899,221.61895729883784,754.2598988353473
1387486800000,713.2597044109507,640.2519642941572,956.2233153901884,321.69820565543137,729.4788860722117
1387487400000,645.8009501561384,642.9850782224491,833.2599326349705,235.24787800911838,714.3482294595724
1387488000000,572.8273669647257,583.5190957964613,928.9671459199984,240.8668234193382,786.9618499731048
1387488600000,602.1082651205095,631.5819903985708,825.7766819098536,234.24454596494692,752.4659205855403
1387489200000,612.7761073387328,589.1495625226399,843.0537623202124,212.98722829115644,799.0014624551253
1387489800000,511.62838920346627,559.7251731516243,873.6687884017165,192.55061597365093,792.995409273517
1387490400000,441.1131532476022,568.679953335636,799.6934224818923,223.51691035701367,771.8872340869092
1387491000000,420.68939333691895,518.3544693920395,756.8203074981915,210.10476557217632,738.5890206508491
1387491600000,422.7639309716791,516.4648617700618,680.1864630686525,215.93354065213478,702.439760599355
1387492200000,424.813802766231,506.9211801212165,654.8073294978052,236.02872088491486,689.7746293912203
1387492800000,384.1681117928519,482.3107953596432,658.9542062707085,203.47826993417527,613.1351862332795
1387493400000,292.08993344227594,465.71011898830255,670.3718551048993,199.84939715398528,621.9645263244192
1387494000000,320.8548608702784,525.8391811623073,609.7656917950054,226.54163108264618,598.4746597767714
1387494600000,295.0888240231719,489.60336432140707,572.6031266797195,187.0567373622199,500.76201609352955
1387495200000,295.930735817044,372.1817062168249,546.6251282759098,205.3722484676008,486.4684699934432
1387495800000,256.0935387514627,404.69741535573286,445.5344908488901,197.66188913798425,498.4484488745194
1387496400000,206.02028699020244,391.8035199030421,416.47782113461,196.68939475565244,470.8430935923818
1387497000000,217.9249505451503,297.0850991814628,437.1907459350344,203.68866381071464,485.2161059594651
1387497600000,242.26109047807194,363.3344991526836,388.09548056227027,184.5251034665255,452.23605475870295
1387498200000,174.30727529920304,311.2339751321364,445.2629794653566,173.9801608161319,415.0505680256363
1387498800000,178.3624895996379,304.2302150548067,432.44375929540394,171.43691879556488,369.30106848005073
1387499400000,175.14631321298384,292.2712204868343,399.5137732502349,163.2967279354199,425.91661075728854
1387500000000,152.33877903626714,266.19816452625963,385.19984436500135,146.07663030437783,347.88889440123256
1387500600000,180.4087312079657,241.7376492345742,376.38799503261635,149.73861867255337,325.6601772764357
1387501200000,171.04825715394256,268.4535928885993,302.25841356939327,148.85658038455165,345.0483976237326
1387501800000,161.85027633466174,255.58800781726006,334.03980549735354,142.46878193338588,313.86018841874017
1387502400000,185.78027659485545,255.26365254841616,321.2562842959074,140.6397517742977,293.0315873011263
1387503000000,189.96631002664574,247.74218078829716,274.6669187819346,147.1399844864501,302.24741103004146
1387503600000,159.52863581588178,261.45126158387035,295.4777932504251,138.73960276261448,316.8324542103486
1387504200000,174.65320720775034,212.5583143638952,303.4792118264635,129.70704937714555,286.87125864524535
1387504800000,173.67646954474253,225.6367273427018,269.9535530110579,130.47299929303352,282.21875434245857
1387505400000,210.40674521528015,253.4142747997072,264.63656180150366,112.33330073839537,310.2024624717053
1387506000000,215.7389642710228,224.57255264220984,304.62818202385733,120.65232657866531,277.6964247446473
1387506600000,178.25207816386845,224.4408265720119,258.4850144043118,122.0797735657398,263.80006278940624
1387507200000,188.90145295184752,250.7928666623549,254.4398625238072,120.67786815030787,257.2112451590623
1387507800000,167.10315362723503,213.31397230687588,292.40666612837435,110.4764072586965,232.7358527179046
1387508400000,169.19827912810726,220.35383958377943,244.99834943848876,110.6895350562934,240.00196610216176
1387509000000,178.67270202915898,226.84929285616948,281.62977052923833,110.58661938430582,245.83524746087903
1387509600000,154.4512476431332,201.8170904489129,310.6494945809593,110.99481508442065,208.02034570354488
1387510200000,164.45603344192116,205.79383096172526,270.85392549476296,109.5256720523554,221.95059958998775
1387510800000,150.4502013784426,235.06806763990468,288.67058737454704,109.80099888288248,224.57704102785036
1387511400000,157.78348111259098,192.87130693697134,311.66558400725637,106.38981703328373,202.5326914381257
1387512000000,150.8773208692979,216.31818752894188,340.3085237739101,110.83234891933712,216.11394649261055
1387512600000,154.23660128905453,236.10061823349153,257.4002293964514,113.3107940992696,221.96820073372513
1387513200000,181.1986822665034,207.196969063719,263.8350412963807,115.65227153963261,197.6800934735111
1387513800000,191.88644164475403,252.6470259875985,236.58239752559695,119.07108939957035,233.8510146166122
1387514400000,183.4331477599359,243.07234235022895,278.8231478993851,123.66393552841804,234.02650682504216
1387515000000,154.46096759489487,206.3478039694104,284.6566310922166,117.47154605576252,239.36119921758836
1387515600000,191.37867000837025,246.4004129838222,254.33759579480684,123.72081595364097,232.7791218194377
1387516200000,142.1596574518059,231.74611326732247,276.81293158237366,129.58825926870333,233.6761478003723
1387516800000,163.77123826219884,241.98839652535327,281.8144032326946,133.05787189674666,232.82941510613932
1387517400000,186.41087200627024,240.64298161385904,239.2689556428678,130.71696501370818,247.81062576333272
1387518000000,174.15650488207154,296.8053578235843,286.4894965632516,124.37347473355364,250.6559520596593
1387518600000,208.7821609085626,303.1602112211577,352.12358950191964,137.94266821009612,249.6260917198069
1387519200000,232.60472252868118,369.7269874340917,332.0283632298995,145.29468907068474,248.4228948962397
1387519800000,239.04326388395526,364.4389525038346,333.0471304764933,141.15847324255162,279.7076935437853
1387520400000,270.35875498465947,412.5123287754679,385.9553604200071,176.91716600589922,264.86901522478973
1387521000000,315.4996875703942,379.6234051825406,387.94476621409285,186.33917236191556,345.61650129052185
1387521600000,319.7182355636193,429.2800567868636,561.615235061936,208.56851973983223,368.8654078965256
1387522200000,377.8523219965641,670.1840530275,627.8576660723052,220.19368816795625,343.5065241800889
1387522800000,352.55076036185295,684.6150251137783,701.8378955616088,236.61428064224,423.9424225077336
1387523400000,383.3799070414188,693.4316082437372,829.5209369915339,248.43964494912774,392.7308744546004
1387524000000,457.7913815296144,856.2360193550143,994.8753891266873,236.1525027689134,451.9089337494773
1387524600000,519.1234567663073,789.6416061296161,1025.4428321261253,270.6395490004523,445.94226310647235
1387525200000,592.0156234283004,935.7096446311258,1384.3286153230324,294.0727170414644,450.4209063659356
1387525800000,682.5120157015944,1030.2851073302681,1571.477710153874,309.89823039958463,431.8521098545155
1387526400000,815.2566292754292,1220.13266072733,1814.9302888953819,289.10021608151766,455.83774855504436
1387527000000,893.1666128774608,1237.1398529397816,2100.209374837943,320.02071247280026,446.13499230350544
1387527600000,951.8005583399396,1306.8203772110128,2204.18261002048,303.35361916421044,445.12996428834555
1387528200000,889.6656756141371,1387.725636006505,2249.3413823213837,327.6207775105853,504.8180012656729
1387528800000,1044.0207602265414,1409.9805328406676,2339.186009744743,358.97170329568263,433.45779715046245
1387529400000,1141.5234197001528,1643.7428191505112,2431.0934533798672,346.2719275061926,475.46234433662227
1387530000000,1331.02199644499,1689.2720039343737,2359.009569657991,350.805068520164,419.2834716610677
1387530600000,1221.1820332134453,1596.9041140034399,2436.4667089329178,358.6340217233583,457.8841860308103
1387531200000,1363.394858811753,1671.0422452853209,2569.6574435367143,347.3608429219392,382.40358137458617
1387531800000,1549.38743153856,1595.8231638558225,2629.2472591825763,380.91196905947834,399.44513810367437
1387532400000,1544.8606875603273,1878.9928612760896,2746.351693830294,365.66444998928955,451.72075660866403
1387533000000,1697.7923816756988,1986.6230901859776,2668.520770808478,361.81263630028985,467.1351751912268
1387533600000,1738.712584381243,1975.8968054994186,2748.2460270806573,371.92752284228646,463.4460468271194
1387534200000,1758.3699015189936,1999.361613885642,2844.244944838325,357.80758212160464,487.61784138717456
1387534800000,1717.3818826052748,2245.892041507815,2771.4475539067835,360.27294497950567,447.8302448568371
1387535400000,2046.7504347800004,2462.250541748612,2981.7719301704165,408.60150357021206,521.8112155225263
1387536000000,1989.8289110019257,2270.8691871943843,3096.72552525151,399.9059204088577,477.8384247870015
1387536600000,2381.0547407557824,2222.109094283065,2980.4052971478527,359.95299961114165,482.3240055391057
1387537200000,2271.234629529278,2357.328781544976,2922.023800376692,392.18109870381744,473.196951535572
1387537800000,2400.4789142208974,2275.7558503320365,3167.6195026604228,379.5037405346095,509.32489842504253
1387538400000,2226.841008112969,2439.717179569458,3094.6331216011554,376.4095794226275,485.3472994179376
1387539000000,2358.4517378261553,2526.545039849262,3288.5480193583553,411.9148459044761,527.3755159965257
1387539600000,2492.564143740062,2346.08975481662,3428.2274858982823,386.79737836011947,524.2473208497339
1387540200000,2654.9883148253366,2470.7981211409906,3247.310884148681,365.7477683663377,573.3175929104203
1387540800000,2834.7442128128737,2650.6479368966434,3309.4199426866544,395.7479203187571,531.7174881706954
1387541400000,2796.336689338997,2598.8075158991405,3445.058763110947,394.49823088518997,510.33715762115753
1387542000000,3057.389463717066,2632.609435315256,3121.7589937345383,404.0212586690886,551.6787381314745
1387542600000,3188.3403287128976,2461.224840610742,3351.3521053531426,403.6293643478324,583.7198317266765
1387543200000,3221.6808742543076,2746.582159412746,3261.4304492383703,349.44400385492077,564.1134256250526
1387543800000,3524.6062732506516,2632.1051283019806,3091.646357447103,389.8939111352538,546.2261658501558
1387544400000,3223.6046779304047,2633.7162464014477,3273.6484533392777,418.99681197315346,549.2161324584945
1387545000000,3420.8806611306845,2568.3617867252174,3073.197408321283,385.54450093762756,540.6408556377855
1387545600000,3430.338261397512,2618.5421869985685,3069.32020765419,336.6770426931487,575.3439028723463
1387546200000,3298.1097496739512,2665.7303627615065,2959.339887360365,374.85391065946806,540.9245232654958
1387546800000,3026.8646999421208,2900.3715300437984,3132.4454292621776,350.28653341518657,537.3260136827056
1387547400000,3372.5327205685285,2662.6621442462906,2841.3791984064896,347.0375014606306,515.51966953278
1387548000000,3101.176111267436,2651.5894740353215,2857.445818891872,397.37460573862336,525.7843052026581
1387548600000,3045.330459174396,2596.0820868850137,2897.9282040596295,377.0150646697888,513.367659965025
1387549200000,3055.9317954110975,2519.1434979483274,2816.0340689115733,387.244057876835,549.3927171323685
1387549800000,2986.7649359562242,2734.3699977438264,2770.7969375902317,365.9103569901846,473.44339234939406
1387550400000,3136.2237396105165,2823.198777200726,3127.0876315819837,366.6525553979485,433.7922956049484
1387551000000,3131.0836766029715,2617.306645620054,2878.534011926754,361.98224974048946,461.2684288734615
1387551600000,3260.1056479460967,2674.8654397633595,3007.193346503408,400.14048745081794,513.624653861908
1387552200000,3274.444813113249,2548.0388496656738,2896.5751143554335,339.3374662217686,451.77245992463156
1387552800000,3278.254999568914,2558.9575624357963,2922.5241801053776,376.03205160852775,508.8336240872274
1387553400000,3278.9110789634487,2391.4991925680515,2883.4844826857825,375.34508269805013,480.79778451027084
1387554000000,3529.7247247170953,2764.4682558682557,2909.8332685006044,343.7970464228126,501.9653927923639
1387554600000,3394.194194877176,2595.301861996995,2684.6574173828885,334.7427791794179,435.66398656773356
1387555200000,3234.2071748373237,2626.299354670793,2849.2990511941025,376.43479556068246,447.6308155287108
1387555800000,3389.9430555221684,2673.378012092374,2931.2500008833326,353.91429928307434,515.0218262621732
1387556400000,3076.820474819462,2455.5232729984946,2573.3012137881137,330.53957623049564,492.5955049896778
1387557000000,3169.0256514371504,2262.6883616183295,2515.5428692862547,329.3038903090845,501.45155566761827
1387557600000,3152.813292928822,2273.095354882482,2507.9436318679163,306.8544451527414,532.5606052743934
1387558200000,2945.2570829354518,2120.3894705854555,2226.53471981169,320.2345354191197,506.7201516896337
1387558800000,2751.2407057623977,2335.0258031772432,2203.546472221539,344.3050112144928,589.6404771862244
1387559400000,2526.086363808874,2156.2871708984644,2082.3488474930423,322.92934660341746,545.7430927698272
1387560000000,2513.1202697284125,2015.8968597147664,1719.5379395826678,291.3426140803558,579.629744382303
1387560600000,2452.4889786194076,2134.443587020484,1901.2500259255826,308.2242898278075,599.2399633349097
1387561200000,2226.294897682441,1919.2556124569055,1769.5541082422742,281.61542506833956,575.9690412175037
1387561800000,2231.8540436912117,1839.2903151504297,1628.4906259598768,283.54487539635954,605.7544140298895
1387562400000,2045.1723911260906,1951.7674011588945,1499.5220779985013,268.4672781470584,544.2187738786087
1387563000000,1932.1817819671633,1644.755044616917,1488.8445044835007,240.45012626772197,547.8130023775736
1387563600000,1809.0938692333534,1486.1348619484104,1333.2394692139183,259.4979267695976,623.6046940877847
1387564200000,1682.2748232455915,1693.2423371645766,1216.8797516469142,253.69563735905305,602.6017268380315
1387564800000,1658.5393864433915,1344.2494543511586,1138.0107118451149,251.2616367051219,585.9601244757663
1387565400000,1627.1318128969829,1241.1987143421502,1066.6330488030637,273.0318831058349,601.7762282632515
1387566000000,1571.7871199941262,1227.9812247430593,1032.1315954881445,251.41023905204162,616.2130880934849
1387566600000,1417.9407513716649,1140.507265566108,1043.8256016804692,253.25637780641213,656.1556450620628
1387567200000,1296.3013396407569,1019.1906659236164,1009.7768222714996,242.06163549602724,585.6776501460813
1387567800000,1142.2091077956493,927.6131155380868,895.5723690141564,241.38182437536125,668.0420149635921
1387568400000,1166.7402506036506,860.2623552924944,914.8564594620602,229.14762701833158,645.9066293557355
1387569000000,1058.700025643568,789.0068819818955,885.6958424306897,213.60077434564835,612.0092869715287
1387569600000,881.558410641106,744.620248807567,917.44718185232,231.06713237100462,611.9736403267194
1387570200000,897.3151194870408,782.2458984950424,873.7311054282055,225.89971119081875,666.2444568196348
1387570800000,777.0236581361162,736.7810587058777,781.0957406482268,238.02131228496907,603.0574683440841
1387571400000,764.114738732356,696.8599239457909,800.3652311665561,220.26370454321534,636.557268918639
1387572000000,716.7286343989679,733.6608564436095,801.475457713665,184.10243449540133,671.0881599869296
1387572600000,641.4411633097075,721.8334867280132,840.0715195154047,190.4217293518692,666.5892158285712
1387573200000,796.3833848117757,662.1285390868957,769.939582639189,230.0809598233703,709.8803733997063
1387573800000,612.7666021978904,703.3141856360395,678.9203261622998,206.3024165458706,715.4753078792946
1387574400000,640.7963391743685,637.8367016450036,827.2145616200131,215.00984304983345,739.1866192664711
1387575000000,594.8789978391299,693.2207686464013,803.5615450080104,223.54946132753693,670.7891336327243
1387575600000,603.3621102896908,601.3870091669738,721.7791567450947,201.63764012361656,755.854261391623
1387576200000,514.1576935703727,664.3227327647204,781.7197911937578,202.92583654812117,779.4364135821946
1387576800000,460.330469444625,564.037425103182,704.7131383304658,227.14656850268813,685.163626495894
1387577400000,372.4422441896763,487.86608792561753,847.9294033318229,180.1758492189804,699.3525184249069
1387578000000,336.61069902166724,539.5644707546805,711.7117849436645,205.51768281391392,679.3059040882531
1387578600000,280.37223634351284,738.7418686016814,733.2740668380658,198.92278555994343,685.3203546283224
1387579200000,322.4158153523704,1177.4382281359137,672.755801954865,187.88201756275816,708.2720491656214
1387579800000,283.09523696169595,832.1245890698236,650.9422986067207,199.51550209318964,670.5158619288427
1387580400000,408.79402833506043,696.6467983525015,660.8227567136173,182.43813602011568,655.5159208064945
1387581000000,251.3852793634796,505.4170073563016,704.296434104572,219.5537597387097,583.1737836723897
1387581600000,240.89424085063007,790.2081757245131,598.0852580226956,202.25441532273337,565.4198730806805
1387582200000,218.96946807047425,458.1687248772535,612.6434791217587,182.851459946026,531.1131634629344
1387582800000,215.77421086978106,404.180004582827,574.4144088865131,167.86641688613182,621.7985684456683
1387583400000,185.7218044804621,392.9789887735571,538.6332135596473,183.8588842031624,533.7310232624687
1387584000000,219.384309088298,361.3630793424876,506.6298449862666,166.21534225722164,539.0512760090244
1387584600000,211.2913277228449,361.5744809748782,487.7431841080419,151.49697292572517,560.4335780034103
1387585200000,178.29423170755484,322.63081483554737,479.39101093394993,159.34565575742957,483.8452269093007
1387585800000,155.89793725996577,308.5506185666257,435.4077734688983,150.0853458633915,450.96312534368855
1387586400000,151.62740792268534,308.66303439872377,471.4901938912615,151.3340096473106,476.75726538741594
1387587000000,149.15113078382652,316.962483172886,396.91701908669586,150.81716001775865,380.7913207411326
1387587600000,150.27457309929034,297.18680753531356,348.55618048721755,150.41808542338285,398.9673713508803
1387588200000,152.64250469395122,320.12656750925487,479.2811478798862,140.84453361319805,396.52052866062957
1387588800000,146.28990190594385,315.64931870746796,344.1962320811447,131.63773789872033,355.01078471029257
1387589400000,124.0085975070541,277.50320233929483,423.16739046153845,133.3411032865034,395.7000621958629
1387590000000,140.75583912090605,282.77679816256216,399.72093066116963,127.537881284569,314.64345078553794
1387590600000,125.73199348243067,296.1383101916275,389.9676207251758,125.2789000743734,334.30434132003467
1387591200000,123.5893081080935,279.4826319466248,368.2229760012813,129.846133225498,316.8868410557664
1387591800000,146.927884172056,274.2796422617979,400.0104837785859,117.3176384707561,330.4270824064263
1387592400000,124.38357141287877,257.2602055796141,342.7416116909496,124.63311588748381,310.0777285376926
1387593000000,133.63641824487547,250.5474186164625,298.1574629510327,120.69325585793794,286.2752673193373
1387593600000,151.0684975065832,319.1932872568903,299.02449945906835,122.20177136023742,274.7779811377481
1387594200000,124.37742687108396,255.3902118603548,308.5446257891095,125.36942679813465,235.90214392264997
1387594800000,127.792397419427,269.6943576678098,347.9020434248095,125.1138877815231,259.1074877388065
1387595400000,139.45918071108613,265.03292137537954,346.2134297498721,117.90599611601439,255.0004105028317
1387596000000,113.93145975962479,273.5162230814001,249.6251589513962,114.6200023230409,241.2363085104609
1387596600000,122.52346714731334,287.65330372374115,243.9517629097483,131.9393627169658,237.46098338250212
1387597200000,140.00160070819962,283.76548092099694,255.1974233463325,118.24543898929647,235.6094567895304
1387597800000,114.01265830259102,275.0704351487774,206.6522474701768,125.18788116308946,215.051394009794
1387598400000,134.51646904289706,292.8203879967106,213.54369256121728,122.69038843034666,211.82297968985992
1387599000000,143.63505929629918,332.54619124623844,264.47837667532394,109.16752619818399,200.58991858610875
1387599600000,108.21251555999137,310.369818092148,190.69512700070686,118.43360266251828,205.18109855083665
1387600200000,125.43552749159909,288.3950255913151,212.31594616003238,122.5235798914194,224.75906647268695
1387600800000,124.96248377447156,300.3631437786233,240.7087832895014,106.35411063050651,198.0248014863051
1387601400000,126.73486948731588,302.14235877027255,186.16051295621213,117.52056912032302,207.31095932334952
1387602000000,122.21121178304307,321.63304877541,223.51172366540808,118.75847267234892,197.57381903225857
1387602600000,121.18921194734097,279.6580430774795,219.18959374821284,104.0108358126059,188.43676362579205
1387603200000,108.15402782149579,313.6888987958482,205.64354163328952,111.61756597124696,206.90225317838517
1387603800000,142.08627214890706,313.98742913939645,195.7517528564392,108.56528669386113,217.87475463127225
1387604400000,152.99304643296284,310.8487630841893,246.6940110058072,106.19184793377588,222.21805987751938
1387605000000,118.65697548662527,316.012619031496,202.85001935162123,106.50048566320734,209.12804230487626
1387605600000,147.33125052069272,323.7438542590177,217.6611521814357,117.6557219303906,209.6336457207618
1387606200000,190.51249076320627,301.79507497796254,227.7935002377545,108.20365419893069,196.48785398935433
1387606800000,157.04752999065758,326.47912217084314,215.32538154029004,126.8512601000739,206.68732859479775
1387607400000,164.99595827680673,342.9215768879711,221.06282982090892,134.52139428694048,240.17457752069365
1387608000000,186.32490705835326,296.918470004137,259.14686565944163,133.02584491351865,216.7766053400855
1387608600000,186.6871942685496,335.83933339024156,272.0750102995978,199.15227914821256,236.82331726419406
1387609200000,205.5593693826721,374.4425241337799,285.7213952330835,138.7704091427087,240.64893567885437
1387609800000,196.18859819594852,345.98759236029895,278.9579978542687,118.52369021548753,226.31318698163275
1387610400000,191.43242554678886,423.2761378946721,278.19640363685704,132.0373056477451,227.6515245579684
1387611000000,309.6654694035888,409.35818693374944,231.95675490143577,132.37861781787643,241.93129210063907
1387611600000,279.31417103308496,468.2277099289084,309.91586880198565,140.64569786440683,290.6716133583443
1387612200000,268.8868587772839,520.4716139397609,275.52032006637586,159.4423798482712,289.82451326385046
1387612800000,373.03028041005814,583.5124224347433,274.77011016799923,151.2251659671298,305.0377988008221
1387613400000,390.93958202097235,506.61740576856255,374.76315710910563,170.3324665050047,334.53061776392803
1387614000000,502.5740759657853,730.4026707019392,319.2448484379948,178.69403686459316,321.3128380433653
1387614600000,582.1602023010975,708.8068203368907,368.69528165664593,185.44736223613958,327.65336696365523
1387615200000,601.1610928559709,748.758763941742,379.0768350807855,201.6822494091099,357.2324434220939
1387615800000,754.6819569557177,776.9584570598389,361.6336811808044,192.4222073846598,349.7684549177435
1387616400000,991.0583984087252,834.7816330459577,431.41105333360605,182.36609069655833,432.6394657800296
1387617000000,1191.5288993278511,927.0139428925678,454.8043007650936,194.1425515001932,400.4000061159725
1387617600000,1183.197351601158,1075.7582676411378,413.9554286376151,216.9710489480041,379.10121411086106
1387618200000,1464.592219430088,1118.0957235366945,484.3036683537534,190.7907990529903,360.82009209334007
1387618800000,1627.2996510372031,1275.78283072255,528.7534777974038,243.40971677336702,396.955380731686
1387619400000,1823.7963255160344,1225.114013786912,653.6567015600632,190.12512195978812,411.3478085280069
1387620000000,1806.9460479528143,1428.2644801986226,439.9082032884033,185.51223714991573,425.8852083402161
1387620600000,2013.106949287701,1449.5227988055815,483.70580595790653,198.76375696601085,486.8889290098213
1387621200000,2429.833733579505,1457.4512375312793,482.59621910821403,186.658307712529,403.4474246396096
1387621800000,2454.531025786859,1642.2818841160704,496.2711665015353,194.07503164715695,434.7079653585103
1387622400000,2610.0925066717796,1650.5839843215379,505.2123023028931,174.01619031864647,496.8053873407905
1387623000000,3039.9406525916265,1815.624090490248,596.3699121189326,215.90868139873757,469.9587699291262
1387623600000,3289.7625262860306,1969.3022113096695,616.4279149179355,226.22017516512906,493.6995621250813
1387624200000,3277.9907973740014,1965.298796993354,672.2705636481323,212.2599060054074,472.544000402716
1387624800000,3280.968589605382,2041.4290527566482,606.2477551946198,205.27014086254496,470.2606130966214
1387625400000,3712.0480794312016,2129.975100508553,611.7179741562346,202.56545353900336,462.4652269040503
1387626000000,3323.2079792119266,2113.1957461469774,520.1665904785704,177.00521848146764,495.4794778644975
1387626600000,3579.2656451159773,2121.8820890397496,497.5312488291261,179.55933702775795,481.007596781645
1387627200000,3672.262724219391,2164.9204373728085,499.4650466377173,183.2311346203193,494.5915114901874
1387627800000,3719.9592210341175,2325.1904733925903,581.1545566882065,176.4473808079792,460.1914736006278
1387628400000,3381.2672527106074,2355.1354274656605,552.1505820123087,181.52118215802437,492.84546056133837
1387629000000,3742.539503306832,2386.1697196856194,646.7218908737547,180.92865721819723,517.2655102206007
1387629600000,3613.5343041575966,2157.8718248859927,643.536699450738,188.7539917866208,510.8917775783185
1387630200000,3626.544659109674,2452.4161408036844,555.0462190267743,149.59572158608208,491.30808493264533
1387630800000,3952.7931212495523,2294.898123222815,589.1825926502293,176.43615885175072,554.4702151224573
1387631400000,4221.103758177353,2495.4826855496854,602.5065195881185,198.15216048477484,513.0871299595535
1387632000000,4256.291757440721,2569.2936987966546,520.0025703398603,206.7246495812697,541.5459581681173
1387632600000,4343.981501853526,2397.1415955866864,454.6468997761241,233.1455004138327,538.386002939331
1387633200000,4247.047316841919,2213.5136184101907,489.8504686985074,259.76550728836844,573.8494864311651
1387633800000,4482.816748523909,2490.422422450513,527.1475237923901,202.9834189607285,562.0523415073942
1387634400000,4332.154939138822,2579.4655542298997,500.5272511312119,208.60225968082523,518.0585778894722
1387635000000,4579.678363882214,2429.455031502988,549.468044484584,191.18357933903596,543.8411720575725
1387635600000,4600.044053857119,2475.5438197314447,474.72380175545965,189.78036289768107,494.0326841611481
1387636200000,4888.674485362086,2627.731778682969,481.09318129583704,205.43433833342976,521.6647467849598
1387636800000,4814.121333423062,2615.4875564668414,564.0080725936258,201.48084759320224,530.516336503923
1387637400000,5115.530077872615,2511.203744927034,470.29814326876215,172.71072338630685,481.21141660192825
1387638000000,4931.131627617077,2755.5807282222086,507.5579026870922,178.9453075990965,566.4385018636012
1387638600000,5197.421780300487,2681.3352734910054,481.7478810599322,180.738668314977,518.3869712392938
1387639200000,5152.100810177668,2624.820788477209,476.94449241481783,187.56291984904558,566.5867816415413
1387639800000,5161.937927241289,2838.973721828397,472.4902077471912,176.5962809524185,538.071999399061
1387640400000,5238.319086874514,2782.5342073262636,574.7180812616467,165.0728146109179,552.9095982330782
1387641000000,5195.2694844972175,2546.9558334697927,477.47221153754657,169.1847976974425,486.68672621459046
1387641600000,5096.81063192002,2749.619216672935,509.32198016117985,167.91912273011204,472.9230783150081
1387642200000,4723.405888823008,2715.9995497311984,582.4520468808425,176.32154523884947,482.5611157739086
1387642800000,4707.659783618527,2544.2126492898833,560.9600194629928,158.4094288608118,454.69644073024466
1387643400000,4619.044402270679,2755.392289210746,488.4851866992933,175.97953731168175,450.74059777417
1387644000000,4474.986686322363,2733.138698649621,541.7732908366243,152.85696586262617,446.43917431610953
1387644600000,4293.82570614815,2625.9549807783014,444.57495304364204,179.72630372179063,467.4339403083761
1387645200000,4229.714958241941,2288.7521057610256,530.2712473135754,167.4290779599017,480.01878584200256
1387645800000,3847.8634339486293,2231.908150630958,533.8648930680561,159.60510707189462,474.60206720139473
1387646400000,3759.31599737606,2133.056070017111,513.3554782727032,153.86522803948694,485.17111900029806
1387647000000,3328.4039210997857,2152.1133578187473,471.7497672720474,187.02912123335986,493.8830203149881
1387647600000,3298.8413227687415,1993.870969255997,558.7283437514983,149.56785132593913,531.396837580857
1387648200000,3376.9341060250244,1951.8522228049546,478.3382938394373,150.7366152141277,511.0781306982926
1387648800000,3115.285019527269,1813.9456247719977,481.8416861165672,170.44524522580377,511.2908128646374
1387649400000,2839.473807662675,1655.682457770184,559.3178443509256,164.49699468791286,495.1813239994843
1387650000000,2628.260390958283,1597.5038821789985,554.1040299108319,163.0617357625754,516.0240699151863
1387650600000,2649.719648210177,1325.4285722460813,547.5673449789922,164.9501228055884,518.5408056012434
1387651200000,2409.6824141597067,1457.4199301408544,554.0688966064087,156.92893986982574,531.5969952192927
1387651800000,2318.032308555899,1450.1373393755625,477.0685541007662,164.3372298562776,532.288165958488
1387652400000,2096.1625344200265,1219.9036467766934,460.9779868569915,177.2774485685737,554.8619823718476
1387653000000,1898.7650910446844,1292.1917028012958,512.955477462117,172.05244651463133,625.3883728416296
1387653600000,1636.9044185192909,1162.7395183121155,443.4748241883863,162.90594835051374,662.8248480399078
1387654200000,1420.6627173063277,1148.6571509839123,471.70853621991034,156.93756086098043,598.9941880143779
1387654800000,1195.5849223490814,1033.7630369467993,444.98468060330754,175.70867079573802,694.7001712814679
1387655400000,1291.733854235984,946.2925631434156,426.44876695848075,167.4575497222076,728.11834986408
1387656000000,1121.3543032920004,943.5212992022794,461.81091854540495,164.30371954963567,695.8248804903199
1387656600000,1123.299937440474,952.7126237258566,464.0794782758866,163.96215728902044,682.7148589522226
1387657200000,1009.4167066744261,890.1042880755691,454.74392250860035,188.67261180410347,748.7257738695484
1387657800000,1009.5737335816184,913.2415029214424,432.8028428418078,143.4961658417563,734.8800596208044
1387658400000,845.9598634600505,859.0974896130027,455.8319973461296,156.20803617182236,731.08592058029
1387659000000,824.4452441923612,780.5531538602319,469.5780585292882,181.33428275696355,719.7430929932522
1387659600000,1049.9864373531293,788.2426380564109,430.8071559309027,149.80502993979547,702.1667327473483
1387660200000,899.4313977898921,706.0111943347817,462.6189748030379,146.9102985290438,807.4338634128835
1387660800000,778.8371637441144,683.720385125667,474.33507177280916,158.9348586402418,782.1518458812792
1387661400000,784.3658035382902,653.2257902519701,472.1513960141032,146.8003194321221,764.5815409034857
1387662000000,847.2651406560348,590.1951788206927,466.91733822754884,207.00111951564566,783.2017361476319
1387662600000,807.6160762664845,508.7833081277942,535.2953671106408,194.73098811246402,751.5108455773405
1387663200000,717.5034726855594,559.7362623338192,518.0398517561152,219.75254592588246,771.3253493379464
1387663800000,554.8813937001861,489.1153815959461,441.8685297336875,212.66878406582848,754.5163280715218
1387664400000,431.04717023434733,517.4391731768401,385.2777834088073,192.5583193610749,754.7123747659456
1387665000000,450.6121769880062,570.5881804581738,364.3630301112764,154.48995843857367,706.0974399550777
1387665600000,378.2580786536508,525.5759387678265,409.03077526061844,145.22711549359067,718.1307857684861
1387666200000,413.0445940637046,463.43187689758764,324.7920558967463,156.5848062287659,770.8405074038411
1387666800000,416.8296093782527,485.2741227358194,464.26360688625664,165.41101754044624,812.9027633376401
1387667400000,471.00954055518264,469.7986701249669,556.5269665377868,152.62910817921508,728.8524352851281
1387668000000,364.3126021276758,406.76753523347077,559.4771915709165,164.75124878935682,728.2083703738416
1387668600000,317.07717304562635,498.5281362522783,679.3174382911284,154.3523619209042,754.7970010961718
1387669200000,296.89960472115786,419.4829737261513,820.9844151933889,161.13477922997714,708.3454840400159
1387669800000,202.7472035232973,313.36543535485157,884.4168706116494,171.04141507834152,783.1176582525222
1387670400000,218.88101507982455,311.2208008242395,1037.0501562580673,161.6614089292877,631.4400643357563
1387671000000,220.17167093383344,285.2769293759354,994.9923338799573,154.534816529022,627.8933686368538
1387671600000,203.02659052435948,287.1130974363921,1163.5909863328466,167.98800176045827,613.9892238204144
1387672200000,209.57048833729024,288.1645881347529,957.0944783371459,182.88509819841246,561.1436396122344
1387672800000,187.7339602812038,265.65384787143427,955.5931209884859,150.25658288529814,526.5412385229699
1387673400000,179.95673049985345,327.46785882066564,995.6390309895252,157.15145288947667,466.2108403519359
1387674000000,176.4017854183797,274.2746457073946,985.5195969843061,148.3983192414271,441.10788078285793
1387674600000,158.6114392386203,263.7229004501788,1118.016635630785,130.67526017966097,428.1591188029863
1387675200000,179.7534012548501,257.93139545250136,1052.2269054649703,149.16549350428767,384.7564302996183
1387675800000,155.42877259099077,210.99528951371906,1061.6436483755772,145.57995483712912,331.9711516760003
1387676400000,161.6168273398002,235.3851861644892,835.6273545052373,132.01508517325667,361.68466978307043
1387677000000,163.4289298904495,244.28406511376465,1041.6498345756515,139.0951445961523,335.9767232580678
1387677600000,154.28815858915044,207.78161969311412,999.2084432207956,131.95244021258705,308.4656185733745
1387678200000,142.01356809290058,191.04721561606692,820.4096753327752,122.29981940202707,340.1883570776613
1387678800000,155.68127779351605,239.08790421682912,755.2862946812464,129.4190808524349,271.5846119459411
1387679400000,147.1571722435796,235.65778299775752,766.4912291902295,117.50992708281835,224.85352406591784
1387680000000,156.03911416114346,192.7590164378298,650.0858972147582,122.54684052879257,228.119997587832
1387680600000,151.3917168856451,211.66522254048812,542.8725729823642,116.48724574329933,222.2614893835268
1387681200000,144.24456309247435,198.14498083578226,566.5800055428884,108.66286015418619,235.3692685043816
1387681800000,145.34609152618867,188.68126472202889,569.7812050629507,107.04400883907522,221.2884284461481
1387682400000,149.29714434083576,197.03189458565475,532.1656029289618,125.3353659030056,215.1214701259942
1387683000000,156.20475504467814,207.60875226614704,370.3822106596509,120.24188279166648,218.92555099754853
1387683600000,148.22444127633,194.52624481075372,393.5229093120897,110.82408966968902,183.11799462044928
1387684200000,137.2813747147883,199.42442852212247,431.681916811538,111.04855777525687,175.36095158271837
1387684800000,175.68719091322677,191.96487118811712,362.1343392249836,105.34055378741738,181.11101664047533
1387685400000,188.8816134241458,184.78975548405063,220.06571674622893,105.36647676099292,171.16031195850883
1387686000000,153.52302096724787,202.4455631068451,183.95947373068947,101.66247649910076,151.55575699835865
1387686600000,166.2394470179146,188.96750227212567,186.99693125326772,96.3696249676659,165.88622208396515
1387687200000,139.73801486826935,196.66335017015635,184.61204489387094,95.22995264384512,144.04295894851944
1387687800000,167.0637719974169,218.43880114155652,196.3765566258161,99.73727920448012,158.1361165388753
1387688400000,157.21971454113216,204.2862255757433,167.44131018243277,101.26749712650827,165.77456760323128
1387689000000,191.821710833738,204.22127119083729,171.16750468724342,100.0255378642379,147.90744507762852
1387689600000,174.44112259031152,212.75473150049305,191.29348789660648,100.17872269266287,204.57728750775684
1387690200000,181.11990544922463,201.71213416432454,161.44585840428567,105.79800729113404,184.18427326172124
1387690800000,198.58918026155553,182.2608393858939,170.60726868700246,98.08233714159942,159.77870010442302
1387691400000,175.9436205489722,215.85309176023844,174.6964120438389,102.49061365542003,167.1001931265491
1387692000000,185.95341991045296,209.48022861129783,181.15366366654473,106.0429051526364,197.44469669162706
1387692600000,169.45209018535897,202.72679324680985,198.82334880430628,103.27335504254043,190.38380017633838
1387693200000,143.3639778399359,241.69568393787728,179.3857557595679,103.6840128220495,189.8017846682938
1387693800000,193.8992605487866,212.70930709149425,180.79421022774417,111.96741974063532,198.611635618249
1387694400000,184.4760690249251,195.1311476488756,190.4183923606721,109.82198052697032,183.29249403642828
1387695000000,240.3191368601998,250.3366115453922,172.81428345026018,103.96183970236933,217.39138670304112
1387695600000,326.52258469975754,234.88384368845,196.85368227960794,123.02160430979795,205.58785596687244
1387696200000,215.6933941485963,237.84228777449152,315.68026235067094,104.10746880106262,200.26627988357845
1387696800000,260.60250964516644,284.89967062812855,185.0999710611621,106.030628129639,220.84233832794777
1387697400000,264.78929717822166,271.1842710479676,205.30138941465773,113.28871317040498,238.86526666034825
1387698000000,250.56294913562954,261.9084632819213,277.9974861256037,116.19641819988145,236.31547143106587
1387698600000,314.7869743669099,294.08462966525536,269.70777420281104,120.93363306751915,214.67894576177488
1387699200000,313.99712481951934,349.03415157397745,229.31061927433518,115.5971226969751,227.0123378424741
1387699800000,307.7366523605728,349.0551269253957,251.14210031853492,106.62701980908238,249.03667048627892
1387700400000,368.3241752335688,378.07850754199796,241.25100792823832,131.60363492034236,241.08608000359231
1387701000000,479.6991421624146,424.978015977355,260.74567155355874,123.77466522452991,264.4559445487144
1387701600000,485.3155053730385,469.05362333895664,289.5527028300238,123.53912247805754,243.80059322228794
1387702200000,637.4825389493722,553.5082173000166,317.61769735996444,126.77734538686236,251.0573164557483
1387702800000,769.5695640594581,689.4640303827067,268.8562646092891,159.44816841032323,265.1206756736188
1387703400000,1042.9388336685054,631.2228099903323,294.92976385501964,137.70558042117062,242.55681082663796
1387704000000,1120.0113479631561,707.7872588440463,320.86196267296395,131.36279567383642,278.0729296954093
1387704600000,1506.1578736039087,766.1703882051784,332.91960140738547,140.75619769787664,290.3407434749741
1387705200000,1612.7490363956854,803.8872406256111,343.0650816646425,133.77451827308505,271.03954254405124
1387705800000,1948.4682011097045,971.2717553509528,319.6542865719335,141.14359970631986,295.2386220869547
1387706400000,1964.9064539732367,1046.3397378106597,393.0424177668311,153.49124277612333,317.06074220018996
1387707000000,2264.958762877191,1230.150878338549,390.876406972126,135.6916446898938,306.29999085267815
1387707600000,2556.042499417858,1127.9285123618542,340.5895541516749,133.52319049385696,298.1889959156617
1387708200000,2781.13015790421,1449.8252432075024,336.1698724013714,150.86903124283523,340.909132174136
1387708800000,2721.0408313901676,1383.4528775203491,408.2396749619401,116.06621524650672,341.30849800474243
1387709400000,2945.8359127470176,1643.2719876138165,390.3638891742105,133.42206522130417,308.9353813291297
1387710000000,3088.5342199496,1733.9001619720025,392.3363145200971,140.82285396198853,345.65427004931445
1387710600000,3307.9295624414344,1675.9011975227777,410.135636258538,138.10989844626383,325.4699647142817
1387711200000,3401.1373432467863,1833.24241029612,415.60222494395947,119.35770864879696,364.09170180297554
1387711800000,3480.995844962526,1764.0161212243117,443.78903861356304,135.49794415418307,423.72447944569325
1387712400000,3382.059676105009,2001.0840532715695,465.2193084819477,135.4976739849677,378.7757741034111
1387713000000,3540.3796854421607,1983.3840196166275,453.2819931852321,152.04085624588697,376.7744471353131
1387713600000,3520.159010464802,2070.5904973112674,546.5486725742112,148.7933582181992,393.34866989140903
1387714200000,3635.412505113142,2207.352165165202,502.91729839246074,188.99247040593718,392.21713375783634
1387714800000,3604.935454893525,2090.5423349643115,499.91902198264876,213.7803327907946,396.0073493794475
1387715400000,3322.620007354985,1998.6562319946638,481.3729202478705,182.86239185247396,418.10074263108214
1387716000000,3709.612318725739,2118.2162342092574,523.123170935564,161.0322599770419,430.2499275811834
1387716600000,3698.95286248572,2046.2310710816632,493.44874366732313,154.21241112994338,448.66132397667275
1387717200000,3807.0194962603696,2005.1089368734379,613.056772591515,154.0707302547224,436.88543588827434
1387717800000,3881.281894465513,2134.5991878778555,622.0890603304967,140.06177816695515,456.639006586475
1387718400000,4090.781208188177,2146.1337261803255,585.4621186901667,140.9189194758516,490.6421280584574
1387719000000,4110.35040282007,2083.6036078267766,575.9383938328281,131.71125383071308,496.7180742359872
1387719600000,4074.6942031786452,2265.5212806246955,565.0086184279836,138.7861059240593,470.67657429804876
1387720200000,3939.6631599524853,2261.1040945337854,508.6246711669086,149.3072662474444,502.33230059642733
1387720800000,4441.477820527754,2310.0314756094363,573.5636166169729,141.23287970172603,503.95194957006856
1387721400000,4475.814961576271,2401.240861408792,540.9849537527407,129.83611130626983,471.8835807273571
1387722000000,4638.5597049393,2304.6191588951156,499.3559717014646,154.6227472916115,462.49495156458903
1387722600000,4911.6540775767235,2281.7643829912877,538.5697500024035,146.01459109157258,448.4366418419124
1387723200000,4693.617679539194,2348.8731711906944,542.696941996011,137.37174268641786,413.3935577945634
1387723800000,4772.321099778948,2395.8259758236363,526.4453450811504,149.58947456807388,395.7087544021113
1387724400000,4917.944017950382,2172.337186419254,529.1865180361443,169.82926646355037,447.95505250279655
1387725000000,5202.036631359948,2329.111973580378,572.53141037445,138.8369664458501,490.19498233078656
1387725600000,5496.44038545786,2651.850915576625,532.5490703277975,144.2612841626372,403.63058914120234
1387726200000,5148.811589829591,2556.071906126393,580.4257017797742,131.6448983978656,434.97826957996654
1387726800000,5170.472629814422,2471.200908660607,647.1941378344807,135.68511137555635,433.3194082074199
1387727400000,5197.568751682298,2486.201177341939,558.8858470807648,151.78917116602264,404.9565484539342
1387728000000,5111.876428163607,2402.3154583594815,547.6402907481691,152.49605021312368,365.88504168001197
1387728600000,5203.031691935349,2440.921708126093,564.817240187525,140.72814615120623,388.7026522336016
1387729200000,4704.434690350708,2260.9681785879857,590.0938685002067,146.03306710677717,330.00327877202284
1387729800000,4574.606537064017,2325.2428465410244,563.390064152907,154.57940156078627,433.34979836136364
1387730400000,4689.867550626104,2008.1632768090187,624.6272690317458,129.27795262364597,366.41322202288194
1387731000000,4508.65791216911,2312.8545590505137,532.3870428965542,160.7919244541867,386.3582310326355
1387731600000,4076.436612416734,1884.452834826,516.3780603548381,157.23021204946735,430.78790233108447
1387732200000,3945.866261436027,2071.251236968874,556.7154424623784,146.34408895749934,386.834797997192
1387732800000,3792.1097610201673,1986.6574873268737,513.0400197957177,139.71912652026035,377.1426045641681
1387733400000,3426.2137000001617,1833.1049849331396,496.24182215244286,139.3968685166177,409.9701989809882
1387734000000,3258.9499234076898,1691.132155682485,521.3202442338579,140.68226014745755,416.04994386933174
1387734600000,3132.630531760205,1681.0177891329374,449.22075542966076,135.5088498796806,366.8490430108815
1387735200000,2755.733242790056,1457.5157131782094,456.6103909229529,147.31261579249164,367.74383630991224
1387735800000,2439.465725656723,1255.7268027408024,406.39129585892664,173.2090851820579,437.83571939309434
1387736400000,2133.37202831053,1255.9373055745236,376.7384622252708,162.85711315651503,401.33369425008664
1387737000000,1886.3403506154268,1104.2017311183547,331.3847918854456,163.11284364831081,386.5826964361552
1387737600000,1736.2621937173117,929.8861179876607,360.70958539927113,144.97898911607876,421.58895792585037
1387738200000,1414.5423195553344,896.4365406331452,288.1463321294388,161.82982973659327,440.98642100005037
1387738800000,1426.41164303257,807.0841135528797,307.36151857552045,182.44048350335348,475.643646801814
1387739400000,1313.5432271547998,1002.887214703369,340.16920562500866,159.57093192950344,512.359374024252
1387740000000,1210.7014954379895,794.0688955845469,283.19955457706635,140.98988547673005,421.94525191537144
1387740600000,1004.964262562729,773.2915473142456,283.0353855116062,145.17489800270343,491.2141324282302
1387741200000,878.2758662668552,666.1854757902189,243.07598688367256,147.47967001539567,446.70534163266393
1387741800000,916.8409539747545,663.6101968280295,211.08591145628418,167.2919251663614,440.40123101379356
1387742400000,756.3445135291237,622.5816799868818,229.33756820292317,190.3361663347463,440.1739617774491
1387743000000,573.8010003448504,596.7989406741705,252.6313130614489,149.99018971224862,453.74318000766027
1387743600000,561.5312070123823,650.9452692968117,232.55634678925213,141.40139074428495,423.34366420497435
1387744200000,604.3314224731175,500.1367460087596,243.388519070819,127.77751854134615,448.8553396544708
1387744800000,415.2735720260944,519.0877109988569,239.44941432823205,127.63937100002103,453.43980210280967
1387745400000,512.7651764803223,522.9897592793978,226.13971380610454,137.36820736329503,523.771235098485
1387746000000,696.9035033897693,535.3906570664624,218.93284740796378,134.58417394852242,529.1693338418585
1387746600000,547.4472136521374,484.1563505064594,234.47742939064133,116.29446177201461,480.949644182246
1387747200000,431.02181698094927,455.8810415951838,231.8749365765658,126.26027810571048,512.8105504936196
1387747800000,381.1056221544883,444.8541354743016,213.8835519887023,136.0529210105018,538.3321807546216
1387748400000,402.65028182502596,423.22686580721177,209.93727813102177,136.7687993256396,548.037942504148
1387749000000,363.7020645735495,406.41707764769137,209.09282901295398,130.01638096327068,482.88812621509896
1387749600000,364.7059557561185,471.2686510180205,213.30539053501704,124.96101939634798,442.5539494210242
1387750200000,293.62672401395383,413.95030360247836,238.217008095928,139.7283613150972,465.7946689095954
1387750800000,271.7980308667129,342.5726055687035,188.37275244200558,128.91571983451237,479.46881112368607
1387751400000,254.00237531429568,381.97703566658197,219.6161159936435,138.74734337036224,481.34854178001007
1387752000000,280.6933213264304,298.52628657610165,247.0048451348688,123.02544630424542,421.57607573301937
1387752600000,230.58523003984712,353.72610240581855,202.4136809705029,122.25279193249663,407.660027376146
1387753200000,387.96762721528347,346.68526613819233,254.6738705898139,120.05468916438933,382.8414572547194
1387753800000,304.6859853361922,342.6720626069663,260.0009811360001,116.97803384360697,349.2118732510734
1387754400000,224.13417284857647,316.53268832700866,190.74252812467822,115.00969127310961,328.0892345429669
1387755000000,207.78977617132688,324.01606687610575,237.6263304132484,105.11590093466178,342.70647891747643
1387755600000,174.1985509832497,267.5117585827399,207.77689822013895,108.4391397523211,353.3006611341013
1387756200000,156.38589056340936,322.28561702459325,191.04551828115714,112.51676291624494,341.2421577823365
1387756800000,171.40195908790918,269.7258398265492,210.3470880430543,104.35855141137812,339.35020602175643
1387757400000,182.20655115171206,258.04205943653915,210.75728853053752,107.85571149870681,308.11755180238606
1387758000000,152.66037376185608,305.50579707821765,179.14813611775142,104.71618276129736,299.28553791713483
1387758600000,154.74794808159564,249.87851145336708,180.50513653932572,99.06481348883791,306.9587999931967
1387759200000,180.65021708379552,207.37696864085376,178.18670783748973,96.99963709349016,290.36621417220687
1387759800000,137.16320153964384,204.598951061188,154.55985466864996,97.55310009068027,278.01329609434976
1387760400000,144.59658642565037,214.52870107017335,164.9180591664603,92.266935513327,268.67086341444025
1387761000000,162.69022510683112,226.06013755356133,188.7154984508693,88.05470771491017,267.9340944639418
1387761600000,129.45929812967714,212.23421177687226,147.6731049055321,91.92967800944052,222.9623309813675
1387762200000,131.64513295210207,231.45798863868276,150.38391210291954,89.71940816329582,205.60469843458003
1387762800000,146.10698713000235,219.5272025977158,165.91568671466922,95.30051635099069,191.94010353063393
1387763400000,128.58497571338287,222.9688575040271,153.71329933912278,96.33476005879147,209.89494017214764
1387764000000,121.3954060663064,184.48740064055943,161.58921575487884,86.38721510889364,181.45724525045546
1387764600000,145.62874596483107,217.94691546080625,160.76908106005095,90.42991173969597,169.35706710629069
1387765200000,132.1842425681715,265.03614538614636,142.34452459805985,105.32617143024784,186.82799827949916
1387765800000,168.8194384395057,220.85979456799848,138.41075269505782,108.87528181562398,171.42552982879783
1387766400000,142.0985734077703,218.34819874327,155.5531217296057,85.42615084673511,160.3666375967382
1387767000000,115.98050437813902,225.3066891626131,144.88612726557858,94.93706131437497,178.88932107270054
1387767600000,118.8300354040108,186.44620907870285,134.7772394553083,83.97892527873104,156.06814476512994
1387768200000,151.54852348440625,178.85045802155696,154.8162344332335,84.22793307029734,146.36981261659486
1387768800000,145.0259528657305,203.04326800036708,158.76614242778533,89.90109239611874,168.67749207916137
1387769400000,125.90408587057817,192.12713262323803,155.2260135717368,92.98565359287262,123.96965998611095
1387770000000,131.971037733655,191.980412864047,137.643911188181,87.48275588768178,155.7345046596667
1387770600000,126.83343462785498,224.29637320695895,136.4491437355813,91.9154753228386,180.71891884679735
1387771200000,125.80942662097408,225.93578718623553,145.50544935789347,94.53869821751036,142.58325917683106
1387771800000,165.0113737963381,235.12790071491017,143.33992369185646,78.05505929498771,133.6891991334645
1387772400000,112.95882932235538,271.04284383378894,150.14906459252316,90.80193899238225,156.16543331181998
1387773000000,139.97196266019512,238.4669218988261,148.1508459019788,89.33569870982072,143.38848721847714
1387773600000,156.30773629845925,244.78794761477155,168.43161774143235,92.1250436812424,131.45871493157503
1387774200000,157.82397036102503,239.49758103134957,165.55131364110682,86.02768799594602,160.31759393482827
1387774800000,132.2682763889766,236.4662521576771,163.49387213054595,86.2194796916709,138.55113741243707
1387775400000,142.93728985655142,234.20400264906783,180.17785272750933,80.4473825375188,139.9540475169906
1387776000000,126.2948982200805,276.64238162407474,189.93955482812677,102.0488827900792,161.50365460237384
1387776600000,121.93140414253936,246.26517764088896,168.03687248836366,111.70851819277112,146.63086321622066
1387777200000,160.9819563809313,280.3486619602901,170.13695391883914,99.16241732725,145.68875384825276
1387777800000,157.02063064939622,294.65515912082026,197.47260777951828,101.37336975785968,166.29902178764584
1387778400000,144.87555845108423,234.82504698088584,218.46561056023904,107.33543921201635,166.0468833706356
1387779000000,176.71409121592887,266.70330008698124,265.86792804599446,107.7411189234344,191.75991624680557
1387779600000,209.2347755127317,311.15369735748016,243.2782989015511,118.2996087433807,219.00276186683743
1387780200000,214.9052894666755,289.64778855436737,296.599130950102,117.73029417560379,196.61820207926957
1387780800000,211.7369042569049,390.37104903990695,300.8927197443973,133.0872316608708,212.03338258298868
1387781400000,253.669019713709,463.7888197201843,431.49065743867095,129.63284953940135,234.43333795302485
1387782000000,308.7769800153621,515.6009177363857,464.49540221820274,153.40164591878403,251.63451658502024
1387782600000,367.24093286071576,492.71792146683026,573.9876743035117,157.8007646295715,250.1574465408891
1387783200000,373.24961327268284,638.6925118629445,719.0477334202567,169.09896083813035,283.1021491898712
1387783800000,411.7278002386561,674.598968191693,861.6313656163176,196.52800666027696,315.7110527635484
1387784400000,466.1620703945223,746.5953763137153,938.2826785287799,188.7230124821219,254.3000967097262
1387785000000,521.6106145507272,865.8638188647863,1133.0562857676484,206.37869802368067,292.41895076795834
1387785600000,571.0552111400536,910.2120499470384,1204.7081512868288,230.18095413592405,315.1627221909189
1387786200000,663.8134446106011,994.1425221197923,1375.8795552489094,198.36525986245007,299.95494024192953
1387786800000,692.7936377607011,1033.790001130439,1456.808791889714,234.3306334843909,311.73795334807784
1387787400000,820.3520243350758,1164.4009935770482,1508.1700202654736,210.96372727132817,344.36782980415234
1387788000000,895.6212570584041,1156.352453414078,1646.145688346384,240.96834560026127,323.41786649118575
1387788600000,924.0989513251739,1292.6566803863604,1503.64312988397,258.33306569588325,339.9223068193956
1387789200000,1099.8230730660512,1292.2900335903769,1550.325181359831,225.07580377027492,354.4984507975526
1387789800000,1265.6768240505555,1434.5773346622257,1714.3389958771356,235.45497498299167,310.119603835667
1387790400000,1368.7412929207037,1512.1059350781918,1744.3251631600358,245.75533213028083,349.0249186144172
1387791000000,1646.1821071383167,1682.9279089541724,1787.469697318597,247.7369705807572,394.0892516927753
1387791600000,2077.1696744756746,1903.01586471128,1877.3902465219887,239.31042671375127,364.30827053213494
1387792200000,2258.721155782304,1996.825830511025,1981.175676711027,244.20678287518848,334.46529629501913
1387792800000,2432.327958369367,1812.3797089719003,1976.2267418281288,273.2537031220782,369.0642150775884
1387793400000,2650.9576727315603,2118.1240142742986,1852.2062915893034,235.6787876803687,392.26057299918256
1387794000000,2716.2897433532844,2177.117500415331,1998.9263143091125,266.2339965636165,402.7245035537585
1387794600000,3044.1638331086638,2058.1508935577885,1855.0698875752735,237.91843596394088,385.0090965213638
1387795200000,3261.486891669732,2275.257034019236,1896.4675351818737,220.02079329652375,410.5508044597668
1387795800000,3462.713267571948,2356.996565006918,2033.2471641902907,242.5131129806377,379.23769118094856
1387796400000,3666.051503174049,2454.490809192223,1924.939475622825,240.1924248697122,399.2514898261373
1387797000000,3914.947338005757,2538.321722666178,1956.0034506550026,237.2048309967298,441.6306539656119
1387797600000,3766.898948530299,2786.4746952024593,1917.6527834145506,227.85343354662896,429.9901634623226
1387798200000,4210.62477563996,2725.0780834191924,1873.9197922865508,244.0706286141546,431.2930245336623
1387798800000,4147.826271355028,2643.134772813694,1968.6058981211524,269.8580501145413,430.7495093398054
1387799400000,4162.561189410682,2906.3635512467426,2223.9712226821307,268.08281252803334,452.1370212337443
1387800000000,4128.73124750124,2684.4997000952017,2026.7899264535038,251.98959033292877,498.2607323167068
1387800600000,4495.74466494757,2892.273137174466,2070.2711734874506,223.83127697190048,455.3852086478381
1387801200000,4276.803086721156,2923.306328232262,2023.1483487643081,243.3672137216015,529.0817400293217
1387801800000,4533.90434963622,2613.577291535989,2140.748509233767,229.99093876905184,466.8085321502975
1387802400000,4463.202637701485,2818.164979490903,2071.568077556558,221.84453653016388,474.60916509851006
1387803000000,4623.1445791927,2880.06410033086,2083.4889340087866,232.7269016534224,516.4109578093111
1387803600000,4400.665040689111,2638.139733508538,2003.0698840480736,228.17467767199497,450.7894073196588
1387804200000,4527.6379873530495,2798.413382589898,2111.325503092329,240.32260603493145,492.2409645541756
1387804800000,4127.634401771889,3081.781582223148,2058.452022912448,254.60252482976315,544.3853993361467
1387805400000,4316.21285502724,2959.6478831949044,2145.7017672480915,231.66358892949697,502.7580453099585
1387806000000,3928.225200388461,2735.088661443541,2240.889652213791,256.8417256970606,496.77645705266656
1387806600000,4102.658293931696,3020.2691030360575,2069.0830079893262,247.22357812269422,512.0038245707068
1387807200000,4205.925622735387,2797.6221130432796,1914.298122086051,218.898052169958,423.80001255844815
1387807800000,3968.355456131102,3024.790662554618,1887.5637198195575,247.39267673232283,452.5570922194801
1387808400000,4051.7183837067105,2726.7426666405586,1896.553681791867,236.85801312458557,444.49922152262445
1387809000000,4362.941623273165,2783.6651345480636,1876.6853902936994,235.89770446996553,511.92172461069833
1387809600000,4248.634393381697,2889.9889983022667,1869.0689975180833,238.4813588593783,413.03206688595475
1387810200000,4230.364229006305,2770.745116802499,1984.5300143238628,229.66848990267536,438.10049615117543
1387810800000,4216.828582466943,2889.8430611330555,1905.12509933277,220.8969556181429,404.7905168632365
1387811400000,4286.039119904494,3042.6707129384904,1971.1769694642296,228.77513264006222,426.69649165008764
1387812000000,4414.34171385913,2886.8909052780778,1796.7654836307145,227.86663856236885,397.9888327865654
1387812600000,4398.838265463437,2925.124342598037,1778.7798881054373,223.79727685431422,416.6499550420093
1387813200000,4582.365541351971,2787.089125719212,1844.075622298751,232.26688435182268,426.0561885936415
1387813800000,4244.682493952791,2707.843885305332,1722.4532420662074,220.33893749892025,351.736661611135
1387814400000,4124.8640412655905,2849.038729491508,1750.261458213946,220.59625745435093,435.27330853866044
1387815000000,3930.9279684885887,2782.188903773274,1699.0583725477504,239.8126698868373,401.0088926152922
1387815600000,3994.6523664393667,2830.6990658696805,1624.9439851127727,225.0949021818066,433.1991611934305
1387816200000,3798.7204156419793,2633.682984063682,1558.1582299626205,199.00702419453032,404.04011677921596
1387816800000,3861.3355134722824,2672.4941901277716,1537.2252509659145,207.1000068406949,394.1113040601509
1387817400000,3540.270338929787,2612.0133649969694,1501.591917333515,211.44883109653125,358.83005300894
1387818000000,3320.3906685315023,2435.3961439986533,1323.2273333265985,206.2846098808471,405.1770600729048
1387818600000,3351.363101483864,2145.5573409902304,1193.9718299593735,197.61852034618482,413.6160343680545
1387819200000,3193.0883773928626,2144.769149132252,1119.0044158515652,169.82403402032892,428.87569950816345
1387819800000,3101.5002790291664,1959.184783009352,1064.010069188069,173.72464262218287,455.50690138747836
1387820400000,3071.4733118589597,1932.7623217576484,980.5610690771205,168.23773537202834,359.1603213757433
1387821000000,2614.388249853575,1792.8063735161495,886.63194422733,155.14756095462442,382.6353440211661
1387821600000,2346.2559052631127,1609.2193515020406,841.5646035982154,150.35309063967878,406.5104077259394
1387822200000,2013.798882230708,1397.0144847507374,828.2166867855874,171.59750821030607,355.8855870244496
1387822800000,2200.6526141207055,1332.6359721538104,747.6025639071974,152.90553157743966,351.7661521552524
1387823400000,1790.6019348814782,1107.8901205947993,634.2148958036397,181.45258707781522,369.71171245901616
1387824000000,1580.1117024017249,1191.3857488638162,701.9153756828824,156.84941783929727,437.17374550970237
1387824600000,1568.4007641215596,1078.2333407541748,552.0797778316506,163.9800192757894,355.11711872343795
1387825200000,1323.6715108098163,917.4783630157942,545.5578783745887,174.58068721529247,416.3575356361577
1387825800000,1360.5379648799899,886.0119921087377,593.1077788235447,166.46474173675313,428.3381290144967
1387826400000,1215.46147120194,859.1677783460124,502.1668606681426,166.47507591404468,414.4410452391991
1387827000000,1029.1355581021478,944.8420668351758,505.0661062621924,159.42903533466855,471.43631353672345
1387827600000,974.7834912293217,724.3452818474665,425.26120772111,157.5459305807692,477.41348742635046
1387828200000,750.1098835081146,676.6585072328754,340.7714561234947,152.76379314348608,486.24827153357955
1387828800000,718.4207170524821,727.4222886752347,413.57992103847266,140.05550679927842,438.58648687737565
1387829400000,616.5671870694879,693.056806514682,417.81181258268856,146.3958245524393,416.08759881496235
1387830000000,507.1423587118106,709.520893481132,391.13390899789107,130.35273052327045,479.95021618293464
1387830600000,529.5683312324198,650.3321031356644,321.2671856536749,131.45050259891,511.94394711788726
1387831200000,504.90066018035975,623.0580392830343,393.2462904698541,139.30546953172404,455.18990648927496
1387831800000,502.3356321876546,631.0219386208298,297.62253030562147,138.5170103930131,515.1628108825504
1387832400000,504.3326527999866,566.3233920637313,314.96461685313324,126.0031229540078,477.2800146947771
1387833000000,463.7892237689029,551.3736839315559,294.29418963655235,145.51325843123115,488.9339520516061
1387833600000,463.1693685123613,591.148208056757,277.8035678733506,134.79289300459493,428.4511805439159
1387834200000,348.603417533053,531.7236241246602,276.5370459496562,122.23395139137428,495.5629878537718
1387834800000,262.7261856487341,439.034215409137,335.64010168656023,141.49035024429892,491.73070291886506
1387835400000,265.33225221283533,448.5936832997439,249.20460233796877,126.19138853147192,375.3213911679518
1387836000000,318.0463144947169,349.3355044978201,296.729342329968,137.89739351404685,372.5950242452609
1387836600000,245.35753016003224,319.78792250518086,312.9106751127755,128.96744350460494,418.88649126688244
1387837200000,216.56972439504787,346.5480805757914,257.6012237344257,128.35357470987893,425.48680818142594
1387837800000,214.6678972573853,301.870671687131,323.50112280335986,124.70550785493992,406.09578075617793
1387838400000,208.97893219358764,427.25608562854285,293.943415620344,134.0603136094804,456.5374369559597
1387839000000,249.96557916194772,338.703129816753,224.2156262841957,134.4432478203421,391.19561769464906
1387839600000,253.21288219554637,336.92486886189056,265.5651187623045,107.38809147558324,356.9279762969261
1387840200000,221.08675279637077,305.12667933913855,241.82580044756054,95.31219824496425,404.17489986706227
1387840800000,234.42375426912355,285.0726319022617,239.36191246509424,111.44199839204946,432.44932368458063
1387841400000,170.65127752718553,319.3305822860809,226.57717827817447,103.58458325808618,404.46538143891274
1387842000000,125.93652356085313,260.86248644001404,219.08514942361597,110.40117629672358,388.9514286472907
1387842600000,139.20641441966853,267.8522696282563,188.28489850381465,102.64028817331167,369.6798895600021
1387843200000,156.68677273770942,234.54354148252884,209.2572004518228,101.6211813644911,297.81890065280544
1387843800000,118.58635736493407,254.5070592259706,200.69851653338606,89.13042389264952,279.8182316835673
1387844400000,126.98709077508008,275.90155798648925,173.90258348966353,84.33010833814706,260.47724071268016
1387845000000,125.92777843233564,258.1648502585388,180.0952175710491,90.8947248121024,247.18402755235533
1387845600000,121.30370988628884,285.57793775274786,185.60678378697108,91.31425132207556,231.04839276111005
1387846200000,110.92189807107124,316.20723669524284,174.84754959572643,86.12923743858127,220.0259556864434
1387846800000,115.73669350126548,259.0262894036202,187.822187265056,82.36145068702851,187.95959838968
1387847400000,117.42596381715305,267.3825395823984,178.5978059798341,86.28038356140368,192.16208915536325
1387848000000,114.94544837890696,274.4359906741586,156.05469671805926,77.86894999442758,173.06534317236773
1387848600000,101.52845042366071,232.8391852220198,159.09800290186084,86.0861845737592,146.86074227006858
1387849200000,91.70530429612518,220.90792452367933,181.5316157234546,78.78447639062661,159.2918640096656
1387849800000,113.89667477853476,223.98377025193835,157.3340687355236,74.98122329161913,168.86883396284796
1387850400000,93.20104253854495,224.92697981061184,168.50168249415466,77.86798228012798,206.30933990282296
1387851000000,103.97267556809835,265.22597223606044,191.02764930745766,72.09225226319425,173.27336711928757
1387851600000,105.53889408573394,250.13219846378857,176.36032759442546,78.28241572408781,155.2528416086041
1387852200000,89.30762652327866,236.43369386414025,166.33408400616236,81.67250793290053,138.36544654062644
1387852800000,103.47175350735398,247.70003583501065,183.86281330173443,81.6228630830494,136.95759750879927
1387853400000,103.58886631384344,240.5314839884103,177.65143246131376,72.45879193915113,134.0393143063744
1387854000000,102.2554403488626,173.50329625907528,174.60525104420532,76.34923532959588,143.67612485640282
1387854600000,94.5249410932306,165.18674131496005,196.02179581547125,82.40071902720314,126.67578882692624
1387855200000,101.440767758587,180.3550074622089,168.7828687081381,75.27565737102665,114.45850245059933
1387855800000,91.04870936608197,178.55194441518705,154.11655320194043,79.01333251832885,117.05277955023296
1387856400000,107.95428672037389,161.14111406377816,166.83653486927062,67.84893768522562,117.42688167927804
1387857000000,105.87319967013048,201.2689488271176,160.8922121571219,76.44785589785297,120.98163121177342
1387857600000,105.84138993240104,199.26049475651936,154.9684929859442,76.20366979885388,114.54770030772312
1387858200000,109.27943021290868,182.20209269577543,177.6430463800476,72.4893572573819,118.3271189943982
1387858800000,126.06656426524812,222.0995924215252,157.23430671322785,69.87344042620386,116.09811853372148
1387859400000,162.88984772232666,211.113395151918,160.92951029249085,77.93372601906816,118.81676216710687
1387860000000,103.49643823973588,173.95363698336297,226.5129714408071,74.23350697496124,110.85494337261514
1387860600000,138.7317741551661,223.81361893921337,172.93575480014698,75.17671117042755,117.45643620000344
1387861200000,123.1282320620113,214.47539972142732,181.5768181652307,84.35373318863387,109.96028335742407
1387861800000,119.96683519808548,237.7448517375527,211.428407203129,66.94228736489987,122.88385534768103
1387862400000,105.5916463362959,248.79962684770513,201.2478382696132,72.81228001415354,132.311392325998
1387863000000,133.6852430905983,254.290318680294,182.7457405168947,83.37651534420519,137.3944340051692
1387863600000,136.05927829642295,234.1103115231193,247.13798067984357,75.86316944264249,126.97882204732015
1387864200000,155.52154710767437,265.31886857948314,195.0748579141292,82.1702819980912,132.19693076731286
1387864800000,168.7851271284015,277.23978108536744,185.09437834312243,86.92578812053421,169.31376114878415
1387865400000,144.6959562071657,316.4015094284596,230.26590120859643,81.14130372549927,154.91111081357457
1387866000000,141.6595417195739,332.09598997163226,274.5804934039675,90.44984266400463,159.39938807570977
1387866600000,153.1234071386149,334.0774407890715,238.43801127053445,99.6375905585783,175.2927861798848
1387867200000,155.4838723263221,329.1913339001102,320.0794530791119,100.31388251687434,165.76671103008616
1387867800000,155.26462400308702,432.2152465097626,350.19485118971187,103.7749293276033,177.687731538847
1387868400000,210.5714158950477,495.3623290630498,345.6105000051611,119.73058649645068,171.18401820691057
1387869000000,218.13677529333899,643.3787152551679,539.0080620120525,115.27382818580953,179.23313712562492
1387869600000,242.02930418423404,656.1922104084874,527.813475531438,130.23060315063393,208.54196893450026
1387870200000,324.2837368727309,654.8402600873649,732.1982060093189,130.65429865412943,195.76601563360833
1387870800000,344.61082251351627,694.6729262385732,851.2150791882107,136.72711629341202,213.66666269015195
1387871400000,346.4423023025491,794.3058535241788,692.2460483515515,137.54751787395918,218.9459993203372
1387872000000,427.34072690159974,743.9669847907187,894.7517888303463,131.23786138713538,227.95633520788917
1387872600000,529.7515095714841,763.4818450941127,1067.1621440478118,137.0745458413021,238.18381661623718
1387873200000,473.2871865816725,791.1742178122951,985.0695255817996,143.21086624455768,224.02467646839744
1387873800000,637.2463111211856,957.694791069366,1043.8681577267362,133.8580392906968,223.42462843974653
1387874400000,657.1185999261653,1026.8466668089686,1067.339887820589,128.46823585679468,267.36769451473265
1387875000000,827.3773036506598,1023.1685218586089,1010.8243291363013,139.4143113648331,280.15037831247895
1387875600000,1076.748461436438,1024.7658712260165,1224.01960393993,136.42658531344634,364.43115007954736
1387876200000,1261.4843245628258,1097.5485890414918,1109.7615913847303,164.73167167013716,313.92167316127336
1387876800000,1197.858022185885,1125.6276754768278,1113.414706854629,169.17799807503656,266.1592043442115
1387877400000,1317.452395317362,1115.5550624141065,1187.1246688891365,154.76374818516274,288.6526483905355
1387878000000,1222.1345297613893,1123.8816973850987,1267.3747860521873,149.29434333930337,299.04125931839627
1387878600000,1396.3307121455134,1337.7691056742897,1129.9620580493288,168.1665676025751,293.54867586115756
1387879200000,1654.1324053795872,1373.1210585285016,1201.0633234917918,141.2288627803084,343.1073783258497
1387879800000,1588.6330580120255,1455.0006781816467,1248.1390082523544,149.4698835933897,322.09643095445057
1387880400000,1559.4296178097322,1598.2605025250264,1349.9436329920661,149.1542745556526,338.1179954627796
1387881000000,1766.0185367307704,1582.517101381101,1381.314090252922,140.4269227653382,341.3068668396359
1387881600000,1957.2016933628634,1522.6790395909588,1348.309597701951,141.7776164754515,336.4126905104876
1387882200000,1787.0158310186994,1688.6820911113552,1255.140005705201,138.80965724292255,301.2061749544903
1387882800000,2067.1971245380505,1694.787140391381,1256.9384711419427,143.28395193702303,325.1409557076089
1387883400000,2252.891336240569,1689.0161002808222,1322.1858261815216,136.5966529720686,324.87758897879354
1387884000000,2483.71753672607,1921.1713480203355,1302.0586226465705,146.37254308213076,323.12456370133015
1387884600000,2337.704007162747,1846.3210478189499,1302.8301833002163,156.83025917014282,340.93482284785125
1387885200000,2345.863253156067,1819.2914430402889,1340.992830470717,132.88561522271436,335.93374784484877
1387885800000,2384.4698069999886,1702.6795398194315,1253.6247996757038,158.01792057588548,327.33673946571275
1387886400000,2493.179912621208,1965.0123221806396,1115.2962015229057,168.3865370915567,300.8975275781939
1387887000000,2504.771817170877,1801.882241732682,1094.3613641867325,162.11850378467165,314.18962439756683
1387887600000,2447.720937638752,1835.8725580772928,1079.8851460429696,164.32035586595617,376.03322696117624
1387888200000,2469.461583371116,1726.216849892901,1107.7963991273268,148.45255077474943,357.0237073904565
1387888800000,2481.2612243285685,1747.558309499002,965.0420610195902,144.94943721107632,371.70556114927257
1387889400000,2351.2898033646125,1744.775365176942,871.1487424126892,153.07132440709935,385.98412890359043
1387890000000,2613.42638812043,1606.0278829673375,738.033716057846,136.05545156525082,415.0550885565064
1387890600000,2542.60545682873,1683.9428568611106,705.207671730938,146.94612413861142,418.5665191509147
1387891200000,2751.5665328413565,1621.34807383575,745.9126165776604,151.24326830194752,426.2918887991784
1387891800000,2433.8809263278604,1690.8909399303277,640.3211903514168,157.42077185606,411.6546643347226
1387892400000,2466.984985514968,1709.895472411907,635.2695986851126,176.9023556148901,393.4226195899583
1387893000000,2486.0440819643677,1584.6785209679485,604.6602117710762,141.63253574203512,373.6003828047083
1387893600000,2504.192269950068,1527.0480184969103,516.556082636217,186.78084184847745,358.6172472940943
1387894200000,2417.3240929958088,1555.5311359009331,545.0345313259484,146.84460264365586,313.6889133175274
1387894800000,2470.6135368330733,1678.0256015786927,529.5723596746382,153.23798969888855,330.1640700974064
1387895400000,2281.6875246451054,1599.026013205376,493.03091788712385,144.47563136856022,335.51007424915855
1387896000000,2568.505740983101,1556.7921122934595,548.3980901946135,146.94917635505269,335.233273647269
1387896600000,2329.7817265402423,1615.2454117453779,501.48567762687486,131.1378662786218,379.7894542237194
1387897200000,2747.0791551319076,1650.8686851808568,395.6387047751652,153.4662949444502,329.2161157022414
1387897800000,2380.9866821535124,1616.922580658738,449.6184945170049,142.7048831694114,306.2463388077821
1387898400000,2508.9276452914078,1638.885957188451,455.54507629639056,141.0496690070357,323.0353160076523
1387899000000,2444.6840780622297,1616.6446302496122,370.6943241983109,127.76891846569981,310.99157311082683
1387899600000,2273.900431182252,1534.6751125752044,390.8515472944751,140.8754668643388,338.66561835540665
1387900200000,2420.44301293757,1617.3047692981802,401.3242590611689,132.43363601240821,320.8231948706566
1387900800000,2384.8677639030207,1597.4682607427371,356.27800969519876,125.68348365549295,308.13279996096054
1387901400000,2231.7563269069447,1583.937810077241,329.84690928436316,131.90987120811334,373.8516260167224
1387902000000,2188.9478776384453,1548.610831173106,281.9960380016127,122.06386580363693,313.7725707306955
1387902600000,2004.610089304733,1458.1591202653935,275.1278958628472,148.9446910356185,368.5274032599515
1387903200000,1843.4463517368526,1259.5954821165333,311.4470376289239,158.26241136234103,328.7838008963301
1387903800000,1783.6743013968426,1224.2526286184725,329.8298350845165,142.37783286794627,304.47505129800624
1387904400000,1636.8572623470047,1150.309210952188,235.30523829934785,125.6705039638109,329.71569746086345
1387905000000,1592.1232827807605,1145.059046655398,256.08535862577025,133.09506546586545,361.48358332879167
1387905600000,1474.8919219700388,1124.088614454665,297.67231144729305,112.23079771175604,326.6160879177388
1387906200000,1297.6776708238458,943.8309377018933,314.6880953352005,119.29922493546731,375.8239262688302
1387906800000,1261.2615084734466,785.6923406076668,271.13350834645314,106.60791211723193,352.9345618425066
1387907400000,1063.7295770514309,821.3670638496793,235.20318948907476,115.51375717113528,310.18172370572915
1387908000000,989.6220952849228,737.7240912657822,242.13898667652845,128.3704231901716,287.47596489332125
1387908600000,873.9453352224123,735.5945833514379,213.50022876901903,123.57925406238253,308.6952396352932
1387909200000,643.9853308323843,632.0701954812087,246.95018904833802,119.36961790759301,306.75381724064925
1387909800000,656.6933160711769,597.5894944016659,219.80405503146585,110.78613544746987,294.6883026842967
1387910400000,506.9900211900869,498.90005510295725,208.07748076720375,138.72583451639082,340.7696507656495
1387911000000,478.45062520026954,435.9710499179813,225.15255568904692,131.0429357125607,316.2470062321626
1387911600000,432.73890711977225,428.36784147138974,146.15946282140447,108.89762931531575,322.785824264119
1387912200000,384.3174444091136,367.3700394760589,191.13511992273254,132.23936756313265,295.221853331194
1387912800000,289.7795818602762,346.9694132644213,184.17172522419725,141.74249398151065,319.50265569850603
1387913400000,279.01458636207053,291.07044925653224,167.32671914243335,106.96769197864022,289.8873213431221
1387914000000,231.64892043395673,269.9372308638768,183.66798183549992,119.66714850047774,307.9925837519522
1387914600000,220.40733346088442,317.17913556930296,175.0150120823601,124.78964181836463,317.99133930337763
1387915200000,193.73974978834613,297.21895463028875,159.53621682597773,114.00287801499206,314.7339719794002
1387915800000,197.98705696526451,284.84215706559087,185.41345039437923,114.1414508616694,339.37511205839564
1387916400000,170.45050052842439,282.42458461683754,160.59762291926828,101.96765149987341,301.92336807127674
1387917000000,205.69763854531362,271.3877158716341,143.3626222338132,99.97397506827787,297.16033536404683
1387917600000,239.8378762884753,284.4874478562067,167.11458037172508,102.8127596338972,310.34301038458966
1387918200000,247.54009431728664,268.5807072061351,169.4698960535971,116.64458420237824,302.3124615265557
1387918800000,286.5863853569335,266.0078669116309,138.39247748524676,104.28558404754148,283.9087005682558
1387919400000,315.0407306118564,251.16721179678356,172.80972326247283,113.4499093488225,284.87838976697464
1387920000000,250.5482546188838,317.01063820591963,158.87931189816527,114.84969052694287,281.8166920018212
1387920600000,311.02133837914914,267.91666328456427,169.7044544517619,110.67257663762248,252.20769362239616
1387921200000,213.55881148262785,295.9333338409338,176.50711439856246,116.7241079062079,309.1217810404161
1387921800000,227.26780986786576,285.30735501747085,170.12988980125075,106.90428600982317,296.88616845516884
1387922400000,258.9696741295705,255.48824157490452,165.72421780145504,118.10779135839952,262.18138273270796
1387923000000,252.82479984105223,251.77369516032502,155.86924061183683,115.58022654342147,249.684645835888
1387923600000,252.5817362369704,260.83954931261354,186.19333399240026,115.92153643691238,296.01677214153915
1387924200000,231.3418844348351,292.93391693260617,143.35261566650533,114.99840347058594,279.36315567080453
1387924800000,252.81103746745137,297.7368297095342,150.94050162388615,111.38976531801993,273.17746688549596
1387925400000,248.0731901741436,260.39285701361416,190.80741210999227,112.16838186437305,250.77887170817166
1387926000000,262.66677590878584,278.8313708694973,178.16657353721666,106.70046870348693,263.78470406291143
1387926600000,282.27085081707855,268.88573703527607,170.5909722974183,111.19271797110298,253.1085324541984
1387927200000,240.33039706428235,277.21204529683376,162.91714946151808,109.18986614770328,209.26596626008796
1387927800000,268.7005284491565,226.25402271629898,155.42612849149316,93.71662878671592,215.39791630808824
1387928400000,273.8735761552772,229.32928250486142,138.7257898132411,87.15654950509148,238.4528712129018
1387929000000,234.17815430247185,278.0006324711183,152.2821022061285,107.8900734963523,192.6746300638898
1387929600000,245.4769522502323,229.19145889482832,131.6756013220179,98.27686495480252,223.64483663494897
1387930200000,275.9382289538531,271.72299241248277,131.0395321878717,113.66329758126776,235.17720480063863
1387930800000,204.82621403986096,314.3113131680871,140.43426470149507,107.1790492689582,221.59165892698977
1387931400000,186.51929352749943,282.6945925275428,134.7525821469212,91.04694941710883,219.47772154168024
1387932000000,161.75840461558442,203.76443727512105,121.04735274003625,98.40474279163972,251.95588574967346
1387932600000,93.89720778812791,197.99868421416653,134.7062837496724,90.18785375137979,261.2100027969898
1387933200000,99.86495629120824,232.8367770924272,133.7034310923114,80.87475908163748,244.9578341696299
1387933800000,91.15434863768633,214.86034023965567,137.02960790551646,98.5159933649056,236.64826616797183
1387934400000,77.68336078302656,231.4320447987087,133.50898041896536,92.1646362402748,219.93018773693953
1387935000000,89.21802623261108,237.55949222956835,138.36424258448147,77.08912943026377,218.2506341898442
1387935600000,85.73121856395055,220.49466021721867,128.190385691107,89.58483143732855,196.5265645444554
1387936200000,78.85064203297335,220.28451727043097,123.80620513170591,75.26560521719392,167.65733945392785
1387936800000,87.32463531468069,200.8366690094028,118.09548236455224,75.73331673363013,191.40282672528124
1387937400000,81.36371907684757,213.32842980897937,120.70564136769916,82.94318786292865,186.04779982299328
1387938000000,70.0041048638361,231.845331245086,125.48186177376506,83.59823445044542,140.14535254470377
1387938600000,83.79843228636607,199.93992289895868,114.88114832431351,81.05324553883419,164.61096355929584
1387939200000,87.92826233546589,183.7396314397783,123.17785734926989,76.61478900315515,161.41045961440005
1387939800000,80.90903926379222,191.33951680620305,117.86600978278032,78.75358886163866,133.07098530036754
1387940400000,87.25786121004681,182.61906672996335,114.2735465517272,80.35692695932025,156.4549220912194
1387941000000,93.710932146759,181.93414011999675,127.03870463488285,76.74616786421659,155.6063013995393
1387941600000,73.18393904486122,204.08747177724183,118.25425112441603,80.66550954799354,134.2555253707269
1387942200000,84.56369270442737,195.941258869904,117.54509256039444,75.66531104865655,117.83463188776484
1387942800000,80.45881209509511,170.00998946715865,140.01431907366904,74.3799819982427,130.5696690722865
1387943400000,90.34069857556469,195.2226353710131,124.8916070992769,72.0724560732516,118.62450120291616
1387944000000,87.3871535208155,195.9159571549959,112.12008068348084,70.69276197136408,139.30230915295277
1387944600000,89.38429658717067,179.10366319443273,119.1214321981473,67.67273620533588,146.95463520259077
1387945200000,71.88998921405553,202.3245972771965,127.65763387931251,73.6222222164218,136.22805973925588
1387945800000,99.44180556136898,193.42223486498727,124.79355786208554,63.455388435910734,126.79900216375268
1387946400000,81.19572488603222,186.83589314384284,124.76728749974046,67.86325906447642,130.29318603421902
1387947000000,83.93993999739682,196.95701671389563,141.8645996643959,70.9148465117587,113.35437160324904
1387947600000,96.07955000355646,204.20409700759913,110.32770183214156,61.58549242385618,117.50970670446948
1387948200000,76.65878228979186,168.92325777319076,132.86145078963972,76.57537708562484,122.6859802275878
1387948800000,70.77794245867553,182.29842277485815,138.65253372870586,80.27202832199801,127.55826459383468
1387949400000,89.00169571102155,192.421132547325,116.5583694444737,77.59650083425852,120.4210155582799
1387950000000,88.72443706093082,179.63169961367714,129.60419180987068,78.48924402696693,125.51783579486676
1387950600000,88.35095236444751,202.84617053687487,117.31609385717516,67.95848093518985,111.47348774999963
1387951200000,109.76686616942678,212.19320265576846,99.58277839602994,63.89286047309648,127.63643139960118
1387951800000,108.93169205780912,190.4962209067044,131.00082434666447,84.56148803959081,114.9721325794432
1387952400000,105.87500701976045,224.57927890409877,110.465610177368,76.59849717695953,116.30109298544748
1387953000000,94.60649414946872,265.35237615630774,120.0790462344156,68.55516268996337,123.2472569696563
1387953600000,94.15854005508179,180.8355668206184,121.30566596127602,71.14806802143146,119.08951904671898
1387954200000,108.44180923566812,247.3705459207685,150.47245281923745,77.46162007102771,127.40189412632832
1387954800000,90.8533320285964,277.30422113209613,113.98401817241049,75.38233011271156,128.4332382073935
1387955400000,108.35460850826087,213.64407455427508,132.66954932051672,74.08828652494847,150.29747422523656
1387956000000,97.59165165527968,217.09998461537648,120.8689199170344,73.3025394544987,204.48697330968116
1387956600000,96.96248066426088,259.3022921931343,123.363426144997,77.45172607283027,193.15000373042102
1387957200000,112.36549478315918,345.8168761441456,134.04520789335055,76.36842984528762,150.81783485093484
1387957800000,110.41414494909537,214.71509867108807,120.0150395473904,91.41667918241279,134.55727211035574
1387958400000,98.14648467720717,261.79945188073884,136.54550359366942,77.06299806455425,120.48766036392726
1387959000000,119.9979496001554,214.64318124444625,143.53724320107142,99.70636391132693,144.71054698781387
1387959600000,132.06041044852677,261.55825652592466,137.03172355738107,86.31765181337704,171.90610365954316
1387960200000,148.93809496449043,230.54349669190663,140.18530493436575,92.56053495268426,161.6897497304188
1387960800000,130.30911336797647,195.98817249755948,141.74681325578757,106.27830735559944,140.62684545595323
1387961400000,120.68198227146085,260.81056007190176,146.27687977419666,85.32362593133705,141.41523102989177
1387962000000,146.49023564835375,178.52190567360407,140.84397748855918,106.87463922577257,147.86163987053874
1387962600000,152.73539656357613,189.10892453793937,129.91963535567214,88.3577331626468,174.52841468271606
1387963200000,133.11096717722617,230.16327651276433,162.61973032464766,95.85424313099315,191.249337047673
1387963800000,165.050121820038,232.47144984765762,146.18360135591684,107.57334849095913,176.25461880545845
1387964400000,153.39662560695146,215.1961623260065,171.06589539837907,108.4453291152058,210.53633569403777
1387965000000,148.7003873381683,234.33853899120572,175.329309403281,107.27998201937712,200.75547220862532
1387965600000,145.2111975362042,232.83318556150317,137.5277722967343,104.36908797547328,202.64960565496662
1387966200000,193.93741715475943,257.77234847252373,151.93814225047944,102.23140409213882,220.66919910468064
1387966800000,162.1995838966291,269.8269034371234,145.21282213269262,96.96250299322094,216.58586497308096
1387967400000,165.44106383765742,257.24732732608766,122.93848748999437,109.63151000451404,207.4919681002272
1387968000000,191.20170802693764,263.43785245755106,140.11415340440414,131.18752212673436,245.73337440671085
1387968600000,219.63541245016577,282.50824961903294,142.93970401201472,137.06350343528345,228.6708816511987
1387969200000,218.78494263692866,291.9301820173983,138.32902441381003,114.20657507150406,215.54196924347227
1387969800000,228.03105481645306,247.16673977790254,164.11761297191916,119.33869660319483,270.9804335026005
1387970400000,203.72143973390723,289.5839047249155,144.55044335552182,111.29624271228752,239.22576477650586
1387971000000,252.0529712162167,277.7220404107933,125.29175587405675,114.56777147462434,260.65827336506584
1387971600000,242.11476097752546,257.48609621920474,146.92544007570564,120.69733617306333,301.89753970900676
1387972200000,191.05612959356444,288.1235496183431,146.08797147224158,106.62516542554644,259.2331776092968
1387972800000,217.3773296489949,263.97376601196737,121.46234729179932,122.1104167168321,260.74618474142454
1387973400000,180.73231805983033,288.92858056968976,167.32948602491123,108.6366488506873,264.21988667825536
1387974000000,207.1453538981719,284.88287076952014,154.8068460967575,94.25352296196989,243.7830018138894
1387974600000,213.58625480975545,261.4081461245091,224.00807561245782,93.66695946443826,223.01915750447577
1387975200000,184.06300478495427,237.69982873180646,316.2542518867934,97.2829494306198,224.68027427473044
1387975800000,236.63754489100359,334.5068321350231,257.6460433269792,106.17568781176473,284.53310295341805
1387976400000,213.35313062473284,321.59221272982865,171.9068585763322,85.29117505183513,267.93040516157504
1387977000000,242.05361222370246,341.3826175992524,201.28723426802205,85.59152716694737,262.04527306299656
1387977600000,249.1388933233374,326.43837718129936,179.4506612234975,83.71267811769141,274.34099721748447
1387978200000,219.1509230618347,333.04058432755903,131.66621892260153,77.01797426088685,231.2454723492001
1387978800000,189.2857822568579,294.0663560291481,156.95754295697174,82.536758370849,251.11062381618777
1387979400000,229.56930282499124,317.4177405459698,150.96563623612903,80.26427586144962,257.61061098966877
1387980000000,269.87910209057753,369.4958616252204,112.46034572253672,86.9511648109627,236.07304072867447
1387980600000,191.45551250000221,373.57307077476366,147.63023975361156,89.23690739168428,360.5994634161961
1387981200000,208.04672893938812,360.8183248344657,163.46645871635243,80.886861658828,373.5090368726701
1387981800000,203.2802914613673,271.2882531108709,138.392029902606,84.06195065939819,376.1182315865908
1387982400000,199.68905563790906,340.1267863457346,165.29208320558726,82.76345142317139,376.22652730913023
1387983000000,185.0499047714006,337.1857146810178,173.9160235658149,94.59078987775278,282.63439798006397
1387983600000,207.67746597312558,308.6046429698038,199.7385283359428,84.694873365344,288.3372575369192
1387984200000,235.06252214664718,278.7589327008961,181.3927049597845,86.13438801149516,313.44530345716464
1387984800000,306.28117141196293,335.8570069186423,200.3163530045451,91.81316184957328,309.46797279442285
1387985400000,233.5434043411968,310.1149247919328,175.73113765997158,84.00611200326887,325.4325037838571
1387986000000,227.07476255743256,328.04117904691475,187.32950547738068,113.1552259606252,379.93830955729544
1387986600000,270.1206695234046,305.3453374088252,200.0471553912892,104.3995634848016,348.33225115342844
1387987200000,311.10467700647314,332.2749914082724,135.01960001078822,92.48965024423684,292.05602711416435
1387987800000,372.6060091044443,355.3961063389489,148.13867585610274,101.3434955184853,367.6934802061912
1387988400000,268.43030703870585,304.2799186708162,144.31485593992264,121.28700624301723,352.5471234278421
1387989000000,342.4537640884618,296.0458534845605,138.1610650487442,109.74447655703864,263.5892686205085
1387989600000,285.0838463201888,344.34481949251744,176.62795279753757,108.36456113996316,261.33652505545666
1387990200000,281.04317734713356,294.6653793699256,156.31459932932285,102.25709186857411,270.4419439284295
1387990800000,355.12707612056056,346.16798941109886,140.83186843497037,91.39403048668365,278.76927347829934
1387991400000,385.1625854579619,372.97102138439027,127.56565318637432,105.04578265049702,265.7591503043955
1387992000000,340.00876547629827,337.95740496549445,124.61003859710597,106.32283577597009,269.5125466134794
1387992600000,347.14416836739275,308.0094958461482,131.5807156337094,122.61805057215072,242.72329326499752
1387993200000,387.9781958351034,268.43940878134777,162.23461262061653,101.95872104972497,253.73899010747093
1387993800000,375.73325311679986,303.98621356481124,134.92321584740657,97.8578697048916,265.1381293933473
1387994400000,304.3189002022826,280.94569002081477,131.33752436839487,96.48176873171421,248.75630088528175
1387995000000,332.45766867714804,300.4725476896358,192.83875393672614,110.31164262610804,275.7297982203349
1387995600000,229.34701784298358,254.53848062583245,166.6775211867997,91.05000160446589,286.8587807086487
1387996200000,299.42535969314883,218.24876627778448,136.4321319766825,101.2405384276068,292.1889113096362
1387996800000,263.29023516274054,283.46582919080276,133.08948353483822,117.84899815099209,235.83705657016225
1387997400000,241.62860929292344,231.84243818323975,145.8628827119113,82.71212254058636,325.9842060951464
1387998000000,271.1191841870248,254.0432483652491,130.62150744196023,104.3062778134876,301.1220731838726
1387998600000,312.1195959896171,186.5307578182406,152.45682362842112,105.19728752052205,238.39287021158145
1387999200000,286.2292084729689,247.57203732241106,129.48869879401218,78.92761487043825,251.84234327149235
1387999800000,233.61102333739083,202.53364898148953,129.00550524020545,123.39484360487455,293.0941612639768
1388000400000,195.99893495329383,234.0802958346399,125.28648366686002,104.40028470304296,250.2425508392965
1388001000000,135.34810658453142,220.78919124670074,151.07378969877445,102.11912278224163,245.95163387298476
1388001600000,191.14008484287518,220.5918962527063,133.28608677888158,110.58897954989409,261.96041261634906
1388002200000,192.79009615652708,156.9735516124768,164.09619343368033,91.50851356188672,284.1129116643079
1388002800000,204.9821895004067,201.34221179823493,130.19058097867293,108.54334071076644,294.47048433023053
1388003400000,167.41988345927777,224.42733802026515,118.53753613282213,126.41493425292866,271.4610669052387
1388004000000,191.80083281270868,174.88366660751382,149.81304144918246,95.24274859499285,237.71705819888098
1388004600000,204.9823893279829,229.3950319698992,131.80551965562387,106.27221528392629,219.86397106303454
1388005200000,287.98848558935344,220.4212321789281,124.56618122223374,121.42380903888684,305.75556631365606
1388005800000,283.5478123224248,194.5944134120229,151.75715615355614,118.41270992149968,255.3669736225536
1388006400000,222.3968704057573,229.1763021392512,135.6171378977141,104.57677945762852,382.58645867807724
1388007000000,172.57972287361923,203.15962230644783,163.6416584503679,120.0436844694266,266.6791704490143
1388007600000,162.67376619422043,182.36622465979087,203.6837645266821,118.41817086803063,288.9592473649104
1388008200000,166.7037394128542,206.56078924632337,179.49326709049936,103.70824009251652,403.01737496674514
1388008800000,160.08624225117168,176.4547571388422,175.2431393554142,96.28640403918264,249.42798248329248
1388009400000,127.24087999004716,154.3233407289305,184.848335922528,99.54550575727895,563.5121258859567
1388010000000,129.7690789164283,166.77243468914656,175.19149839013738,92.18570249764059,584.355681473831
1388010600000,114.10050019211404,151.86037369998184,188.67764196620618,93.32298530787206,539.8504422921918
1388011200000,121.70241484926616,153.13867258696624,215.27578351447002,96.77574694613301,450.8255525630305
1388011800000,157.6850585942771,220.3997239821441,181.21693122905705,91.03862358160588,218.49045507473207
1388012400000,155.36645116058887,220.07273723102097,149.42610932682197,111.21045695775166,245.99310166959822
1388013000000,141.5998440651681,201.79680748361915,153.42398361727106,104.44367775541225,277.8806687312186
1388013600000,129.4982692818588,214.5217162258961,142.9808586000139,87.89079595462209,244.83852037619857
1388014200000,122.49951395078511,201.11138104719817,173.082568581737,95.95447392036868,267.84647677589714
1388014800000,143.4432266320447,192.62016487863997,251.74441516252975,99.13507586458577,221.52336024031638
1388015400000,86.85002850280381,177.23308071123117,197.29116572490693,97.05520329419892,248.43008922122135
1388016000000,82.7223349706153,197.53672297588298,161.9808300904315,104.9721335021839,214.025920916972
1388016600000,111.0776648499736,178.36364008200383,157.42965639843882,97.3048953175084,218.29687077380294
1388017200000,75.55291689992376,213.5963113364051,152.28755595364842,102.92759023100314,228.50304875546612
1388017800000,81.004668309092,187.7399061644888,135.97298934496695,107.07909278234297,248.53568843384497
1388018400000,94.32446470796526,173.2462757881145,134.89717013925286,88.49982167028531,204.84956641918774
1388019000000,85.12260808148702,188.9071489914413,133.2391048267972,88.79174998555503,192.76933150899583
1388019600000,67.21852907656063,147.99923457226802,136.43627943292242,86.75201305030718,180.18435269152965
1388020200000,71.25067961530479,111.67451426261349,121.00157959630073,80.91186212555452,175.58198127097018
1388020800000,85.20127354450861,126.60254170122218,113.0175091585191,79.4217102987016,185.39761891211506
1388021400000,83.77967874755022,127.21315208013367,104.77386837148808,80.42447906167818,197.4124954974247
1388022000000,62.8626276058241,114.4905082528464,107.39747132677579,84.83711920066337,198.53980478844144
1388022600000,66.74643661303031,129.26904972130706,95.76683897008353,79.39575857191832,158.69735642497037
1388023200000,64.98691279344607,113.05046624200648,90.44253592951657,77.84378290188647,180.33956996211072
1388023800000,58.530142705815685,112.26800565602689,105.36362395605963,85.40300467556987,193.69687768247223
1388024400000,58.674625245915166,127.48661834186902,98.7015250311178,71.09506560726216,182.42527940855982
1388025000000,62.37537182261053,128.4914119387616,90.50671217709,72.3177129915617,177.90985044741606
1388025600000,59.53368594613275,109.28007291223427,115.20458379400316,82.01921359572799,169.68217540997983
1388026200000,67.07731741223589,138.28075747988717,99.48714518462477,71.48286638421665,159.27081741532143
1388026800000,61.672896744420434,114.81761185282764,84.78685144889769,71.31841634796444,201.69311621290095
1388027400000,55.79503422016598,118.4927462979328,111.105373494594,73.20935576856037,167.52203829668508
1388028000000,56.58734717709105,129.85384657923873,105.07984653523062,65.30638991512821,173.11725348412187
1388028600000,70.66834425765637,152.59622417809453,95.94308266737242,62.44698462035482,173.86653722719043
1388029200000,57.93215518747704,143.66571898786154,108.71159879831525,68.39049738737698,154.66094384141232
1388029800000,59.45070439946831,164.51942647869978,105.00717698331869,56.32256506433724,126.41314391816732
1388030400000,71.23830772397562,139.87287881806083,103.64446476732026,61.94342743649382,162.7890749344504
1388031000000,79.72718105494573,141.35256634104508,118.69607667379171,64.63333891640767,123.96962313013752
1388031600000,93.35339202413252,160.05328721975425,100.21033262963775,53.40483818238143,110.53787476246492
1388032200000,86.04002258236356,159.15692842134547,87.68225848182186,55.38609708585334,119.83711205278814
1388032800000,58.66278631147896,181.37745098401012,103.93329992694545,64.48659994634389,124.71762039244108
1388033400000,68.99593340145711,158.7286879607949,97.79868393133474,59.528764502327064,126.20238660524308
1388034000000,71.28659495327794,179.68798111757297,83.4673991730001,55.00784708720664,117.82303617569886
1388034600000,69.69747144739155,150.23583592502644,170.87670076520905,62.96829210243571,118.98416368597054
1388035200000,99.26978130305648,167.35931803681524,109.78586131246497,55.94264405552444,124.36201461212956
1388035800000,84.0590425018242,175.0668433346051,82.97048487208794,60.485630216939064,105.42167595261384
1388036400000,70.86399466996143,180.84692557593968,111.51595082782914,66.70675116019267,116.3395564436619
1388037000000,78.80812034713414,177.7298176427946,95.14452153403818,62.46362617446126,97.44541751213148
1388037600000,107.4209785131797,152.9084817426625,92.31979566061482,66.6735049792671,99.1312333232389
1388038200000,62.953939643218895,132.47020858444677,111.92891041439393,75.00014168462194,115.41705976537938
1388038800000,90.14301636845597,145.6881669066544,104.36923856446344,72.25490314381939,108.42895001637592
1388039400000,85.7834743318572,163.9861524342421,93.63683682451328,72.41667384898165,95.89632262287158
1388040000000,62.07982860317746,142.00395316446438,115.92879950042752,71.89324262268582,133.267376679248
1388040600000,80.91208557878538,159.36070558318056,124.00200668683418,83.7012876729702,118.1357771107116
1388041200000,84.52137977194499,157.00897558622717,106.95156786718373,67.18316526041797,127.80346551820396
1388041800000,67.88869953841028,128.43064143578167,118.14074688828867,78.77094316233993,140.1056491971517
1388042400000,103.74441081483744,145.77610403693745,111.28808901922648,77.03231304904529,145.04927344444437
1388043000000,103.3353216582376,157.90293728553632,101.32773335143693,69.54418002839023,158.49297194397843
1388043600000,80.40141727402207,124.18401918098864,131.0835132221777,85.24345100144207,152.14338666230577
1388044200000,87.36154014781869,172.36720514362065,122.30138450456052,73.18764100823383,122.60179500968448
1388044800000,119.42496300417602,169.2318855517933,147.90812975479926,65.88314397790418,147.5127374664471
1388045400000,139.14175051663156,168.83725413456668,135.72745083776306,85.40048757301159,164.00902753319775
1388046000000,152.1278851835387,232.51070665227627,120.3489057705838,82.41715125725715,130.7093574765596
1388046600000,161.6261161466816,299.2816010728869,122.98629729628175,89.19488248158146,134.9378337638606
1388047200000,171.39245937270312,246.31329025042274,178.98803852040075,81.49976243252249,163.83172103926748
1388047800000,185.2393204602303,218.6926338735998,140.210532447747,84.71294533658418,134.18574294284076
1388048400000,165.74304979474343,215.11933109799563,136.03814991907925,90.71817066628493,156.36773253491705
1388049000000,220.77294470944628,277.2867935727878,169.92865538728495,98.6964474888446,159.05444594649467
1388049600000,274.11298821076616,342.3458321152195,140.75281740133553,81.49356398317177,152.79745413611369
1388050200000,328.22172238025223,374.1129066365177,116.14583846916015,78.85780165162912,173.95316212278416
1388050800000,377.04412567131334,370.28367038985033,150.98303959907224,95.71317339060876,227.53712257117616
1388051400000,370.2481101202366,384.85606444151324,158.96476373412904,80.95431340633789,161.71907013472304
1388052000000,447.86491434694415,432.6664497656939,137.7390500153638,99.04872663414731,187.5480851667644
1388052600000,535.1020781246841,381.02260087847475,183.0002485028203,83.5838054948499,200.9097205622634
1388053200000,612.9884483768144,368.1904657197451,180.4869317527084,86.35903401679097,216.34187681752994
1388053800000,612.6118771215287,400.9975566498689,173.40604305116847,86.76865021000059,234.5011955274904
1388054400000,651.3102361818919,443.54357475083447,167.148964090935,89.5280650705267,211.72436780643136
1388055000000,717.5323077610003,530.3009006302261,163.31055922853412,93.93133249918296,211.84818265993988
1388055600000,745.9503650407486,498.1509115645519,160.26010284414087,88.12953831428254,207.44440817953003
1388056200000,717.6431340932245,463.1993817341141,179.84573313134507,86.87656531639185,228.88130841983548
1388056800000,885.2927964312914,597.6012174202709,154.7356789836772,99.03089865917568,193.4869191466778
1388057400000,766.6355180274363,509.48819762724827,141.09814666891427,88.03071532475602,209.09433349395312
1388058000000,719.8694713367347,526.8364260142158,174.6997877138355,97.06690508472728,204.09262336342175
1388058600000,780.5390177535955,609.3095104759924,175.09940216079096,89.49288730413896,225.70023288464282
1388059200000,751.602743948401,552.1288297802498,157.89941033635668,86.65214236149362,209.4422062496204
1388059800000,829.2278792175359,526.1370566613045,172.71816070948378,91.32027099588471,231.5484687136205
1388060400000,755.6446667569847,585.329538158554,154.11472731049295,88.48408905625355,229.4944087811306
1388061000000,717.0839586076536,516.2103796005733,140.68973302043912,83.30767654615109,233.02257127532616
1388061600000,681.9440610348787,552.4777831897387,165.02818890471963,92.10660796198917,222.08876739707463
1388062200000,682.162213668344,510.3237815583324,152.59102984906082,75.694649614117,201.98627157886284
1388062800000,785.4915292411096,586.9999004623081,139.3288477218512,80.8809057874456,235.38677206066416
1388063400000,903.8916948725054,591.8091021476824,221.6473898345144,83.28380448599474,232.00097176485326
1388064000000,904.724697913865,555.9601128534379,177.52833659278886,82.64855783104011,232.00787240152087
1388064600000,884.27955130338,560.383826107649,121.81637389586429,76.66222249109283,220.7910522487952
1388065200000,1008.879239949946,553.6281159968809,162.15930008180155,80.3386942720825,261.34259330414756
1388065800000,1026.0893249103624,649.6079462470113,155.0760316935974,86.76116385701971,222.5751255235357
1388066400000,967.4100621640387,670.4715644691385,140.93933352608917,84.97471069256467,228.36372775145384
1388067000000,1180.8155891121605,607.4867732074406,199.98336506105582,73.69281191758108,253.11258915694128
1388067600000,974.1746269568563,681.7059522231193,199.119701507455,101.55560760429434,225.86958313243503
1388068200000,1256.2930059121554,631.5489341275521,168.49444956881607,104.94138572745108,285.63097153675625
1388068800000,1359.2245570908517,776.2833740688219,189.29787311164412,101.42476418579497,250.7915837611895
1388069400000,1347.053772546025,861.667210800035,163.2693059107331,113.4283762945026,275.39375529315475
1388070000000,1524.5645039461917,788.8819082472853,150.02087155251206,118.07936775894096,262.8738030966949
1388070600000,1613.5993796044763,816.0977177035555,183.58570775888936,111.81845483048734,243.25724816824433
1388071200000,1572.1202224963545,847.4882823950948,170.06882563722,112.43630578151182,228.5586993657296
1388071800000,1718.123099264973,874.8847330458392,152.03744305712166,124.41757501019057,205.5712107596126
1388072400000,1596.173424971725,878.1416116397563,158.67097017597624,127.34205246713005,253.79453014981408
1388073000000,1893.5548071790543,909.9690290680692,148.44609017150717,93.17304571328393,223.93399487006087
1388073600000,1887.2803133218038,827.6349254992178,164.41377716309606,84.99819736096481,243.3751183215628
1388074200000,1868.937898079125,839.0252162890745,156.5744057934696,110.43513221955172,240.3906921571798
1388074800000,1783.8672916850328,881.6488922253599,152.9519854131497,98.46477256004529,288.9241058089171
1388075400000,1604.7353907400006,899.2508507240884,140.82336320160587,114.0036638155645,261.16820445608886
1388076000000,1588.2617265525976,909.513630398633,144.03434737852533,100.29615628038928,283.94086490648476
1388076600000,1659.1934250407915,872.5837164553087,145.98549043210318,121.18478291886373,296.9321709227064
1388077200000,1858.8930212942391,906.479144921537,147.00507037909185,116.71936510474764,282.75146935625264
1388077800000,1751.0046522868379,824.9107274219016,185.50568068529742,114.66505398108058,304.22294649184283
1388078400000,1481.9669299375635,872.6461872068246,158.67877341307656,105.2351779975584,321.89720653657275
1388079000000,1438.8800079749428,825.7728672511033,146.49602947627852,94.65246648391468,281.6920176397014
1388079600000,1372.4492057901737,756.13874259989,157.75428735617183,103.59719169768678,328.1306156470529
1388080200000,1176.1992876878214,701.6329942339883,152.69417233948855,107.24125973832263,265.40266229955336
1388080800000,1175.2895997003411,677.1983284218545,156.47635907392677,109.82389305715205,276.4935216093942
1388081400000,982.0432601291026,672.9125015428494,151.29454284247842,92.24472983509717,240.55990796154376
1388082000000,977.0224343624918,602.8106224288313,157.972885949093,99.23229132171127,297.8407557597335
1388082600000,968.2280486348285,537.5270786131019,154.77922176106475,101.1797868448399,317.02677331179956
1388083200000,897.3531101483295,481.46481450732955,231.0082591311015,116.12505135081248,264.9232048097598
1388083800000,727.9522090506908,461.33297995508656,208.87352755505205,123.820454088062,309.76816208089207
1388084400000,715.0127405215985,456.764167770198,268.0563780251046,114.54792866215222,282.6050407197863
1388085000000,715.7572098589407,455.3592937994022,255.9522487741167,124.43632890009097,273.2584407692136
1388085600000,606.0844248009868,354.73160791470303,253.47356780212635,111.43403070021509,278.7752550344628
1388086200000,522.152907537544,331.465027579613,215.1849408847407,115.94511267277116,279.5808136203964
1388086800000,509.2338913282795,318.3406204000552,233.2451221991645,135.55467720279722,278.6160406330317
1388087400000,431.6927553761207,328.43034865410334,224.559196274278,118.54398477900754,298.617228057784
1388088000000,396.18156378191725,286.8805037530546,210.69464615340254,113.2612379265937,278.2824005275685
1388088600000,298.0602296530664,239.4201727280012,235.46418758585375,102.22355142275806,308.03309561208806
1388089200000,281.3641837437066,290.3984201743153,212.5199416927223,113.0921475618591,312.67689797317246
1388089800000,278.5098726212189,268.7643949978342,189.22011228256406,93.33360226201893,324.12194213913153
1388090400000,277.74429533296365,255.90227560295352,173.04373583702215,99.37075536938212,306.24408341007404
1388091000000,317.2983558316419,288.0951737084187,128.4250876421963,105.61983661575223,290.29053688068484
1388091600000,561.951691698259,282.15753380872303,129.7211737030702,88.93842283174486,331.14003454060276
1388092200000,465.122917184464,326.7675972901916,154.96511068657657,87.50723538373373,318.5651308380163
1388092800000,389.3750450701148,253.72626633448652,156.0002947878463,108.42940599042088,346.18619926644413
1388093400000,322.56425252494483,278.5052476047521,120.78604458591634,117.83776765426632,355.0122413308707
1388094000000,309.9239219098921,270.3821077697266,132.92365262916243,95.57705468805571,331.94678317943504
1388094600000,252.32905163241668,257.24848815636125,124.05291193064531,103.79644195258848,321.4516073671343
1388095200000,260.65005687008096,286.5251064259999,117.33196210995997,98.53557778952369,320.674252844553
1388095800000,231.0929511453867,278.77698609122507,170.2495056847934,103.84682994433301,302.8752588658104
1388096400000,179.32076335605353,334.7566857494596,134.0529855773566,112.03428343790728,312.40094273984016
1388097000000,172.9005577310882,269.58198733499387,135.06087654229506,113.96936889988112,290.18787802985224
1388097600000,190.35431673167867,219.0132684201308,152.805828958564,121.92376320883903,271.65636906380183
1388098200000,139.2862676637559,238.3202381020361,99.29124518427928,129.24458648969147,250.25434381181023
1388098800000,230.31034946104,217.1333007170975,114.66236033994613,124.81232176134554,280.05986685395555
1388099400000,176.69672422646534,245.9509264882427,132.9882608018449,130.58949288992787,248.05473746738465
1388100000000,155.79388073735154,249.96663224781256,129.25180703263817,154.1622574068565,267.126022488371
1388100600000,138.11241691652842,184.62826382069318,116.35792386472866,125.2058327621172,248.87376678236592
1388101200000,87.44787739710023,167.49273364322715,131.72823134593787,111.63572392004762,236.66345475465343
1388101800000,87.89411957654553,182.5488478537805,110.33178160752169,114.7175584644616,244.79019853434505
1388102400000,96.36502796377151,144.3554001060909,114.85084831103497,90.602411317177,210.6415772417393
1388103000000,82.5720754048975,121.94374981139,121.28705328527363,84.39473854047394,211.4595173364033
1388103600000,83.81083410936397,164.99293290960182,119.05002563666848,88.35908348410062,196.22481780482656
1388104200000,93.93114623343358,120.77965225710922,103.41454037543498,71.51755644205669,182.57104695645117
1388104800000,84.18954049832396,127.49062311270092,122.53501157387606,76.00312785492359,189.12281115784657
1388105400000,70.33622761563338,190.14345469150032,113.52595544396286,86.43681802643849,183.49374089518147
1388106000000,100.4591666560373,138.87891285206837,95.15883733103055,72.16448257666471,155.92432594616707
1388106600000,80.54355700418562,142.8798457639317,116.65634497245661,71.93149345126791,162.4003261635129
1388107200000,74.84349873995532,150.41706391479113,144.65148901915177,79.97048432870707,140.99786953465244
1388107800000,84.38690000751937,108.9868022250578,112.48789690701928,65.39704127060249,144.7103128713927
1388108400000,76.97682965149706,158.24647166176445,118.11196453169205,74.52462111139619,147.27691371240917
1388109000000,68.81452133144053,183.92942733206888,103.08834960228135,76.41703301181359,117.09601179579266
1388109600000,85.86479758331494,177.2132063992159,89.29766442940172,70.19968673024975,117.1880167308677
1388110200000,78.68747988993537,163.09451431985102,115.32633480180804,65.14777825675158,129.31758899128363
1388110800000,69.7497825871724,176.67404458273842,97.22244456088616,76.64503818295195,137.37862118588598
1388111400000,87.97040103274384,168.14382753564678,91.83770082714894,63.60894494138336,130.11852621376568
1388112000000,78.20024623002159,154.23278688295804,115.7322664091245,67.83614930263022,136.1577495066345
1388112600000,68.24787023044183,176.02903828523264,102.81606811354824,66.84993708966323,122.6156699949665
1388113200000,92.4805816233241,168.86607498351427,94.4669671804298,57.85084364339924,125.74058009562587
1388113800000,75.27584975518113,149.16081373323394,122.45282563508921,64.23359013226673,123.98498185663232
1388114400000,71.44468396014713,166.24196588952742,110.558999446049,75.97376948499308,116.54758039058176
1388115000000,90.8971199094041,146.70440353450616,95.43774085413416,59.8227719191041,108.03131177874228
1388115600000,82.46469139828277,163.86828490011487,104.98786021227939,64.239355055176,115.5371723359405
1388116200000,70.33093541930144,150.1243422346757,97.80139693507314,68.17881498242409,121.05402345716304
1388116800000,129.94645444023618,131.93265981482725,95.72310729162317,54.64906207828387,109.26803313325036
1388117400000,92.52908978495476,198.6592068205418,107.01710758617844,67.40036942449743,118.92845350381418
1388118000000,85.41278894837309,182.44786419782585,101.5794250119758,64.4361645135983,102.1723624622293
1388118600000,94.47931163672511,151.8169652961437,93.544620268003,49.43948072022953,110.41908552864228
1388119200000,83.27555228007579,157.43023989248297,135.09391782211432,60.58751517741317,108.13474228607014
1388119800000,117.49234318450964,149.10413564192515,108.72708330494396,57.297365656582,109.41842204459329
1388120400000,96.17492754337523,116.38273252744098,94.1623353297256,50.70429118243963,108.63449742963198
1388121000000,103.16365491232304,131.24816288916844,119.8739232575667,65.71546871740912,108.43083801382305
1388121600000,84.20789086856452,151.80933947325752,94.5707582489122,68.00821996760709,111.69210163606904
1388122200000,111.24965309673857,134.8131627847492,107.79392941989984,62.61972200845002,124.5391607015855
1388122800000,133.94883248987026,166.5393478142215,148.55331530455922,65.68257555855338,122.64535779953164
1388123400000,120.62685077575071,175.62979137452245,101.89176730022815,67.9441947903982,127.49485499788094
1388124000000,137.60908917147205,153.9523376222923,146.80815587118914,70.01989220885912,125.3653247696555
1388124600000,127.36044959695032,204.38959446058035,153.0773919868138,81.57879498618912,118.61760056624858
1388125200000,123.55808643943598,199.99200646765854,166.61270997961392,81.97468161913405,125.6386333295108
1388125800000,145.19261294844844,214.69644624061064,178.29615950774775,87.57033925100409,130.17909187579477
1388126400000,172.65664098002907,252.5581946324513,227.4320990249493,95.97199987076753,143.05385432056295
1388127000000,168.17900258091902,305.55992456878096,255.62438811895612,96.32874420982863,149.6129104343948
1388127600000,194.80418281229623,265.5067690344556,271.37241443654443,76.47776201200378,156.57912822049684
1388128200000,194.22677188724657,332.21524196300106,340.1770115919294,96.9910452031909,186.0564183172948
1388128800000,216.20058193160395,385.47231481426104,394.9062418395774,131.02020802469866,172.4233862348956
1388129400000,260.94976063624654,358.0121032771602,489.01467386229035,89.79885620588672,199.1836128673873
1388130000000,270.804951233488,427.8999849883382,535.3798248847148,103.57592950544536,188.0368092589689
1388130600000,253.22285323637223,447.48256332717756,550.4182213402861,109.88348914721469,186.55564565612136
1388131200000,351.2046533817531,427.5681276087857,494.2991844840258,108.69641871494697,229.31686817077917
1388131800000,316.68021152467384,582.1334906032486,780.7404002479581,114.70506891578208,214.64165821640523
1388132400000,360.7753656361355,641.4451172434749,737.9710637269479,131.51182953136873,200.4522785837571
1388133000000,409.5082963701631,616.4061326802015,732.6504827238593,115.16340122644792,246.4804157325368
1388133600000,543.5886505537422,620.3719610620475,813.9685381125875,128.00037927983823,220.09021065095448
1388134200000,644.3617147692225,787.6153190247353,850.0781180975664,145.37936373257475,236.33925139141445
1388134800000,623.6945528708784,901.572661133439,796.7785601770086,127.63124425446952,248.967058198206
1388135400000,770.1777971168249,977.8902007970701,805.4707207087952,143.097198831344,277.34635940829145
1388136000000,820.6033837395079,942.147124267023,819.6957806098978,148.71253483973408,228.07713274253322
1388136600000,951.6259423565788,1104.57671360707,936.0323310844176,123.52539444126847,260.8862405459586
1388137200000,1249.4111012990666,1070.6962092333802,1021.9423357077068,145.538487635476,278.91029819977626
1388137800000,1338.9885330742966,1237.831261716274,1039.6801175538264,143.13274561549278,263.67919154281526
1388138400000,1505.0302447731444,1371.0422686981556,1033.1793170064407,160.99431003312478,313.93468863794413
1388139000000,1519.705971410975,1457.8048815140814,932.1641863610918,151.15500807375145,290.7628596173896
1388139600000,1759.4462082376444,1347.2190245316997,897.6493044217062,149.7218816839771,273.5741860426254
1388140200000,2020.5924278685407,1461.3709999118946,948.2474293914217,134.0675092069,286.0798318769344
1388140800000,2074.3469213148105,1692.267802336448,911.8399992952807,141.11132813935825,312.3766718307298
1388141400000,2427.2400342232813,1831.8119808230315,889.8800077484493,144.2760571791792,303.8175383735915
1388142000000,2271.224639577711,1656.8425814373604,1011.7882126811382,139.84394044705874,332.85368701480166
1388142600000,2517.036454932808,1857.980531460622,946.9741969966547,136.3388556791984,324.43391141764897
1388143200000,2631.9023567693216,1950.2010962712388,926.5069951073007,144.16464112141492,285.60752212069514
1388143800000,2971.3254727854082,2025.9244231307796,1076.3214854622158,132.93542655852536,328.9650535250831
1388144400000,2842.3201251386545,2186.097437396201,1106.3956105091859,143.5579992169021,312.6646031569695
1388145000000,2953.52340220283,2189.583384524468,1024.4045009206354,133.82692387212037,319.64263779109325
1388145600000,2966.079393407901,2216.835864936303,982.9240358601132,126.4403556692726,384.5696089468018
1388146200000,2885.0989754560137,2139.840394535934,1037.6264191878531,135.3512380249811,371.79464843836087
1388146800000,2852.1255242527855,2254.1524665926854,1063.379467756071,120.30063216719182,340.3670865813229
1388147400000,3033.277382173542,2222.1883264727257,1032.9391644632133,130.4728633316339,350.1051090969446
1388148000000,2924.095517101065,2255.8010623166656,1083.7372990018177,131.9364015299035,335.4457856738007
1388148600000,3156.4045504769897,2180.841531715664,1072.4489990982686,134.14364333771252,368.9262044298493
1388149200000,3092.4010604971886,2061.9641943471215,1122.1826871136532,119.73583250988014,385.6311697967559
1388149800000,3146.5636265035714,2113.1795508506393,1155.8468072924124,130.081348667522,459.6401115689647
1388150400000,3031.821506713677,2057.68687545175,1156.60043049973,136.8636519154342,408.13595272280514
1388151000000,3099.9289315704705,2109.7497831431174,1096.5317721390068,136.47391009594742,428.5818332170725
1388151600000,3139.382951792185,2197.9815100036744,1049.5188182651862,143.07354538570132,427.84502741060055
1388152200000,3183.543714053535,2238.095821878603,996.3777464880772,153.57757694592587,366.63651800376914
1388152800000,3381.424310422322,2155.234905684536,1011.8692248782012,139.09961927571337,362.8221874728068
1388153400000,3593.077108834268,2275.7598197693665,1199.4342769351074,138.79481474178834,362.6423080173464
1388154000000,3401.3778955686307,2347.1016425931866,1118.1194253599447,128.36909416026634,341.6029495868082
1388154600000,3594.8754383123573,2326.1878985202734,1049.994926626492,157.53605801957238,335.5385861408789
1388155200000,3398.474140585437,2419.3566208170755,1112.459326951347,185.29162595400214,344.3399562850875
1388155800000,3491.9348935771814,2326.2321083643697,1112.9942962500681,157.5271556128619,344.8997492859431
1388156400000,3529.389602901441,2480.852876240122,1073.6423387161783,196.82742938980925,348.21808328305735
1388157000000,3736.695407525184,2475.1893010488466,1203.9985388763014,188.4288601569905,330.1216366289766
1388157600000,3915.3143901306908,2373.2213620770194,1062.2926054340148,146.06909470713413,312.7393386521832
1388158200000,3998.8893005348905,2427.356847740645,1012.9764887113655,112.06399666541736,318.67493417727644
1388158800000,3823.4971089591463,2556.055394145472,1053.4210004837823,157.372678523281,311.16854906046956
1388159400000,3805.238222726099,2396.5225034501623,932.9009747638141,151.75438195487584,327.2412392434769
1388160000000,3714.814137578865,2362.734168035865,949.2847646438208,164.27883415218568,341.1660989503844
1388160600000,3409.4655866269104,2200.8246566188927,942.848100493919,140.13923647390988,346.1512278502639
1388161200000,3307.6834635240552,2342.473974297449,930.3616234264712,114.95536357543244,265.4443370919533
1388161800000,3418.9051613738065,2064.8091515668193,832.9011242060106,119.87981767202365,353.0329027535405
1388162400000,3455.7335603821643,2288.303891998474,805.0899604387332,146.5611126896136,324.38613152058457
1388163000000,3311.8246324797674,2098.718944656336,725.5240562163655,117.75103513870677,284.38595249689524
1388163600000,3215.921241149351,1933.2222994697627,653.022782705996,116.87899625647468,320.7601526749637
1388164200000,2931.8604080076057,1875.9279973172866,588.4999450809609,140.64500555441703,306.5582343743527
1388164800000,2936.008776832922,1881.820803225063,552.6314508673365,123.72140634676065,342.5918233434702
1388165400000,2755.6249898346136,1669.566874063978,502.0139658479712,150.39271059272946,357.67361732894017
1388166000000,2275.546920124008,1441.9925501065704,530.6207884290054,159.77873009585488,345.9372592031541
1388166600000,2191.8245384470224,1503.3444802853016,437.73282387207627,152.07516953054065,319.330535228736
1388167200000,1952.7238107678515,1420.7752712125387,389.48146099733816,121.64076635049832,400.3272789215803
1388167800000,1846.0907937679808,1350.7772429978822,347.68838181570976,129.75074647117702,349.6931450263672
1388168400000,1650.6556123532944,1180.4959427441202,313.9984832698689,125.8733168038971,341.67318610748276
1388169000000,1585.5812875763013,1033.7151038234103,324.24208746540455,107.4487590002818,378.5362339262566
1388169600000,1306.485602865186,918.8195672584976,269.1862049114802,115.6718797396601,373.14682738913166
1388170200000,1180.5993664269454,906.1584380014597,329.53274328221045,124.7482766095164,424.1041491392134
1388170800000,1192.508712861781,759.1695323165818,287.3400112961889,126.22264205198577,398.6388901489428
1388171400000,1106.9406518055687,822.0265712658802,265.29356399151766,106.67754957791648,387.6221409421255
1388172000000,1005.8606681022494,757.6056382987416,280.1100849900527,121.62472662011865,467.20782426895704
1388172600000,852.809643582402,804.6648380343755,253.77595008331363,95.2768002695174,442.8772802951865
1388173200000,656.1356193760619,538.7062260547158,245.81850908286464,101.39585325208748,474.66782978251143
1388173800000,714.5636652362655,545.6044976952636,278.7320882571953,105.98240202329528,472.22965217798964
1388174400000,615.9781784999961,572.2192044253698,256.99101342056906,102.15334018012983,454.7848398102385
1388175000000,492.7206931633505,515.0937231063226,261.43128753901294,105.63040411985538,384.76448413321117
1388175600000,550.5699323658025,417.06060491361734,284.8549304662318,118.85959071674858,383.60649424517817
1388176200000,485.9340450899573,474.58742658649516,223.40748909354812,114.28873129041693,395.120866746235
1388176800000,600.8960109330582,673.4204414084439,187.9352764249867,107.57866378433782,390.516203071994
1388177400000,457.872969452169,440.40929465343504,201.24683216787517,113.77612903569523,381.60249348296867
1388178000000,711.1391023993469,628.4056964402108,463.60452782103977,100.03995280425356,413.6202016387177
1388178600000,455.96374746444036,398.9394084381186,184.69966810393953,100.69228162376177,447.71268137229816
1388179200000,419.76800663088716,386.45961722459435,174.82952320030358,102.71676128570914,422.0515360919628
1388179800000,409.6323654753251,461.4908352828328,162.10177327613042,110.32913377004552,512.3903819204289
1388180400000,332.78192066065697,326.9380201797136,168.05592230433493,105.31344470146202,440.21257265955734
1388181000000,359.45144986402045,345.66068321521345,168.59135508250452,115.60671661911921,442.4394510063657
1388181600000,335.56699879984717,329.2574337762011,160.76340721370516,110.37941217531419,496.8005318609177
1388182200000,443.8479903499888,408.705065434412,175.75621853409453,95.5820294868888,495.20029831639897
1388182800000,288.49959794449154,298.94448184263337,159.09376269119102,95.65879007102829,484.6654191565461
1388183400000,218.93270154044345,302.47200743941414,142.40204150906104,91.43793616581935,501.33679601590393
1388184000000,194.48525620972765,316.15124379193134,163.1715650659765,104.82932457455989,428.23596227201443
1388184600000,201.32106769012825,257.81591742649977,153.55385655428117,97.42291458595075,418.87218930944664
1388185200000,222.2398282845001,267.1001448507985,115.71864927651463,101.75653457104907,470.2848807606052
1388185800000,236.45315649173662,275.42353477246706,163.79497024396625,102.77025649399475,413.20828415956765
1388186400000,212.2607803433949,247.65066778317797,138.1589790746251,97.47174381214064,377.92350096522244
1388187000000,160.2816679172873,282.5642451579444,121.09516115639418,99.87398627515644,371.07745532157446
1388187600000,113.86957650472189,247.45465690355175,155.63843053160798,108.54447233881176,302.0049434716766
1388188200000,113.61785250694831,224.36600180466144,139.49870642594786,104.54957748321044,308.25696923426455
1388188800000,132.1310208048289,233.53332134197493,140.1303958247317,93.82561812484131,303.4243145036229
1388189400000,76.01839167722942,175.34960770913642,148.79194991161242,92.3663458124176,293.3505666246431
1388190000000,109.10137464784037,201.60156537418732,133.31191716437797,83.64109638109315,268.62250796173987
1388190600000,92.90308438697853,181.03162591125044,121.40151020001953,87.83638465287012,276.9090178231057
1388191200000,77.42603834759022,193.9984250629373,164.39701955580713,92.4743717947718,261.88256661953125
1388191800000,79.34326266165587,186.20953646921853,120.25949895385627,96.23258526174278,238.4030320189887
1388192400000,100.18990902124057,183.48837166075398,110.34126382816962,75.02277562812196,262.0294363682054
1388193000000,81.52083438226201,207.0161207239235,126.20684922997846,85.23500142500839,221.6219113922636
1388193600000,98.0806655248972,177.0392459072334,111.87086513695434,85.97279085962083,202.1317811348251
1388194200000,86.33959298437487,169.92273494979003,114.32940608826091,77.13695685676319,230.5241954090361
1388194800000,84.33975878372179,174.80336000160955,119.4608381820728,80.01578827367568,194.80005259334496
1388195400000,88.3977373138016,169.784147856166,128.02175951036347,84.57892419317969,175.45060353263054
1388196000000,78.69043445022159,165.92809657304653,104.11121311271351,94.81680692458474,184.19286463538822
1388196600000,97.87475316107812,169.46844370685122,112.75654566543386,80.59750264485737,152.44509654596118
1388197200000,83.36973960786334,134.4251276304263,93.52408483665522,95.44613689013912,127.19234958222228
1388197800000,100.96734288397873,146.70349353271033,97.0371529024838,85.81254717321747,157.25149478259056
1388198400000,88.1381632587593,153.11581889442778,111.64276889909436,71.56443693911332,157.09532157553193
1388199000000,103.88384870084965,143.4282275268091,104.2301854482381,78.4143393407378,146.45950142248046
1388199600000,98.15988327974421,150.99508565392642,100.1251434355067,61.796544563585435,149.1276545087165
1388200200000,88.29004176036605,134.4748698872809,113.54580852161014,65.11719285514846,147.89542123382023
1388200800000,96.66505537656026,124.55011839259905,115.0967872975508,63.693144678741376,150.0959835147234
1388201400000,87.6760721102156,134.04039659893374,119.99482928878496,59.743496341140876,164.10657291222847
1388202000000,94.83981643987968,147.02888921194173,129.70401564940678,63.36030890138882,126.12190367028714
1388202600000,97.54120034057927,152.1402708257933,109.94069852695446,60.18577363510825,146.94015870062668
1388203200000,101.5475612508997,146.32153083358173,115.18865162508156,57.87782853578507,118.066325227113
1388203800000,98.68360090246946,135.91171475651814,151.76151173854942,67.37179540245106,113.74527934402828
1388204400000,82.32934940688318,148.160735865481,122.88281990652052,61.491740275503936,107.81638719515486
1388205000000,103.30386413197037,143.379579967678,105.8117937221912,54.270821377213615,127.32156835072011
1388205600000,110.78974914196083,166.90486156872524,131.54396744370453,64.69885956550429,101.8098560452502
1388206200000,106.80841709900794,151.17740719800827,102.94907320160424,57.826577204183266,111.80375611680292
1388206800000,81.51654878722142,183.5537978656122,129.91246809228647,59.13376886619779,101.71894033049244
1388207400000,91.24360769033835,144.1439566055417,114.05491904990768,62.89335167223696,111.15922621780068
1388208000000,80.12041510065112,182.03081210182754,110.76338464073679,56.402495411722775,104.51971104452088
1388208600000,76.41922562139237,172.7116258287105,95.24277692572437,48.641212905310255,112.34819039116384
1388209200000,95.84957516862151,154.27263214760248,115.14655332606426,61.24822512082494,120.7515180415044
1388209800000,106.98174738820519,190.8733024677257,109.64054977088956,65.44009152368108,108.81011318656286
1388210400000,114.5706538375752,205.71010228935134,86.571891254002,59.1658525258396,108.96215597893176
1388211000000,98.52313995022949,174.9439644890153,124.65048563822369,68.86217935732212,112.77430366454443
1388211600000,122.2034570550848,168.6261280880401,128.73770049823196,72.15683500302235,106.38191426905442
1388212200000,133.88574082577614,213.1151643685074,123.22227935886197,70.87645537033161,103.61551345452416
1388212800000,117.9677348315991,197.53609245050612,124.73132714257726,70.05023382905988,112.72958767777197
1388213400000,137.6906322105937,227.39049466836423,160.4233269738667,77.65296466525056,123.61959464975511
1388214000000,210.5321460763703,225.32152289043296,114.37734968164804,66.94015562034764,119.46591342956066
1388214600000,123.9849628000115,235.97080893651884,133.5918767927129,71.70417039842334,138.14523834542396
1388215200000,171.25076508905565,261.37380041748173,153.6486215782573,79.12124476441649,129.9609559580217
1388215800000,165.6050073055235,247.53765473269772,163.38056374110212,67.9918420871897,149.50659913716882
1388216400000,171.25246175302235,265.9940789707778,238.92026908752692,90.56263136645296,154.32898473760963
1388217000000,157.95318217431446,295.53257511567494,226.77682977153054,90.93026682937621,158.8705693601843
1388217600000,200.08358767672908,353.4111543698847,223.32510737156093,78.8702076818668,179.2440207530885
1388218200000,183.00705878616557,362.0410616973785,216.68274289067526,106.5406233304279,165.47578834602803
1388218800000,219.98206406751282,392.5693827111883,164.94027730160548,102.6432852713668,156.77287292590034
1388219400000,348.5540803951506,427.94809413007454,217.65163052143095,85.45713173901459,165.55250826655512
1388220000000,325.24323095027165,444.43632825112695,230.6631361013405,103.07391067511556,213.23597788987382
1388220600000,428.255468669672,492.3853032591245,220.87240527542815,110.07481110313914,145.9997671902927
1388221200000,540.0003827399015,540.8261310203796,216.08045521755267,89.25935252799263,181.8830875514415
1388221800000,581.370325410127,650.5647102388175,250.93845792645763,99.03363482132053,205.36672869116583
1388222400000,680.8831717575567,707.0001653355039,242.6858642385992,102.36762725476504,239.05155904884091
1388223000000,789.4464672997715,765.0299137406487,245.9678356794742,90.21620201388473,243.10570605997614
1388223600000,970.4200999996922,741.4772521526726,269.024669548186,102.55828019819529,205.5032426172268
1388224200000,1150.3802793415255,840.3264974074907,262.6613763952472,96.99700066007742,233.0932727837164
1388224800000,1303.0986229447738,1036.4603318149543,300.45015518008046,94.7722291769085,245.1807020188899
1388225400000,1509.9781791933226,1031.7385174633785,293.1581742644683,103.77995030493028,261.1673080915042
1388226000000,1653.9262390797564,1182.8743940812315,352.67761899896664,100.12731313766261,234.93136550361388
1388226600000,1717.4707623291395,1191.4333117562983,312.8379170718496,101.70804553746711,254.57531598294813
1388227200000,1823.3931533557072,1259.7426903989253,312.2771730675214,101.65038078263228,250.56011039820856
1388227800000,1986.4071953059445,1434.4658771221268,320.5257581080352,123.86764838700891,204.41314715963284
1388228400000,2061.450992520163,1413.1526763331392,359.64063959190185,101.56883322632544,278.44520664402677
1388229000000,2011.5145120936236,1515.1040646604195,348.65583090334826,96.3866753059716,293.1279827283583
1388229600000,2198.7294680747605,1438.4484466792635,368.8430612639466,107.08464247375368,282.130769254153
1388230200000,2351.0957707474513,1430.5394245702576,399.96035982006316,94.23092678761292,336.6545695326358
1388230800000,2238.0006041815964,1458.1994982711865,439.33182269184266,107.81409351950182,302.4249375003389
1388231400000,2453.3572257221053,1432.724848455012,401.2677545501304,94.9781124965312,291.96490324403146
1388232000000,2349.3401388556927,1615.0492805430797,495.27860841772525,108.65938164552728,323.8492221154928
1388232600000,2410.7416396435005,1664.4103005101028,561.3623036757531,106.76268758622167,349.5126596495096
1388233200000,2536.005507824825,1579.064289599624,475.1610713873548,113.79186270363063,312.8556144963687
1388233800000,2482.3631587329205,1709.8211489502476,466.2205814693602,123.45749564704353,344.2369527499134
1388234400000,2472.284426796049,1591.0774263542557,447.22077986299655,148.60581634292186,389.02126091173085
1388235000000,2568.7363253598987,1670.095870116264,354.321841246626,105.08143667972661,339.90602901239663
1388235600000,2878.4980994541934,1452.0120138822886,424.4720077985508,88.2236035254231,353.4127794429624
1388236200000,2798.8009804354247,1587.469946498123,436.123201013622,110.9380645968348,373.8739850528777
1388236800000,2857.981377146072,1689.53825934829,387.7062464275103,96.21321286765853,319.1011807344967
1388237400000,3042.0255110568755,1541.6922350948778,439.06702672482487,74.70907362021768,367.24573180224974
1388238000000,2954.177217954668,1691.339254264873,432.03220209974785,93.64053165481428,316.49712220829747
1388238600000,3187.426441861401,1763.3855803085796,404.8649805503317,95.09555431984026,323.07021371188563
1388239200000,3126.5075236501552,1773.4027966829196,390.3384080223126,102.13421451052878,365.1263775214855
1388239800000,3301.109536196781,1625.6251967447063,412.95344434027675,101.79667151847784,343.26426361751066
1388240400000,3138.4053556938134,1980.994036056464,379.5668021997379,92.38853259129174,303.1964578906504
1388241000000,3273.88297647206,1933.9609239552371,398.9605418023952,119.90424945082005,340.80875259651947
1388241600000,3131.8346605510847,1908.7941402592958,389.1668985319322,98.34444334501065,349.3586692878007
1388242200000,3258.7269149179447,1823.566082598103,482.59391616306345,85.52207972892087,299.55500975061443
1388242800000,3473.461341099007,1839.2020755038648,489.98935786445765,86.15227692400505,371.55168993123425
1388243400000,3297.780452132531,1810.9577440071398,473.9823880578413,87.10821015459595,350.6930097332863
1388244000000,3432.6320390320698,1978.9310282155625,486.73242038976247,87.96527501760747,326.62487655185356
1388244600000,3180.690542421348,2062.0067369743933,510.3447351683166,90.49043130660252,350.85158576206186
1388245200000,3415.463662007237,1874.9777156962036,487.67625296035203,101.47539934802492,353.38722529821354
1388245800000,3080.5429317898743,1769.1229258771223,420.18575305958814,103.71590238946115,327.96350781650324
1388246400000,3044.43368322115,1953.5237288904218,540.0936451889928,103.48270461404651,359.9285068833683
1388247000000,3138.556925249786,1788.5547712940368,549.014778841725,117.542090520331,354.1796080030021
1388247600000,3054.471374823563,1906.8025819407162,542.5203297735322,104.0963658085797,322.3210773927108
1388248200000,3055.075535206394,1768.978916163536,415.9619134158793,100.54171325975656,365.97483780869123
1388248800000,2836.1295657237806,1733.9395204295786,388.11436982398556,114.47193795089233,375.8855118439448
1388249400000,2801.669512991851,1801.8083054302972,402.08604432046144,108.88988371714187,335.2943411529873
1388250000000,2934.785972744007,1527.9477386172402,332.16568015450304,95.61735489775862,321.22108994063086
1388250600000,2710.7748106923386,1725.6436207795841,417.37039644505995,105.8338971134922,343.44771207207873
1388251200000,2332.6311864953313,1495.8231324913804,350.98048293873893,114.63102518324308,279.3958846697422
1388251800000,2202.0606288708223,1442.8477425510246,351.8437912069284,98.80714748962643,309.9867423561147
1388252400000,2173.9857222601886,1356.3647219835248,355.868327772883,121.42535678561617,353.14547955990514
1388253000000,2091.8197187197266,1384.698123035746,345.31249622432097,106.5578987912486,290.6601910312181
1388253600000,1877.5806431616911,1278.6340862099123,405.15575771021946,106.79030507524253,293.9466814990521
1388254200000,1851.0610636796177,1135.7922850645662,352.5524317338044,118.20692659053923,349.87377342251847
1388254800000,1680.3822297327267,1108.770451301479,378.8742020166513,114.13268599987822,362.94922780067
1388255400000,1621.573902640373,1174.2275775757903,416.36885303876784,87.0402669065923,323.224612734544
1388256000000,1568.4884989264096,912.5445703390106,371.0714581583568,111.29584782255256,306.51696383818694
1388256600000,1439.0989366419074,805.2264265052551,369.6979473243165,103.53746740517052,324.0594917247819
1388257200000,1380.7557539289498,779.6160640347068,332.1050116018518,95.56111357329681,358.68250803152176
1388257800000,1244.5965033699429,692.0603430576057,282.47788132530405,88.61787095297979,358.41980355087
1388258400000,1221.339607625185,799.9719102956933,299.1946783452111,95.3735961317443,384.18766438466554
1388259000000,975.4151307091132,724.23597646289,327.6575172905719,98.34692402683302,369.7904807814647
1388259600000,791.5003021778583,578.5688945937218,291.6706332415861,103.47485229470573,319.81737456862004
1388260200000,860.1095028265626,596.1596195139443,296.46857483412015,113.68201471056811,385.9682184968525
1388260800000,719.1161076096937,515.2244484462209,276.045888370255,100.03340327028036,420.4760145688774
1388261400000,674.5899044829815,512.2479142477936,253.49766240949413,97.40835139872574,454.6568370556854
1388262000000,688.669259444191,421.26922751616706,313.6535819356273,90.64693780449419,411.8356503956807
1388262600000,682.389581366666,478.9230965845649,290.0396931859131,91.66534675723648,446.1121302640725
1388263200000,726.0312904223566,413.3594455809611,237.30477063902484,98.32044760052777,399.44788445014433
1388263800000,758.6786277750109,435.10867079674654,280.0922671832215,102.0032123118524,445.94051163799156
1388264400000,835.4303668417897,464.58304962001347,236.58073808631198,93.4226290172008,433.3530194308882
1388265000000,699.449484811609,539.9874247135431,247.81437140585612,97.57683841467929,458.34653008050157
1388265600000,579.7551252476701,477.5964443833456,214.39000071474155,92.49629778175218,465.04010155491176
1388266200000,478.30732495249055,408.05224624948215,287.19513946737425,92.52067630015185,454.5020479168467
1388266800000,457.93157494884963,370.3289774507497,292.57184112277724,105.20427770351509,474.1154283670851
1388267400000,396.68656737479824,315.8852958968377,267.21327441954526,114.66702409828702,448.35751909966837
1388268000000,374.5828674800076,276.5439975718309,255.21874571097032,105.36013415525322,448.48469271137145
1388268600000,503.89643377900467,246.93829270480447,282.7576783971589,105.88676080853513,401.1937381185456
1388269200000,309.08365991260825,298.35461347982135,318.4188330507368,106.50988239838476,407.91650644875915
1388269800000,309.2608928682297,338.72646651464544,243.34531379396094,105.97621519320423,433.35338683114907
1388270400000,227.3470556306717,266.87615075096676,258.2868833715955,123.61389001991279,428.9829667418669
1388271000000,285.9082340961837,279.8315806720132,204.41488743641435,132.3551820604048,421.6230471174999
1388271600000,288.80142226972856,311.6149686165782,179.1780632817977,120.40438853367928,425.14259111739386
1388272200000,204.773865699929,244.71820983028584,169.42981759106905,132.66302971317234,357.87404593977067
1388272800000,222.83020169500185,245.3905780001775,176.5726218179539,143.83052170661622,372.6567799601887
1388273400000,158.7622787190231,282.1723217699543,188.96855052716163,164.21299535142998,369.692333885752
1388274000000,177.2350639371137,199.0922363656469,173.31626436059875,187.78062295547105,352.8812544820671
1388274600000,153.633904581446,239.57822744671748,235.16214420439857,160.99888421325673,328.6310589998243
1388275200000,144.64566903307235,214.65573013991693,233.17780959442268,170.09823093364423,322.18978634689864
1388275800000,130.02809584571608,173.0564272425933,198.8033999781389,153.5432962131151,300.85413492815985
1388276400000,120.63638474442506,197.51324716580996,189.88873718312942,141.81517288501936,274.5305009401628
1388277000000,106.61629250714506,181.36215217004178,212.65695644486004,155.22980212668344,308.9756092362904
1388277600000,96.61804094444659,176.1472093424107,241.81886955512726,179.669331451721,317.04403301632215
1388278200000,94.42063795668764,166.59883476882962,244.94526921599524,131.01854257090125,226.0833079277849
1388278800000,87.56348487322191,170.68892930073483,192.0554848034457,125.86532245912092,238.5713894743299
1388279400000,109.31528640348107,183.7543096687431,175.86738096579447,164.87964083469427,268.4182470292489
1388280000000,112.62058534428607,156.2379232922386,212.35396917264242,148.3428197442479,204.03932573832117
1388280600000,103.63930167164368,161.40245221161155,179.81029371762153,138.47191356421953,158.32085147420835
1388281200000,85.4235912563939,160.69099053551105,166.5242945114429,151.6492959621154,195.43771871165308
1388281800000,94.76049213858984,164.15238834437216,226.3432417575996,145.50486209606908,186.18563708579265
1388282400000,87.24418370884912,142.04004874467756,173.82186602495932,119.25796627968778,161.650574187602
1388283000000,92.87855981412345,141.1414836296385,132.53368046986617,115.2838848188849,195.28263472491173
1388283600000,86.15949024333507,132.95937459724004,131.95234654162732,91.71314316719761,182.148635966018
1388284200000,105.07232218386687,146.01069926751313,107.2179207321693,96.32800413796173,135.45443137513
1388284800000,97.1295302988268,154.21746785505258,119.30231465410932,99.55212796751562,171.6437155831249
1388285400000,118.36705480585351,148.00333318213626,106.99940627238689,93.3899288810371,128.32154687068618
1388286000000,88.78642698849198,134.45059447798786,93.75488705487088,84.4175728994789,132.59097613033083
1388286600000,80.0562891364999,143.9966426671606,105.47302913430298,92.47121774195477,141.3176715108071
1388287200000,92.43284882115825,154.03365962286054,100.63051875859574,89.13818619146849,101.68978033066251
1388287800000,102.89086909974017,215.59010483912476,102.33879106974986,91.31610598352412,108.8020962089434
1388288400000,120.50551483850172,281.12179767752457,100.03739386320404,86.85991191825032,108.83426054717236
1388289000000,96.10713707499221,157.25486257700362,76.18664320175132,84.76829331591208,122.71100981272802
1388289600000,108.22171136592681,137.3811145253892,76.80640360683937,87.00537243484895,89.92889330383686
1388290200000,103.83158300847856,140.05226871591103,81.8583098225712,89.99308418400747,99.77913496090108
1388290800000,117.75121950245978,152.1956660449488,80.83215339728635,81.95897125614974,92.64195963729316
1388291400000,114.9389978771233,142.5842152767911,79.08425960100656,78.9982921363505,89.94012161564191
1388292000000,131.89165378757545,134.23290740276576,93.73884505276679,83.44300730253325,88.52044275532764
1388292600000,149.63088166496172,154.08315261089717,78.25657287186593,77.8716930707035,88.32781439087601
1388293200000,152.30010514123032,157.4626824793737,77.24147117935658,80.01399547302324,81.17247326282202
1388293800000,98.48543938369573,185.10441733338,100.60729832973112,86.92290241583049,87.64827621972012
1388294400000,133.37281041766585,143.34818816502082,87.35328226209138,80.60676343642571,83.7823063493982
1388295000000,102.04808729194748,149.84563466701283,72.54162056950601,85.77243435954654,91.7501435560268
1388295600000,127.91924080569194,151.62166264680613,93.55668528576084,93.13082617758388,100.88587562575488
1388296200000,179.54261488758092,165.41441752334012,79.55950646571242,77.91568204321288,80.24716950658822
1388296800000,140.8952787903378,148.4034939673782,90.35754623386136,94.51261256548202,98.1965892526472
1388297400000,114.41477506110736,154.63828491159495,86.48552111245799,92.35070008815029,99.6659967389544
1388298000000,137.47550699418173,174.80541592554317,84.1498531783912,84.18142191067639,104.22867779242728
1388298600000,140.04897961082565,181.3626865694868,83.75053516226754,84.4493018129796,89.64964004379155
1388299200000,108.50425392676442,184.87496079880108,99.31663217072412,103.08647598763275,102.54249458105896
1388299800000,159.15293619748658,209.28122147503103,107.92635188160006,90.34784642780029,95.34247432220587
1388300400000,120.27529327357666,198.98030474118823,98.66229206088262,104.65478963934324,99.82801821833672
1388301000000,110.28880933311002,182.0618195598697,112.88354904258247,98.48332055936432,117.0168521975752
1388301600000,172.32618060464688,210.85864666752894,114.69480032468009,88.52355161561697,100.34140449542056
1388302200000,151.87683492563804,195.10962905365278,86.1945582138508,89.35549117459009,88.52757750841639
1388302800000,235.59480266451564,236.13837624525272,115.60416280562349,99.0512210621034,140.5944101453297
1388303400000,206.69804234286886,299.50768896675993,120.29426046923507,89.71984792887477,129.1933828620062
1388304000000,152.32051239329547,265.736990632959,120.12686281647059,94.59261357665348,111.40631513961708
1388304600000,223.0376015081426,297.36867086438923,138.52417979285798,100.67836552826024,146.30878196685003
1388305200000,269.932124256155,331.184347030638,154.61675017105628,95.29032556656178,117.87241038189632
1388305800000,227.93751210077377,328.4264203508186,134.0663116508096,93.72438406084797,125.61822510782216
1388306400000,275.04891124862104,339.98638594898665,153.7093616471581,101.84921558523425,155.73760542593203
1388307000000,322.15542002588234,350.5036637667207,154.2717163589899,99.07468088570953,131.75758088130578
1388307600000,446.68416598720313,344.9005817051573,144.32845410342068,109.61049946061812,151.5729300103537
1388308200000,582.6552915378433,364.6320205518491,170.93527144725655,106.71087584778405,180.35364220784044
1388308800000,596.8278479500613,424.52836293566594,187.5918183788486,115.77307145237411,209.0796370156218
1388309400000,606.3821863287773,458.99134991927787,165.70648593784435,128.17641000009738,169.54576231650034
1388310000000,747.0645175662315,439.44148906302576,174.17469205190093,149.72692181785,185.20647428887625
1388310600000,886.4267381190983,627.8333404803715,175.9271709023417,118.54925205713305,223.5651492319963
1388311200000,940.7550167430699,591.5747804876062,188.09114083599349,109.17911706570844,198.86172887846436
1388311800000,977.0579875895074,652.6802062819954,160.46479983777584,115.69348876163349,199.5631590125217
1388312400000,1221.5861182950682,727.0921941622182,202.29349572193215,116.21080401328945,223.90777523202198
1388313000000,1192.5786518866755,654.4110181177879,205.40410201600486,116.67510118530316,197.43518623745598
1388313600000,1478.9925210961162,738.5231122133303,188.67033312723638,110.27981512130643,218.5201797352707
1388314200000,1529.2079666034076,793.7841465663287,189.67155357274862,132.55384358483855,211.69557520686232
1388314800000,1659.4282760157992,824.8068528654261,228.009838344685,106.8571761162652,218.8247335528508
1388315400000,1801.9165012952028,848.9019843818751,203.16840567424728,112.33702439929004,240.70016102652556
1388316000000,1746.1732207648365,901.436265154827,233.07926443729278,100.84307798815811,244.59275479112074
1388316600000,1940.0934246178033,1083.7102957065265,217.80850803891803,89.88540925660557,275.8388190080573
1388317200000,1769.2091644509505,1106.7653771057264,268.7320911332097,94.99872898618521,279.4143441625023
1388317800000,1920.4866226903575,1024.8593091669634,237.12165682352955,84.28581000026728,266.8209809671557
1388318400000,2055.6116998312605,1030.0126182054219,255.14286162874393,87.63555348865286,270.46453383587937
1388319000000,1944.2370584747994,1022.7294905991464,275.5105308086384,86.51983152066477,307.5565318926582
1388319600000,2018.5822331115673,1073.1502450353855,277.8650958162695,112.37824322869588,300.7792163125524
1388320200000,2159.8435744260264,1029.5429249831652,273.89364841496035,80.74564373896621,312.0436191018947
1388320800000,2052.2087863288884,1127.6932128874816,297.3080943758784,88.79265013819351,298.73029256778386
1388321400000,2048.794153181379,1044.4859886929296,277.3898639985947,86.87838407067984,374.5884079478015
1388322000000,2129.7646107238784,1272.2215718056243,280.43440219907984,87.4155448076498,332.2542036468593
1388322600000,2330.9723179841885,1077.4821146007548,316.13415055691974,86.28598627504279,379.2168884383644
1388323200000,2555.5047275572297,1235.374273475937,261.11599128042815,90.32011092218477,379.62836480530655
1388323800000,2734.658738944675,1269.6691022670398,321.0600498852436,82.36469122795394,346.52244918941085
1388324400000,2460.126585093313,1252.7977407625883,350.8856207082605,103.1072752639631,332.69170239139277
1388325000000,2730.6872658003836,1319.7879000371831,342.2741191355627,94.31555848563859,349.09734771578024
1388325600000,2960.8059759647585,1427.8168050748147,369.82311554111135,81.36959377825963,352.82078524790444
1388326200000,3051.530401815641,1448.2013193815433,334.2941015620621,123.68882874319272,336.9066852337266
1388326800000,3250.153551635895,1612.8191740138436,300.045108101274,128.85160712547193,311.5112357919767
1388327400000,3362.2285571335888,1692.7024085218268,375.877761314153,117.92649240418402,317.31870176888935
1388328000000,3427.958626913715,1790.9044530538836,410.3368910846826,97.57895431330668,300.4700411315208
1388328600000,3672.8964017699805,1792.2585371515734,412.51406827410625,113.03234876156624,327.16905399387383
1388329200000,3838.435768411569,1769.7725007928802,406.2122026965313,106.26931839131724,308.9436790144826
1388329800000,3956.014126315603,1748.9553116408529,363.6719801591593,99.82665489056146,315.4613908802019
1388330400000,4245.138821993006,1930.7384396305665,398.0396510460634,104.51539946954406,302.14442163503657
1388331000000,4006.978690038582,1791.5992559828192,453.81257733252454,109.53719729819628,341.01894524873506
1388331600000,4115.431946997717,1776.319482282843,459.0256561360412,93.84093654141182,293.5383666298567
1388332200000,4005.5485919796574,1946.7561851860141,360.1128691945324,95.18878318315944,297.2387362862345
1388332800000,4160.563392336243,2009.3108864037006,395.5558616043585,96.94654331739726,314.0224298744897
1388333400000,4125.932420150481,1963.1177589570368,402.41799059036754,104.03310346184774,276.77405161486564
1388334000000,3881.4984985948477,1850.5820002580933,369.95506266271764,100.96351882984034,288.6160230933293
1388334600000,3822.0889315012637,2012.2460681255945,452.5945565244692,106.32038675187701,298.5115182772401
1388335200000,4102.613289094878,1932.848593395869,455.6943314581622,107.40337110519499,291.23325750067374
1388335800000,3626.7215640614136,1837.1755430329533,358.7930625461068,103.48544686097736,304.8547307269804
1388336400000,3790.0307502793376,1846.6518329158873,386.3230884057475,102.7338604713869,310.26956137014105
1388337000000,3220.4681071836044,1611.5256372903923,283.8707198294039,100.6643890167621,306.9697605777338
1388337600000,3088.772316989363,1580.258097173937,290.61720587857087,97.05820154558633,352.3578895179698
1388338200000,2764.569263919593,1434.7171703494075,284.31756457662067,102.4767646844663,317.31741528812427
1388338800000,2656.0085454065215,1415.633771739617,243.07803738191163,105.41148334845917,294.6499996305565
1388339400000,2341.489419044393,1188.7636316345577,248.49274291613727,95.70455319235542,326.1828799923695
1388340000000,2152.8523782886755,1221.3254258853365,225.4031960479997,101.1545544730034,286.9146642757448
1388340600000,1945.4830939343321,1080.1159938038797,266.86852956422456,109.80135094698952,284.21522907581056
1388341200000,1649.9867637606358,1178.3902155076491,245.41794179837953,94.54585584423349,307.7845999061324
1388341800000,1729.0381501435625,826.1839677475601,207.69820376716834,103.09286337178388,313.7532419939853
1388342400000,1405.2512626380549,790.0978527073077,218.23915003131182,123.90148493801651,335.76301468842524
1388343000000,1323.1652597630202,793.6215043845041,226.50725694437483,128.05698444657568,332.41761243958814
1388343600000,1216.4025687870062,691.1770897122612,170.65078560412476,116.82409919954813,308.39581226998035
1388344200000,1208.8045836403164,672.2942760226616,162.86286576957133,128.72144252817753,296.1521729717748
1388344800000,915.6379696054079,692.8123034316143,207.54388544936194,120.00360212842762,340.68100783389553
1388345400000,778.747031058346,588.3548931161816,145.77979001447162,118.386203380046,403.00864914965
1388346000000,803.4202877326665,641.4038714928747,138.33431834229114,129.54726479047582,413.63271643128775
1388346600000,662.1728878883815,614.3457971608634,156.7525719650409,122.26843269761108,405.92749701278353
1388347200000,458.15285588608276,481.90851598935126,113.45796660315666,130.25186885933917,380.06591338627885
1388347800000,457.8950459071504,555.3610237575535,136.81375924302358,121.81703821109613,448.7927385709857
1388348400000,366.45855775934047,521.2767640111434,124.46855854640405,114.89178762955824,429.5410191691691
1388349000000,369.41531991376917,457.2144224037894,118.65595829401988,106.71168761738737,415.9831159432906
1388349600000,356.0029869061152,420.4084051585365,116.24299644893149,105.17875399693021,458.99300870843234
1388350200000,348.44120475415775,535.1374932372477,133.8281646775277,97.91613067482804,395.373202423693
1388350800000,468.9986877777898,483.52744885091363,118.31751861457892,89.03369832363177,412.2035737081146
1388351400000,382.3757308035142,472.18087222822965,122.92667486810767,95.76693451838446,434.29920937699177
1388352000000,314.9608390600589,444.4716602072104,123.13993370643905,82.26986471682503,394.48125305858684
1388352600000,239.85946554721374,361.23515016318805,119.44557661263462,86.25101571352532,369.3695275711983
1388353200000,260.6757953509391,355.31049184136856,124.86871790446199,94.19458178300587,401.6548564189532
1388353800000,311.04876521315487,293.2010025538755,109.10907916962591,83.87404164976168,380.5032549714646
1388354400000,207.87802101998608,311.4038236240037,115.23062350744864,84.11638259671946,376.20427119109445
1388355000000,205.9558830129656,314.02188491248296,106.22916496142231,98.11120103380465,410.7135878603056
1388355600000,211.72422076358913,262.5494023115616,101.2592860786145,95.24580826079789,340.6280407530824
1388356200000,154.7229067257382,292.4265552134673,102.0982986202016,92.13300816811089,341.73445087364877
1388356800000,166.8310347398962,388.0127516744199,100.79942022106444,105.64974421225979,347.1792771497426
1388357400000,250.89921934232436,396.71323669114196,104.02553225027906,103.49322024401128,315.5629702460561
1388358000000,173.73404513763563,282.9583095102555,106.18271543637061,75.52852065506687,304.05812117963586
1388358600000,135.36806840147835,279.06230543650065,106.3236055843506,82.22021853771304,306.75867272052204
1388359200000,172.60887638175717,276.7512786839326,97.61062342543786,79.04312068500201,290.26241950974475
1388359800000,158.9118060222489,220.47765945503326,111.74810821178384,68.40525487154547,290.4041899267861
1388360400000,122.56113322298752,215.55271303572746,94.4644052513054,89.47915907706623,265.2403135210101
1388361000000,136.58761944938783,194.85761274100528,101.55333688312551,77.97171836889164,223.64639408810865
1388361600000,115.67315178732572,157.34168169279366,97.75857704879465,70.85664138815096,287.99764885575803
1388362200000,104.17637975572428,199.11753929743728,91.3244606554862,77.6578418660902,249.17202147996056
1388362800000,115.31351107704079,185.58039240245367,100.0077498482448,70.63094634522795,231.78021304899607
1388363400000,94.98978420223892,181.1039972928862,89.94943747990366,65.57090264320885,219.7919462179058
1388364000000,83.57765869071076,178.55593626905167,84.90830060776167,73.45028486685055,187.89226861994968
1388364600000,104.54679229278712,196.50626703553704,94.38841268626678,65.62496703897337,180.21996248036535
1388365200000,86.91003155009682,209.3906701347679,89.35293200632529,66.91815465649091,171.86729551698733
1388365800000,72.42250807513533,217.6772542509728,92.22307473230644,62.97600657715965,152.73019807833026
1388366400000,110.48166709442275,157.9877044683294,87.13274681552036,58.556183845820335,157.77357326592278
1388367000000,92.85271957470532,172.7150138248753,91.11951136779882,53.77950909618675,151.72517006317034
1388367600000,78.4631387003419,133.05744731967005,81.7073656005042,63.00850796403797,140.93426592337752
1388368200000,103.29684575303726,129.45820775875086,90.95996662585914,59.38007708764879,126.4556174876972
1388368800000,87.12143296571091,125.35672775013191,82.30344838813264,59.65459384813961,125.23160818620698
1388369400000,72.7859328313643,173.32501669798032,95.08650782068891,59.65310528997633,123.01291695683122
1388370000000,100.17730042605248,189.5035592378025,80.85091579996693,50.66332699099418,107.40226415473569
1388370600000,77.40564754394444,191.9565948407952,94.20156925260297,59.8842659834764,124.38298749452686
1388371200000,72.18955740867837,154.2398288502821,140.1630441229062,63.742269991322246,119.94652411627943
1388371800000,92.12793380779735,138.14246572242675,119.32931211486189,55.53589697568027,131.04019050407155
1388372400000,74.9206394968216,151.28737348917926,92.50992175912829,59.917245011621546,129.2649795753926
1388373000000,75.83424132060294,130.28023347911017,90.52367412448608,59.967401253753394,112.02468937718837
1388373600000,101.89860518736116,232.68229542974316,78.27222436900155,51.46105861103789,113.03353997867002
1388374200000,91.43404169479322,201.85737711954133,83.19690481405007,58.101922823929335,110.43497205987232
1388374800000,69.27307324193026,175.41480673620526,76.20448390310978,61.4348140205775,96.91121875712466
1388375400000,103.80037182287352,167.0582419173488,79.22596801896343,53.512515264810446,106.02486160350354
1388376000000,101.64742908542694,206.0801256897596,83.90559146518302,59.22448669712617,103.3621622686957
1388376600000,116.34864393948936,182.9926991826046,93.82191466169,59.365007285701154,93.88581574488995
1388377200000,126.75091258488692,200.9755669249385,80.27142103871292,53.34419370834745,91.5868355958794
1388377800000,76.39617059710024,193.22432206184564,73.12342805753788,59.72524037779742,87.00783987943417
1388378400000,74.3818389192553,207.13707597556024,93.04912415634556,60.81626487534116,96.40060270201866
1388379000000,111.70768757623532,197.91612125098072,83.65797754436015,55.13642178702885,110.2842526042419
1388379600000,78.1621821052949,197.395963180771,87.63406011171693,57.903318714693896,96.65178518255132
1388380200000,86.48773097542454,147.93477379960868,89.50910156273987,64.76193181015182,95.87743499836913
1388380800000,110.77830037146487,172.77721403717476,88.6732901515257,59.95129708927069,109.48460186252488
1388381400000,108.12320568105496,171.45377253148712,78.60081389472492,67.64295203522505,107.23506963165865
1388382000000,127.88629118046778,186.1693365655315,103.48867756131747,91.24044613005826,115.1831240087886
1388382600000,136.12991852804893,192.75109276067536,86.66571878031102,70.7027896957887,109.10191809515172
1388383200000,158.99311903775077,184.63645289597977,135.57978591272519,79.71879119943911,123.02523448895357
1388383800000,126.19482248244393,201.39400039819304,157.64383754817413,76.41124073862345,127.67140281578139
1388384400000,148.77620647944414,197.43113874524718,150.543073743916,78.04810112713892,129.11459066404967
1388385000000,148.15585483379672,256.5154048458996,176.33702499974606,86.54172828973351,150.00566931664773
1388385600000,200.986699540993,216.73490141517223,226.4387703492322,81.56639627493371,165.40829817182336
1388386200000,192.82077430227295,300.3495408848552,247.54901178489948,94.36263743721271,141.80233890026875
1388386800000,238.37130698854344,314.2427969276325,328.23973232995905,104.36165418357409,190.01006544755427
1388387400000,224.2132623123481,298.0271352820366,408.5135471017981,115.97775108829408,193.46354344256358
1388388000000,287.7559753686079,382.8786953108486,495.0244522496358,118.6388581110218,153.8243870946405
1388388600000,256.83482277090354,446.70018452231005,462.83232367982794,112.91761205747439,185.2860012873546
1388389200000,346.09971495106686,554.038983574422,558.2512092223616,117.53752651822815,211.03681265765604
1388389800000,393.3032643313446,471.8254115823821,681.5230736564658,143.86216943979525,204.55126513016566
1388390400000,394.7191147791962,621.2327901008024,774.8693215104252,122.87948808570053,208.86127996189305
1388391000000,456.3137496258412,596.1910718400503,843.374424519844,153.6353057109619,212.21309189863592
1388391600000,475.1615720550305,626.1924227378908,821.847137774126,123.92049438666291,200.48565569080424
1388392200000,505.5949908017118,672.6128350405808,717.0169217677405,116.73941716330651,233.3557204320276
1388392800000,603.1714121437077,680.2178817458607,861.9994069387001,184.69354981068278,247.5281611691018
1388393400000,631.4236206319504,709.4882757180403,852.0555298957411,157.87740848103846,232.78469911936682
1388394000000,697.31532775355,761.6573902876354,871.8302171516491,145.27121006486155,263.4091181926536
1388394600000,643.6248790149872,875.5041305711401,921.1354372713631,157.1840688731006,246.03689857586662
1388395200000,786.9009780803142,903.8268216362873,918.5694540307763,149.3912031188297,246.37566188847052
1388395800000,857.0807018171975,913.6653006510394,919.6535660892538,150.43221941092395,272.73375246837793
1388396400000,999.9054350389725,1062.2697531994659,932.7271636508328,164.93084083724952,261.1991418854456
1388397000000,1176.2777756184778,994.1198158207577,952.8224266595068,159.41066032695727,258.8077027085717
1388397600000,1263.6932488058806,1130.8259063016937,946.9741426929528,149.05504114384064,299.44467860661905
1388398200000,1364.8509825413578,1073.268990413172,988.1217829928551,158.71920699320464,269.26281101818614
1388398800000,1480.7338826179637,1149.3972128443907,1029.1747686248375,143.0188221273198,240.64629874071628
1388399400000,1729.0629180881192,1154.260807085863,990.1258710215969,162.9151785004337,274.68309541277495
1388400000000,1875.023682931992,1213.4778547872895,915.5545928985323,181.4235033461185,278.08877937066586
1388400600000,1754.3786510880793,1434.5774258635736,923.6470473558106,174.89360698865514,298.40669072122694
1388401200000,1972.6141785090135,1453.8783852657996,1048.2710320449678,188.72181416423842,281.87388592519034
1388401800000,1829.622366964446,1362.1971047678912,1088.6437915707538,187.48204629148162,308.5847144759766
1388402400000,2145.3626195670463,1574.4742514169427,1282.797464633487,168.51361920317706,298.2951099524399
1388403000000,2266.079601315796,1643.3368243540824,1226.816187543761,209.20071109814583,306.0562096929136
1388403600000,2283.8763893300857,1629.8131053697612,1278.0937490652543,184.66455365159726,330.01648826401475
1388404200000,2605.286199553638,1846.740007302758,1292.041152272661,149.68343672643988,299.9309261651598
1388404800000,2418.3486615572842,1771.4006820360232,1213.5347125171807,166.8544222552182,323.25489881066466
1388405400000,2372.3201590078343,1877.992264932002,1211.330616926156,162.56587855853368,323.8077174629059
1388406000000,2585.4040215862133,1828.3368776377683,1256.1339806764145,135.92475849399142,372.3149722080857
1388406600000,2703.7353756757384,1786.69274779666,1104.969269781445,140.25450511247405,354.60205144469353
1388407200000,2732.319938735967,2069.6670207551015,1189.6218339487655,145.1594278726997,339.18563429676345
1388407800000,2722.6312506164045,2068.728786950193,1187.3547640544143,160.32341917314972,326.7983831753816
1388408400000,2654.879079238381,2065.3210668139795,1040.2626515364423,157.31555632940692,366.0013511350443
1388409000000,2707.290356341661,2080.512943553028,1182.8753474634914,162.63084621273575,330.21229110667855
1388409600000,2561.3773381016513,1993.8475325172406,1184.3625829904324,145.64805893151407,315.83208441461363
1388410200000,2593.7949373718916,2061.3656127396957,1090.218368904469,196.52817119781656,372.3099595688652
1388410800000,2620.946094768611,2089.466474099861,1147.5494479615709,176.75541139585965,336.9426721582773
1388411400000,2714.6570022460996,1898.5369559741766,1021.4254252989583,156.5108511303546,333.1159276673262
1388412000000,2588.654838751551,1922.202733375921,1054.9366417372614,134.67480138423102,333.896493524093
1388412600000,2698.9741170212997,1835.5992249779279,1087.8717062910505,141.07418892036276,302.79874594106985
1388413200000,2802.244418356462,1848.5031181774627,1072.0818238340685,136.47468071703346,369.70870812061725
1388413800000,2751.3753919748838,2018.8328046065592,1140.6291456771103,128.09299792345732,354.5853325254869
1388414400000,3087.4418265311892,2018.2983579388235,1120.8425133440367,139.3273978622568,362.3742462131327
1388415000000,2874.6483434914794,2095.4174454963777,1051.5142254397908,127.38063870319831,392.6707357647251
1388415600000,3016.77743687914,2049.3800495519586,1205.2944504920342,152.6812479898877,351.888580855003
1388416200000,2696.612157313441,2140.1616101129484,1126.9582601405739,136.47851518879145,402.157258235992
1388416800000,3013.824220557458,2201.826293221499,1106.588102463239,146.93334875271867,335.2850008386293
1388417400000,2889.672993698029,2065.526137657512,1042.2034786200836,161.60735379002915,338.46429778470656
1388418000000,3040.8075728491294,1921.8168749004385,1022.6056446156485,133.80637624994597,333.0647890120673
1388418600000,2949.980310661551,2070.40048391385,1046.596694549618,126.67140692833317,361.2888458309371
1388419200000,3096.0864432049807,2122.8123181321257,1066.0560310847259,146.01747177386383,331.8970545534421
1388419800000,2801.815648864339,1920.4551103847102,937.6248836830072,179.94471856437406,330.3082931726036
1388420400000,2822.535711758647,1806.843133738432,916.0347859392713,157.99087898569695,288.9122889608954
1388421000000,2695.8091011740626,1972.4460393544698,963.5493312108007,137.91672678266747,328.37291190601604
1388421600000,2590.978376847572,1739.898675650792,871.794505884879,129.70368567831483,348.7950027045959
1388422200000,2482.848907787284,1830.5193197204871,805.0538731817013,132.81263463527088,296.45196773734847
1388422800000,2497.3690466903277,1830.5942459724515,689.5304630035431,128.65658109224518,288.05148402093266
1388423400000,2238.396269438871,1529.1906184171603,653.6603367941237,128.52314193679504,325.14889897316624
1388424000000,2206.6846065316986,1483.7906583014887,585.0847581615193,129.81210379776198,329.17757528695347
1388424600000,2205.9166050987183,1435.4055753238276,595.4328832236878,127.73798454601592,381.4363513242355
1388425200000,1952.9391956313607,1268.5917939609403,546.2341976421611,115.92123648290328,332.64253842610844
1388425800000,1762.7012759050256,1223.0035794329995,553.7461714207786,104.212122059987,303.1859773599478
1388426400000,1502.8896415344727,1214.1698748881442,462.38631484628826,113.44965850339416,299.3698098275657
1388427000000,1426.5622986221738,1083.7649667930305,390.8521958236947,109.43535197927118,313.0193169774115
1388427600000,1358.5049461106162,1079.8497067158767,346.47031705914986,92.37316664361154,314.4151887567427
1388428200000,1304.0722878468123,1086.9963346959569,377.3691782974302,98.99830854875223,375.3168423568584
1388428800000,971.1267407912653,897.3352519506352,387.6357794431119,110.5359085398152,330.2359377831874
1388429400000,960.4437907680216,900.6991565043238,270.883988397131,95.17588940764398,374.0363609520555
1388430000000,1042.2490342503463,709.0064838902238,275.56812059893014,130.97130408049927,396.5579126338655
1388430600000,918.3336520923926,645.7011449347373,341.28655766775677,116.46684182412469,406.8512433158576
1388431200000,801.9572611928612,613.7259197891763,223.17794533757927,115.77419280055928,434.12828869557455
1388431800000,675.0664485292066,607.7125975762822,244.29477604208103,116.52037883836437,389.39893203988356
1388432400000,631.9897790563423,460.891516830814,227.14703940609698,116.79429297402135,417.50895543181065
1388433000000,499.5000468888621,424.2083214677801,219.6594649603271,117.07433268817368,460.10971392024555
1388433600000,552.8467387626455,476.15588961120073,185.1745507918642,112.07998767300568,457.54331033967696
1388434200000,416.8521080182499,559.5107837753484,194.30412053314126,119.77056490376603,490.35006515793935
1388434800000,367.76070323088686,480.4176654874728,215.88074017606138,108.67492303155052,464.44502930950785
1388435400000,372.9718268808653,498.8312189165276,183.53446523990718,130.59620885435254,461.02195120366605
1388436000000,288.8349574004402,457.06253958419876,201.18231925171796,127.05294864411871,486.0649466275125
1388436600000,295.3988862220812,373.08548139650406,191.90676818267352,115.25520140677169,510.49305012036757
1388437200000,354.97665233520513,456.1660801836821,175.0074403275305,95.77629450358152,458.2550128490617
1388437800000,300.263319659017,374.23137057586285,159.6387011670612,93.66008917843374,414.98935309590917
1388438400000,342.27763438546356,330.65562620894985,157.04004709550324,103.18335320639777,490.3701428353406
1388439000000,317.4841651604498,377.526997371526,163.37817921185896,87.2005237031611,435.2731752548206
1388439600000,250.39101890915128,384.81137863277684,174.48480191009378,134.8418493855481,475.0914296662548
1388440200000,253.80516089513546,343.73578384474575,154.83257982414952,89.10607177940611,430.2587996625838
1388440800000,293.27490582962474,414.6163471673055,154.14775988309435,83.87392776852185,451.51283882494937
1388441400000,208.17249796684587,360.23012262022957,134.07374380525386,101.15318083315063,395.60496947498797
1388442000000,188.0764203702824,304.5910299412516,172.8974587309369,95.57039658909257,427.223518795917
1388442600000,193.20609903645513,329.7756363004682,148.10214973694397,86.95132736553644,415.10874060128725
1388443200000,211.05149602295958,383.3017598199228,142.1619437439701,111.56339780797582,380.7146138010709
1388443800000,172.88682082761738,325.71266267056507,113.70799341825767,102.0247461937334,383.28257158967267
1388444400000,200.0936481775233,292.74333181280366,122.44039554476808,87.77263344348533,390.4903009977772
1388445000000,162.87023992499624,283.1601680620123,115.40860006434532,98.37834416903272,347.8479175533809
1388445600000,118.07369832465014,256.77949185754505,125.99771855356194,90.8145259285304,318.4920265079091
1388446200000,146.14798698979973,293.54673373345605,120.13554629113452,79.68546447823655,302.6143046940508
1388446800000,131.13623041404077,312.76273621182537,105.98413188049415,78.66460804509856,301.9832856251963
1388447400000,121.38002368967258,274.5863619545024,108.76902683647222,91.59882715718567,252.08950590525558
1388448000000,155.5585280876,300.2568568132831,106.78567648984573,61.725906641146366,280.65119996043853
1388448600000,100.87272069976629,237.11007248357998,142.60458123173368,104.16493154180245,288.6915898169311
1388449200000,99.89815469615029,266.65577464734645,94.62583341699103,98.65993554113464,261.08921499768456
1388449800000,101.16022325551968,289.260491410036,94.56854266074794,72.68849209975751,257.03843648008274
1388450400000,79.00063630303967,213.054411024351,82.72502128330305,84.87313793392393,196.12928397174386
1388451000000,101.32795207677076,240.0648643922841,80.22546705354137,75.82843652878273,211.28245469423305
1388451600000,115.16411631418279,155.61239040417206,91.79808334024402,57.81519971772793,246.2222686387285
1388452200000,75.3400244605983,197.69539190163152,84.37067670014676,69.58497296671023,205.58974396431952
1388452800000,99.30223858938126,181.85137013262937,92.30181569463778,64.81616429163425,179.18409346371496
1388453400000,99.6288889251292,161.96677477641845,101.38725305525476,55.62906694028068,171.91557725774086
1388454000000,79.39339216338993,150.68975699594176,83.9376563370363,69.22886420542618,139.0777137107199
1388454600000,86.09458075721308,131.88775435676425,110.06856282295668,64.06209746888918,127.94451411518897
1388455200000,94.13419439939024,146.28873082284773,99.07003001392529,55.51082392466462,148.70610302689454
1388455800000,63.747992958220266,178.37997296606298,85.13110394595381,74.3710188048792,132.78760162563248
1388456400000,85.69304805284013,131.16913240723747,89.66180575009093,60.391357580384565,133.42094006880308
1388457000000,88.15240487374803,135.73366947799445,94.41581225059402,54.45737770333496,119.85973881621145
1388457600000,66.47695495626475,152.58733771738372,94.20404786799035,72.25931513132407,119.41589111525369
1388458200000,75.47926091744868,131.56621616848702,100.6370268793518,62.27145888213159,118.80465163077108
1388458800000,78.5772052766062,160.84386052814853,89.0779123911637,56.210190122373646,118.05661751249416
1388459400000,63.19256916578961,172.51361855228402,97.97644562921936,66.81021364102521,108.26885339041414
1388460000000,70.8385476628305,139.63679038952645,92.97273791640058,57.47366428752526,97.31728796395092
1388460600000,77.61142840876168,165.85804112600653,109.10316727152005,57.05910032925346,93.57977818609704
1388461200000,66.25653265168611,161.54151533006257,80.27852979951727,67.15936201465558,101.09686705510032
1388461800000,76.11423871115252,131.63283261069353,94.81419750601809,59.97784731149811,91.7207862957491
1388462400000,89.94070747631717,165.25647816264248,108.60490044382874,47.6253765022991,98.47993607140884
1388463000000,74.00971044032482,165.17893988432502,101.2084022999747,63.908815433689014,96.57510211799766
1388463600000,98.51462295705298,144.18522339537716,88.85751725732968,56.38001923202803,111.4648692556981
1388464200000,113.21244211401893,173.5881807023872,92.03686114271991,54.52637566509159,104.12676788228563
1388464800000,79.53456338634331,146.72703563291472,100.15931160438475,63.492756970463695,107.6787471928032
1388465400000,111.47299568480597,129.58293916682462,112.83189715235353,64.04006856414487,93.58671567873805
1388466000000,112.5270060797201,171.03692726363386,122.59274983203065,53.85195068260454,93.72078992710864
1388466600000,87.35849683055106,144.90382848756664,89.45417530384209,61.937839688861715,99.20715771176278
1388467200000,103.38614189778885,172.72334727057114,111.01724410059695,66.61999487263134,99.98002415473218
1388467800000,84.37188401623543,255.3143427102109,98.05427394699558,57.40051466617327,103.9326189206478
1388468400000,116.97214012132841,244.6318955336263,105.64052644403834,70.4359648222483,98.30563391587756
1388469000000,119.17974652749515,312.1300561809264,128.16081975467046,66.01566475562734,109.4606983536754
1388469600000,128.42867513412244,277.3364647626857,144.0710906723452,63.61823944286482,117.05443343125891
1388470200000,115.8081616965996,298.4782856703287,130.08353232214228,74.37982375343238,110.28144552629064
1388470800000,143.73282246392225,270.49325729172796,196.58552509719863,63.22832762634042,122.72917561717406
1388471400000,119.44049220344114,278.14069965588567,202.39249101731028,72.34819723452019,122.72075438332028
1388472000000,114.8113348504714,283.4196105905741,241.1893190774494,89.09251181656475,144.04352360922806
1388472600000,139.77411840490407,283.7788450803442,280.40229115284956,78.44577304097662,142.63957087566948
1388473200000,168.49956817247286,355.4247938336392,311.6480244453662,97.9465962516227,146.84423034664846
1388473800000,168.95305884441575,398.75581902544997,295.57369231200454,103.85378890721725,153.83224366778563
1388474400000,200.11436030389507,409.5126152422729,411.48092133760355,96.23940294532365,178.47252423816988
1388475000000,255.48214418636204,422.6033236689993,448.9992586833538,104.37001691690728,189.10292749576655
1388475600000,316.224771782364,496.11262273865657,441.56304105678714,108.92241593749067,188.05922902660564
1388476200000,245.47092888366845,536.9897979595476,554.4348033770705,101.17486506934664,205.99854653715025
1388476800000,337.32106899005163,527.333343191736,569.0133797896015,96.11880009655397,194.1702799041554
1388477400000,405.9893332276819,618.8386091752976,704.6870266585166,117.49408965153148,205.70416866703133
1388478000000,376.41301387883044,618.7740542122946,752.0345551000511,130.3006323644673,187.4590574494538
1388478600000,455.2981338674655,657.4733143438715,662.7415577676239,108.72962109337412,199.44606051569843
1388479200000,553.0447239733879,645.5302366081632,815.0814600192174,134.53318218490205,187.03238276049115
1388479800000,694.3127470732927,698.4662437087698,815.3621060846201,106.67987875219211,216.0211189048977
1388480400000,556.6896786530369,705.4323391122031,840.374871989244,112.64743788851568,211.28518806023743
1388481000000,722.0833264624024,680.5186780609414,818.3610978802475,120.35097345820463,207.00108828330752
1388481600000,625.2338288556019,670.0835993316593,775.0449289445221,138.13922491281275,203.40803245194545
1388482200000,680.0657960185085,893.7720425228488,891.2940931645942,129.86577243678866,211.08912722564443
1388482800000,820.2875332929851,864.4848956677416,915.3949999378899,149.64147813746263,208.51092093722318
1388483400000,935.8274794365368,926.4803067163266,880.0369211484027,159.71766877929753,226.1695014465097
1388484000000,911.1555739133125,1006.2856338410364,952.7066927536505,129.580327922846,295.44954953969216
1388484600000,1103.2102925273102,1068.6011943428578,907.5040961259466,141.05211194367766,286.3779760066088
1388485200000,1238.525479658718,858.9881086183605,839.6371751720854,123.23275977930882,248.8838050412722
1388485800000,1092.183955141596,1101.2504049909685,879.7300692797103,126.87712942640168,309.34760223193257
1388486400000,1151.8066224201543,1098.0951202423682,905.5197983488816,128.5669866104714,259.2391223094868
1388487000000,1265.3225041677397,1075.2264539705632,836.5515023859122,140.2677122338013,265.94953625160457
1388487600000,1275.6365655430116,1268.410369239832,928.3642768566347,119.12649381394236,288.44083430855227
1388488200000,1417.899937207778,1324.2921158480115,918.1664073175378,131.35326277347463,299.6647523583932
1388488800000,1290.270220436963,1302.8592922298635,1023.8372109933189,122.90342482774602,258.6478997709239
1388489400000,1333.3857853981333,1335.1760285488865,1007.5561864994605,109.173661027885,248.32940506036334
1388490000000,1479.7868480090603,1286.0931285040353,899.567896186746,125.81910165703054,276.587735350865
1388490600000,1623.4965810184603,1394.2613942580713,998.515674985162,120.53282650596658,295.57800963216016
1388491200000,1671.8228561588041,1335.5311623687048,830.7441549273633,116.09580692852562,278.77086662784393
1388491800000,1624.055720252819,1402.8458833913603,768.0502992345448,108.0068111166263,306.9659477268661
1388492400000,1678.591112945253,1494.2851919984228,786.402319767178,108.90583997121685,314.41366815955644
1388493000000,1617.7354395343095,1391.8391474161654,766.0001200831807,101.63268338480773,265.08773851919085
1388493600000,1905.2390747407762,1511.4005818310052,680.9417606437138,98.77880217097793,301.3157571577948
1388494200000,1939.5058667931632,1343.2943049856442,604.3267184700908,116.28273734015731,314.1566742626735
1388494800000,1748.7542738303594,1386.7685110817858,611.1780021721955,107.41547712568035,313.060964649177
1388495400000,1762.4809611761152,1474.9857509792685,573.9145595605017,105.91081432017175,332.52378604825924
1388496000000,1754.4706728981334,1403.335939052547,514.5810899999755,119.2448383356604,301.47015293532655
1388496600000,1774.9301563774147,1475.6306204424873,575.4640196741304,108.59269477139061,347.3802259154666
1388497200000,1807.314847114899,1510.5417476691528,536.5563354575432,119.36512747075396,324.5224611666632
1388497800000,1870.0865525410413,1241.0190465867925,518.6689594114638,121.66843018666732,375.62693337326766
1388498400000,1797.6171565019094,1387.1882951300774,485.2487065180418,117.54023411705047,346.9416715614627
1388499000000,1677.4642708349622,1421.4564980923797,495.25875734560526,129.84490259613287,341.6545662102483
1388499600000,1767.3717114398291,1234.97312426714,413.4350728595991,127.08344020305208,320.6948312060549
1388500200000,1777.1190915054326,1361.8776568940152,472.90673074856943,111.70044800470538,287.174425149479
1388500800000,1819.8816166500924,1508.5640770161624,450.4176394163191,124.25366785952166,305.73520792852145
1388501400000,1868.0788303696775,1291.2718983008883,416.5341671267935,105.42722957625152,299.90047968456486
1388502000000,1809.5778534309836,1150.2911175674694,385.50616568115584,85.92727435599674,274.7742181233193
1388502600000,1793.8497958547828,1139.2704617694685,392.5509772465006,97.34848425726368,325.33108482247724
1388503200000,1950.4168302184569,1095.1574747249351,421.4595239024308,110.93407679976255,293.66422664016
1388503800000,1821.1635913476782,1328.4610088209265,391.2701371483369,104.21069616783292,261.77994462467205
1388504400000,1911.5936410466645,1211.6299831962988,379.8702340416999,98.61998256423504,261.4361556923823
1388505000000,1723.8577315384769,1168.8468332250725,385.2354636429799,117.74839487733662,235.51365198405313
1388505600000,1806.7549833256014,1146.9869281733495,369.8066511215425,113.16330487691735,226.3723426143959
1388506200000,1779.2719567851727,1206.7722097998449,400.6430448446612,110.80980704980016,263.199219228752
1388506800000,1696.833620171529,1075.1102425077477,348.0765530482029,101.27042094469847,260.6112781050773
1388507400000,1663.511757119394,1099.1503622101463,367.8677206348075,108.15486875968386,239.3718021372033
1388508000000,1585.1030983713358,1055.8205295072587,341.4175153772426,110.82657317427875,286.7015778531656
1388508600000,1490.8063735262353,1042.3355351447974,324.21606185027355,100.91412814674912,284.96512407101517
1388509200000,1364.1212709706606,1004.7195865052984,310.64963914992376,95.91078288795346,275.55623086532546
1388509800000,1369.178875941892,906.5851100536937,301.23191879612267,102.10341858000848,276.6401746269429
1388510400000,1159.407899879869,834.6265701177524,272.76634635010186,100.02142603804167,287.45915928158706
1388511000000,1091.2405463144853,820.3756884515799,287.9605981167842,95.70159000922557,327.3463604878041
1388511600000,1162.6558700899238,879.2769146664926,272.6036267456037,117.6804373014808,318.73111259227517
1388512200000,897.7660262526798,771.0538895899632,271.38258239987346,90.89718434959158,317.0469138062203
1388512800000,920.0245822348559,856.4930575441639,279.20837761315875,114.58478840479692,289.8910604820429
1388513400000,851.0496842355791,731.6064609113088,252.56584276662628,117.28947779176664,321.28837311893375
1388514000000,742.0319745311427,723.4639241591838,274.9402900107528,104.02303454426743,353.9936093028234
1388514600000,707.1328880403987,717.6754244080995,246.42122471539867,109.61324034175085,348.5423830741627
1388515200000,717.6934248549627,701.8956390850905,247.33569533711565,131.3669978903816,332.0504109472106
1388515800000,725.3192900832864,661.5315191636005,259.6007683236441,125.63556641335407,297.7105810547581
1388516400000,766.356495974107,719.5157415370662,232.47859315893774,129.94889494786872,290.8204946529665
1388517000000,663.6279344271655,675.4843347420535,233.03936295922853,109.17112589379913,341.4012648609739
1388517600000,690.7066658963723,779.3646350411706,362.8745400632272,99.14528831603242,413.28741663715056
1388518200000,607.560157378616,611.0948313380737,332.2270518045088,92.16194918073965,396.52181514139465
1388518800000,593.3631728519697,751.9995474531653,400.7349672809423,101.40123329418657,414.72819192836306
1388519400000,574.1864931050121,670.7810698207528,397.2283725304854,100.35134284864624,402.1915912795167
1388520000000,571.2855256633662,747.8209681370394,496.33599259234506,114.15577464448428,395.9699512660423
1388520600000,671.6736065887435,802.5618138212133,442.7283755629861,95.26284463250785,432.5016285172303
1388521200000,638.6838137921477,731.0935705213093,565.3111540330527,110.5400025315576,438.43364530787693
1388521800000,576.2153053561084,852.5575156313437,449.65959789691993,102.75120802301765,494.3719882589527
1388522400000,654.5146600306764,894.1256085765807,497.2945021013765,93.41527124542402,442.5686730199901
1388523000000,693.9405542876652,954.694167791038,455.17132707345706,104.96301463318358,447.8896204659674
1388523600000,765.3900104456409,1002.9306842825044,473.20389548425817,85.24252325779197,463.8139332835799
1388524200000,705.0905785453333,1012.0027823283915,447.0824751091582,103.95640097643965,443.62581834269076
1388524800000,705.0200647251196,1168.0685981720223,447.8033413765677,108.72952779771053,480.15036084079
1388525400000,643.5426044230444,1171.9200525153458,467.12574956340956,91.17062844364516,450.7878997029379
1388526000000,682.3964209479867,1120.8899455233577,431.54651359984985,98.78123671305602,433.6087268470061
1388526600000,708.8626913655262,1240.7446216983367,434.17950396980774,89.36760730494423,414.9083055002446
1388527200000,671.4977539164468,1306.3344433666348,436.48289550724274,100.38673645035212,426.051419806181
1388527800000,678.5689857921726,1510.5097425909132,419.07397597433373,102.30925930762155,365.3646571788058
1388528400000,666.4350385592236,1666.520784734524,511.9360611919643,96.5529714050299,367.2074688496096
1388529000000,791.7612457681222,1719.3410348837556,456.03583040125835,107.58603107396635,393.57631950847974
1388529600000,691.7035114639662,2145.4217824427365,550.7727568727834,136.55227586789647,402.1741635207191
1388530200000,773.2021590293313,2267.549533380084,570.9700404968681,128.29686645909166,390.04402659959453
